NODES 162
DIM 6 1
DIM 6 1
DIM 6 1
DIM 6 1
DIM 6 1
DIM 6 1
DIM 6 1
DIM 6 1
DIM 6 1
DIM 6 1
DIM 6 1
DIM 6 1
DIM 6 1
DIM 6 1
DIM 6 1
DIM 6 1
DIM 6 1
DIM 6 1
DIM 6 1
DIM 6 1
DIM 6 1
DIM 6 1
DIM 6 1
DIM 6 1
DIM 6 1
DIM 6 1
DIM 6 1
DIM 6 1
DIM 6 1
DIM 6 1
DIM 6 1
DIM 6 1
DIM 6 1
DIM 6 1
DIM 6 1
DIM 6 1
DIM 6 1
DIM 6 1
DIM 6 1
DIM 6 1
DIM 6 1
DIM 6 1
DIM 6 1
DIM 6 1
DIM 6 1
DIM 6 1
DIM 6 1
DIM 6 1
DIM 6 1
DIM 6 1
DIM 6 1
DIM 6 1
DIM 6 1
DIM 6 1
DIM 6 1
DIM 6 1
DIM 6 1
DIM 6 1
DIM 6 1
DIM 6 1
DIM 6 1
DIM 6 1
DIM 6 1
DIM 9 1
DIM 9 1
DIM 9 1
DIM 10 1
DIM 10 1
DIM 10 1
DIM 9 1
DIM 9 1
DIM 9 1
DIM 6 1
DIM 6 1
DIM 6 1
DIM 6 1
DIM 6 1
DIM 6 1
DIM 6 1
DIM 6 1
DIM 6 1
DIM 6 1
DIM 6 1
DIM 6 1
DIM 6 1
DIM 6 1
DIM 6 1
DIM 6 1
DIM 6 1
DIM 6 1
DIM 6 1
DIM 6 1
DIM 6 1
DIM 6 1
DIM 6 1
DIM 106 1
DIM 106 1
DIM 106 1
DIM 106 1
DIM 106 1
DIM 68 1
DIM 68 1
DIM 68 1
DIM 68 1
DIM 68 1
DIM 68 1
DIM 68 1
DIM 68 1
DIM 68 1
DIM 68 1
DIM 68 1
DIM 68 1
DIM 68 1
DIM 68 1
DIM 68 1
DIM 68 1
DIM 68 1
DIM 68 1
DIM 68 1
DIM 68 1
DIM 68 1
DIM 68 1
DIM 68 1
DIM 68 1
DIM 68 1
DIM 68 1
DIM 68 1
DIM 68 1
DIM 68 1
DIM 68 1
DIM 68 1
DIM 68 1
DIM 68 1
DIM 68 1
DIM 68 1
DIM 68 1
DIM 68 1
DIM 68 1
DIM 68 1
DIM 68 1
DIM 68 1
DIM 68 1
DIM 68 1
DIM 68 1
DIM 68 1
DIM 68 1
DIM 68 1
DIM 68 1
DIM 68 1
DIM 68 1
DIM 68 1
DIM 68 1
DIM 68 1
DIM 68 1
DIM 68 1
DIM 68 1
DIM 68 1
DIM 68 1
DIM 68 1
DIM 68 1
DIM 68 1
DIM 68 1
NODE 0 -36.18584 0.5 0.9293594
NODE 1 -36.18584 0.5 0.4293594
NODE 2 -36.18584 0.5 -0.07064056
NODE 3 -36.18584 0.5 -0.5706406
NODE 4 -36.18584 0.5 -1.070641
NODE 5 -36.18584 0.5 -1.570641
NODE 6 -35.68584 0.5 0.9293594
NODE 7 -35.68584 0.5 0.4293594
NODE 8 -35.68584 0.5 -0.07064056
NODE 9 -35.68584 0.5 -0.5706406
NODE 10 -35.68584 0.5 -1.070641
NODE 11 -35.68584 0.5 -1.570641
NODE 12 -35.18584 0.5 0.9293594
NODE 13 -35.18584 0.5 0.4293594
NODE 14 -35.18584 0.5 -0.07064056
NODE 15 -35.18584 0.5 -0.5706406
NODE 16 -35.18584 0.5 -1.070641
NODE 17 -35.18584 0.5 -1.570641
NODE 18 -34.68584 0.5 0.9293594
NODE 19 -34.68584 0.5 0.4293594
NODE 20 -34.68584 0.5 -0.07064056
NODE 21 -34.68584 0.5 -0.5706406
NODE 22 -34.68584 0.5 -1.070641
NODE 23 -34.68584 0.5 -1.570641
NODE 24 -34.18584 0.5 0.9293594
NODE 25 -34.18584 0.5 0.4293594
NODE 26 -34.18584 0.5 -0.07064056
NODE 27 -34.18584 0.5 -0.5706406
NODE 28 -34.18584 0.5 -1.070641
NODE 29 -34.18584 0.5 -1.570641
NODE 30 -33.68584 0.5 0.9293594
NODE 31 -33.68584 0.5 0.4293594
NODE 32 -33.68584 0.5 -0.07064056
NODE 33 -33.68584 0.5 -0.5706406
NODE 34 -33.68584 0.5 -1.070641
NODE 35 -33.68584 0.5 -1.570641
NODE 36 -33.18584 0.5 0.9293594
NODE 37 -33.18584 0.5 0.4293594
NODE 38 -33.18584 0.5 -0.07064056
NODE 39 -33.18584 0.5 -0.5706406
NODE 40 -33.18584 0.5 -1.070641
NODE 41 -33.18584 0.5 -1.570641
NODE 42 -32.68584 0.5 0.9293594
NODE 43 -32.68584 0.5 0.4293594
NODE 44 -32.68584 0.5 -0.07064056
NODE 45 -32.68584 0.5 -0.5706406
NODE 46 -32.68584 0.5 -1.070641
NODE 47 -32.68584 0.5 -1.570641
NODE 48 -32.18584 0.5 0.9293594
NODE 49 -32.18584 0.5 0.4293594
NODE 50 -32.18584 0.5 -0.07064056
NODE 51 -32.18584 0.5 -0.5706406
NODE 52 -32.18584 0.5 -1.070641
NODE 53 -32.18584 0.5 -1.570641
NODE 54 -31.68584 0.5 0.9293594
NODE 55 -31.68584 0.5 0.4293594
NODE 56 -31.68584 0.5 -0.07064056
NODE 57 -31.68584 0.5 -0.5706406
NODE 58 -31.68584 0.5 -1.070641
NODE 59 -31.68584 0.5 -1.570641
NODE 60 -31.18584 0.5 0.9293594
NODE 61 -31.18584 0.5 0.4293594
NODE 62 -31.18584 0.5 -0.07064056
NODE 63 -31.18584 0.5 -0.5706406
NODE 64 -31.18584 0.5 -1.070641
NODE 65 -31.18584 0.5 -1.570641
NODE 66 -30.68584 0.5 0.9293594
NODE 67 -30.68584 0.5 0.4293594
NODE 68 -30.68584 0.5 -0.07064056
NODE 69 -30.68584 0.5 -0.5706406
NODE 70 -30.68584 0.5 -1.070641
NODE 71 -30.68584 0.5 -1.570641
NODE 72 -30.18584 0.5 0.9293594
NODE 73 -30.18584 0.5 0.4293594
NODE 74 -30.18584 0.5 -0.07064056
NODE 75 -30.18584 0.5 -0.5706406
NODE 76 -30.18584 0.5 -1.070641
NODE 77 -30.18584 0.5 -1.570641
NODE 78 -29.68584 0.5 0.9293594
NODE 79 -29.68584 0.5 0.4293594
NODE 80 -29.68584 0.5 -0.07064056
NODE 81 -29.68584 0.5 -0.5706406
NODE 82 -29.68584 0.5 -1.070641
NODE 83 -29.68584 0.5 -1.570641
NODE 84 -29.18584 0.5 0.9293594
NODE 85 -29.18584 0.5 0.4293594
NODE 86 -29.18584 0.5 -0.07064056
NODE 87 -29.18584 0.5 -0.5706406
NODE 88 -29.18584 0.5 -1.070641
NODE 89 -29.18584 0.5 -1.570641
NODE 90 -28.68584 0.5 0.9293594
NODE 91 -28.68584 0.5 0.4293594
NODE 92 -28.68584 0.5 -0.07064056
NODE 93 -28.68584 0.5 -0.5706406
NODE 94 -28.68584 0.5 -1.070641
NODE 95 -28.68584 0.5 -1.570641
NODE 96 -28.18584 0.5 0.9293594
NODE 97 -28.18584 0.5 0.4293594
NODE 98 -28.18584 0.5 -0.07064056
NODE 99 -28.18584 0.5 -0.5706406
NODE 100 -28.18584 0.5 -1.070641
NODE 101 -28.18584 0.5 -1.570641
NODE 102 -27.68584 0.5 0.9293594
NODE 103 -27.68584 0.5 0.4293594
NODE 104 -27.68584 0.5 -0.07064056
NODE 105 -27.68584 0.5 -0.5706406
NODE 106 -27.68584 0.5 -1.070641
NODE 107 -27.68584 0.5 -1.570641
NODE 108 -27.18584 0.5 0.9293594
NODE 109 -27.18584 0.5 0.4293594
NODE 110 -27.18584 0.5 -0.07064056
NODE 111 -27.18584 0.5 -0.5706406
NODE 112 -27.18584 0.5 -1.070641
NODE 113 -27.18584 0.5 -1.570641
NODE 114 -26.68584 0.5 0.9293594
NODE 115 -26.68584 0.5 0.4293594
NODE 116 -26.68584 0.5 -0.07064056
NODE 117 -26.68584 0.5 -0.5706406
NODE 118 -26.68584 0.5 -1.070641
NODE 119 -26.68584 0.5 -1.570641
NODE 120 -26.18584 0.5 0.9293594
NODE 121 -26.18584 0.5 0.4293594
NODE 122 -26.18584 0.5 -0.07064056
NODE 123 -26.18584 0.5 -0.5706406
NODE 124 -26.18584 0.5 -1.070641
NODE 125 -26.18584 0.5 -1.570641
NODE 126 -25.68584 0.5 0.9293594
NODE 127 -25.68584 0.5 0.4293594
NODE 128 -25.68584 0.5 -0.07064056
NODE 129 -25.68584 0.5 -0.5706406
NODE 130 -25.68584 0.5 -1.070641
NODE 131 -25.68584 0.5 -1.570641
NODE 132 -25.18584 0.5 0.9293594
NODE 133 -25.18584 0.5 0.4293594
NODE 134 -25.18584 0.5 -0.07064056
NODE 135 -25.18584 0.5 -0.5706406
NODE 136 -25.18584 0.5 -1.070641
NODE 137 -25.18584 0.5 -1.570641
NODE 138 -24.68584 0.5 0.9293594
NODE 139 -24.68584 0.5 0.4293594
NODE 140 -24.68584 0.5 -0.07064056
NODE 141 -24.68584 0.5 -0.5706406
NODE 142 -24.68584 0.5 -1.070641
NODE 143 -24.68584 0.5 -1.570641
NODE 144 -24.18584 0.5 0.9293594
NODE 145 -24.18584 0.5 0.4293594
NODE 146 -24.18584 0.5 -0.07064056
NODE 147 -24.18584 0.5 -0.5706406
NODE 148 -24.18584 0.5 -1.070641
NODE 149 -24.18584 0.5 -1.570641
NODE 150 -23.68584 0.5 0.9293594
NODE 151 -23.68584 0.5 0.4293594
NODE 152 -23.68584 0.5 -0.07064056
NODE 153 -23.68584 0.5 -0.5706406
NODE 154 -23.68584 0.5 -1.070641
NODE 155 -23.68584 0.5 -1.570641
NODE 156 -23.18584 0.5 0.9293594
NODE 157 -23.18584 0.5 0.4293594
NODE 158 -23.18584 0.5 -0.07064056
NODE 159 -23.18584 0.5 -0.5706406
NODE 160 -23.18584 0.5 -1.070641
NODE 161 -23.18584 0.5 -1.570641
NODE 162 -22.68584 0.5 0.9293594
NODE 163 -22.68584 0.5 0.4293594
NODE 164 -22.68584 0.5 -0.07064056
NODE 165 -22.68584 0.5 -0.5706406
NODE 166 -22.68584 0.5 -1.070641
NODE 167 -22.68584 0.5 -1.570641
NODE 168 -22.18584 0.5 0.9293594
NODE 169 -22.18584 0.5 0.4293594
NODE 170 -22.18584 0.5 -0.07064056
NODE 171 -22.18584 0.5 -0.5706406
NODE 172 -22.18584 0.5 -1.070641
NODE 173 -22.18584 0.5 -1.570641
NODE 174 -21.68584 0.5 0.9293594
NODE 175 -21.68584 0.5 0.4293594
NODE 176 -21.68584 0.5 -0.07064056
NODE 177 -21.68584 0.5 -0.5706406
NODE 178 -21.68584 0.5 -1.070641
NODE 179 -21.68584 0.5 -1.570641
NODE 180 -21.18584 0.5 0.9293594
NODE 181 -21.18584 0.5 0.4293594
NODE 182 -21.18584 0.5 -0.07064056
NODE 183 -21.18584 0.5 -0.5706406
NODE 184 -21.18584 0.5 -1.070641
NODE 185 -21.18584 0.5 -1.570641
NODE 186 -20.68584 0.5 0.9293594
NODE 187 -20.68584 0.5 0.4293594
NODE 188 -20.68584 0.5 -0.07064056
NODE 189 -20.68584 0.5 -0.5706406
NODE 190 -20.68584 0.5 -1.070641
NODE 191 -20.68584 0.5 -1.570641
NODE 192 -20.18584 0.5 0.9293594
NODE 193 -20.18584 0.5 0.4293594
NODE 194 -20.18584 0.5 -0.07064056
NODE 195 -20.18584 0.5 -0.5706406
NODE 196 -20.18584 0.5 -1.070641
NODE 197 -20.18584 0.5 -1.570641
NODE 198 -19.68584 0.5 0.9293594
NODE 199 -19.68584 0.5 0.4293594
NODE 200 -19.68584 0.5 -0.07064056
NODE 201 -19.68584 0.5 -0.5706406
NODE 202 -19.68584 0.5 -1.070641
NODE 203 -19.68584 0.5 -1.570641
NODE 204 -19.18584 0.5 0.9293594
NODE 205 -19.18584 0.5 0.4293594
NODE 206 -19.18584 0.5 -0.07064056
NODE 207 -19.18584 0.5 -0.5706406
NODE 208 -19.18584 0.5 -1.070641
NODE 209 -19.18584 0.5 -1.570641
NODE 210 -18.68584 0.5 0.9293594
NODE 211 -18.68584 0.5 0.4293594
NODE 212 -18.68584 0.5 -0.07064056
NODE 213 -18.68584 0.5 -0.5706406
NODE 214 -18.68584 0.5 -1.070641
NODE 215 -18.68584 0.5 -1.570641
NODE 216 -18.18584 0.5 0.9293594
NODE 217 -18.18584 0.5 0.4293594
NODE 218 -18.18584 0.5 -0.07064056
NODE 219 -18.18584 0.5 -0.5706406
NODE 220 -18.18584 0.5 -1.070641
NODE 221 -18.18584 0.5 -1.570641
NODE 222 -17.68584 0.5 0.9293594
NODE 223 -17.68584 0.5 0.4293594
NODE 224 -17.68584 0.5 -0.07064056
NODE 225 -17.68584 0.5 -0.5706406
NODE 226 -17.68584 0.5 -1.070641
NODE 227 -17.68584 0.5 -1.570641
NODE 228 -17.18584 0.5 0.9293594
NODE 229 -17.18584 0.5 0.4293594
NODE 230 -17.18584 0.5 -0.07064056
NODE 231 -17.18584 0.5 -0.5706406
NODE 232 -17.18584 0.5 -1.070641
NODE 233 -17.18584 0.5 -1.570641
NODE 234 -16.68584 0.5 0.9293594
NODE 235 -16.68584 0.5 0.4293594
NODE 236 -16.68584 0.5 -0.07064056
NODE 237 -16.68584 0.5 -0.5706406
NODE 238 -16.68584 0.5 -1.070641
NODE 239 -16.68584 0.5 -1.570641
NODE 240 -16.18584 0.5 0.9293594
NODE 241 -16.18584 0.5 0.4293594
NODE 242 -16.18584 0.5 -0.07064056
NODE 243 -16.18584 0.5 -0.5706406
NODE 244 -16.18584 0.5 -1.070641
NODE 245 -16.18584 0.5 -1.570641
NODE 246 -15.68584 0.5 0.9293594
NODE 247 -15.68584 0.5 0.4293594
NODE 248 -15.68584 0.5 -0.07064056
NODE 249 -15.68584 0.5 -0.5706406
NODE 250 -15.68584 0.5 -1.070641
NODE 251 -15.68584 0.5 -1.570641
NODE 252 -15.18584 0.5 0.9293594
NODE 253 -15.18584 0.5 0.4293594
NODE 254 -15.18584 0.5 -0.07064056
NODE 255 -15.18584 0.5 -0.5706406
NODE 256 -15.18584 0.5 -1.070641
NODE 257 -15.18584 0.5 -1.570641
NODE 258 -14.68584 0.5 0.9293594
NODE 259 -14.68584 0.5 0.4293594
NODE 260 -14.68584 0.5 -0.07064056
NODE 261 -14.68584 0.5 -0.5706406
NODE 262 -14.68584 0.5 -1.070641
NODE 263 -14.68584 0.5 -1.570641
NODE 264 -14.18584 0.5 0.9293594
NODE 265 -14.18584 0.5 0.4293594
NODE 266 -14.18584 0.5 -0.07064056
NODE 267 -14.18584 0.5 -0.5706406
NODE 268 -14.18584 0.5 -1.070641
NODE 269 -14.18584 0.5 -1.570641
NODE 270 -13.68584 0.5 0.9293594
NODE 271 -13.68584 0.5 0.4293594
NODE 272 -13.68584 0.5 -0.07064056
NODE 273 -13.68584 0.5 -0.5706406
NODE 274 -13.68584 0.5 -1.070641
NODE 275 -13.68584 0.5 -1.570641
NODE 276 -13.18584 0.5 0.9293594
NODE 277 -13.18584 0.5 0.4293594
NODE 278 -13.18584 0.5 -0.07064056
NODE 279 -13.18584 0.5 -0.5706406
NODE 280 -13.18584 0.5 -1.070641
NODE 281 -13.18584 0.5 -1.570641
NODE 282 -12.68584 0.5 0.9293594
NODE 283 -12.68584 0.5 0.4293594
NODE 284 -12.68584 0.5 -0.07064056
NODE 285 -12.68584 0.5 -0.5706406
NODE 286 -12.68584 0.5 -1.070641
NODE 287 -12.68584 0.5 -1.570641
NODE 288 -12.18584 0.5 0.9293594
NODE 289 -12.18584 0.5 0.4293594
NODE 290 -12.18584 0.5 -0.07064056
NODE 291 -12.18584 0.5 -0.5706406
NODE 292 -12.18584 0.5 -1.070641
NODE 293 -12.18584 0.5 -1.570641
NODE 294 -11.68584 0.5 0.9293594
NODE 295 -11.68584 0.5 0.4293594
NODE 296 -11.68584 0.5 -0.07064056
NODE 297 -11.68584 0.5 -0.5706406
NODE 298 -11.68584 0.5 -1.070641
NODE 299 -11.68584 0.5 -1.570641
NODE 300 -11.18584 0.5 0.9293594
NODE 301 -11.18584 0.5 0.4293594
NODE 302 -11.18584 0.5 -0.07064056
NODE 303 -11.18584 0.5 -0.5706406
NODE 304 -11.18584 0.5 -1.070641
NODE 305 -11.18584 0.5 -1.570641
NODE 306 -10.68584 0.5 0.9293594
NODE 307 -10.68584 0.5 0.4293594
NODE 308 -10.68584 0.5 -0.07064056
NODE 309 -10.68584 0.5 -0.5706406
NODE 310 -10.68584 0.5 -1.070641
NODE 311 -10.68584 0.5 -1.570641
NODE 312 -10.18584 0.5 0.9293594
NODE 313 -10.18584 0.5 0.4293594
NODE 314 -10.18584 0.5 -0.07064056
NODE 315 -10.18584 0.5 -0.5706406
NODE 316 -10.18584 0.5 -1.070641
NODE 317 -10.18584 0.5 -1.570641
NODE 318 -9.685837 0.5 0.9293594
NODE 319 -9.685837 0.5 0.4293594
NODE 320 -9.685837 0.5 -0.07064056
NODE 321 -9.685837 0.5 -0.5706406
NODE 322 -9.685837 0.5 -1.070641
NODE 323 -9.685837 0.5 -1.570641
NODE 324 -9.185837 0.5 0.9293594
NODE 325 -9.185837 0.5 0.4293594
NODE 326 -9.185837 0.5 -0.07064056
NODE 327 -9.185837 0.5 -0.5706406
NODE 328 -9.185837 0.5 -1.070641
NODE 329 -9.185837 0.5 -1.570641
NODE 330 -8.685837 0.5 0.9293594
NODE 331 -8.685837 0.5 0.4293594
NODE 332 -8.685837 0.5 -0.07064056
NODE 333 -8.685837 0.5 -0.5706406
NODE 334 -8.685837 0.5 -1.070641
NODE 335 -8.685837 0.5 -1.570641
NODE 336 -8.185837 0.5 0.9293594
NODE 337 -8.185837 0.5 0.4293594
NODE 338 -8.185837 0.5 -0.07064056
NODE 339 -8.185837 0.5 -0.5706406
NODE 340 -8.185837 0.5 -1.070641
NODE 341 -8.185837 0.5 -1.570641
NODE 342 -7.685837 0.5 0.9293594
NODE 343 -7.685837 0.5 0.4293594
NODE 344 -7.685837 0.5 -0.07064056
NODE 345 -7.685837 0.5 -0.5706406
NODE 346 -7.685837 0.5 -1.070641
NODE 347 -7.685837 0.5 -1.570641
NODE 348 -7.185837 0.5 0.9293594
NODE 349 -7.185837 0.5 0.4293594
NODE 350 -7.185837 0.5 -0.07064056
NODE 351 -7.185837 0.5 -0.5706406
NODE 352 -7.185837 0.5 -1.070641
NODE 353 -7.185837 0.5 -1.570641
NODE 354 -6.685837 0.5 0.9293594
NODE 355 -6.685837 0.5 0.4293594
NODE 356 -6.685837 0.5 -0.07064056
NODE 357 -6.685837 0.5 -0.5706406
NODE 358 -6.685837 0.5 -1.070641
NODE 359 -6.685837 0.5 -1.570641
NODE 360 -6.185837 0.5 0.9293594
NODE 361 -6.185837 0.5 0.4293594
NODE 362 -6.185837 0.5 -0.07064056
NODE 363 -6.185837 0.5 -0.5706406
NODE 364 -6.185837 0.5 -1.070641
NODE 365 -6.185837 0.5 -1.570641
NODE 366 -5.685837 0.5 0.9293594
NODE 367 -5.685837 0.5 0.4293594
NODE 368 -5.685837 0.5 -0.07064056
NODE 369 -5.685837 0.5 -0.5706406
NODE 370 -5.685837 0.5 -1.070641
NODE 371 -5.685837 0.5 -1.570641
NODE 372 -5.185837 0.5 0.9293594
NODE 373 -5.185837 0.5 0.4293594
NODE 374 -5.185837 0.5 -0.07064056
NODE 375 -5.185837 0.5 -0.5706406
NODE 376 -5.185837 0.5 -1.070641
NODE 377 -5.185837 0.5 -1.570641
NODE 378 -4.685837 4.767455 2.929359
NODE 379 -4.685837 4.767455 2.429359
NODE 380 -4.685837 4.767455 1.929359
NODE 381 -4.685837 4.767455 1.429359
NODE 382 -4.685837 0.5 0.4293594
NODE 383 -4.685837 0.5 -0.07064056
NODE 384 -4.685837 0.5 -0.5706406
NODE 385 -4.685837 0.5 -1.070641
NODE 386 -4.685837 0.5 -1.570641
NODE 387 -4.185837 4.767455 2.929359
NODE 388 -4.185837 4.767455 2.429359
NODE 389 -4.185837 4.767455 1.929359
NODE 390 -4.185837 4.767455 1.429359
NODE 391 -4.185837 0.5 0.4293594
NODE 392 -4.185837 0.5 -0.07064056
NODE 393 -4.185837 0.5 -0.5706406
NODE 394 -4.185837 0.5 -1.070641
NODE 395 -4.185837 0.5 -1.570641
NODE 396 -3.685837 4.767455 2.929359
NODE 397 -3.685837 4.767455 2.429359
NODE 398 -3.685837 4.767455 1.929359
NODE 399 -3.685837 4.767455 1.429359
NODE 400 -3.685837 0.5 0.4293594
NODE 401 -3.685837 0.5 -0.07064056
NODE 402 -3.685837 0.5 -0.5706406
NODE 403 -3.685837 0.5 -1.070641
NODE 404 -3.685837 0.5 -1.570641
NODE 405 -3.185837 0.5013762 2.929359
NODE 407 -3.185837 0.5013762 2.429359
NODE 409 -3.185837 0.5013762 1.929359
NODE 411 -3.185837 0.5013762 1.429359
NODE 413 -3.185837 0.5 0.9293594
NODE 414 -3.185837 0.5 0.4293594
NODE 415 -3.185837 0.5 -0.07064056
NODE 416 -3.185837 0.5 -0.5706406
NODE 417 -3.185837 0.5 -1.070641
NODE 418 -3.185837 0.5 -1.570641
NODE 419 -2.685837 0.5013762 2.929359
NODE 421 -2.685837 0.5013762 2.429359
NODE 423 -2.685837 0.5013762 1.929359
NODE 425 -2.685837 0.5013762 1.429359
NODE 427 -2.685837 0.5 0.9293594
NODE 428 -2.685837 0.5 0.4293594
NODE 429 -2.685837 0.5 -0.07064056
NODE 430 -2.685837 0.5 -0.5706406
NODE 431 -2.685837 0.5 -1.070641
NODE 432 -2.685837 0.5 -1.570641
NODE 433 -2.185837 0.5013762 2.929359
NODE 435 -2.185837 0.5013762 2.429359
NODE 437 -2.185837 0.5013762 1.929359
NODE 439 -2.185837 0.5013762 1.429359
NODE 441 -2.185837 0.5 0.9293594
NODE 442 -2.185837 0.5 0.4293594
NODE 443 -2.185837 0.5 -0.07064056
NODE 444 -2.185837 0.5 -0.5706406
NODE 445 -2.185837 0.5 -1.070641
NODE 446 -2.185837 0.5 -1.570641
NODE 447 -1.685837 4.767455 2.929359
NODE 448 -1.685837 4.767455 2.429359
NODE 449 -1.685837 4.767455 1.929359
NODE 450 -1.685837 4.767455 1.429359
NODE 451 -1.685837 0.5 0.4293594
NODE 452 -1.685837 0.5 -0.07064056
NODE 453 -1.685837 0.5 -0.5706406
NODE 454 -1.685837 0.5 -1.070641
NODE 455 -1.685837 0.5 -1.570641
NODE 456 -1.185837 4.767455 2.929359
NODE 457 -1.185837 4.767455 2.429359
NODE 458 -1.185837 4.767455 1.929359
NODE 459 -1.185837 4.767455 1.429359
NODE 460 -1.185837 0.5 0.4293594
NODE 461 -1.185837 0.5 -0.07064056
NODE 462 -1.185837 0.5 -0.5706406
NODE 463 -1.185837 0.5 -1.070641
NODE 464 -1.185837 0.5 -1.570641
NODE 465 -0.6858368 4.767455 2.929359
NODE 466 -0.6858368 4.767455 2.429359
NODE 467 -0.6858368 4.767455 1.929359
NODE 468 -0.6858368 4.767455 1.429359
NODE 469 -0.6858368 0.5 0.4293594
NODE 470 -0.6858368 0.5 -0.07064056
NODE 471 -0.6858368 0.5 -0.5706406
NODE 472 -0.6858368 0.5 -1.070641
NODE 473 -0.6858368 0.5 -1.570641
NODE 474 -0.1858368 0.5 0.9293594
NODE 475 -0.1858368 0.5 0.4293594
NODE 476 -0.1858368 0.5 -0.07064056
NODE 477 -0.1858368 0.5 -0.5706406
NODE 478 -0.1858368 0.5 -1.070641
NODE 479 -0.1858368 0.5 -1.570641
NODE 480 0.3141632 0.5 0.9293594
NODE 481 0.3141632 0.5 0.4293594
NODE 482 0.3141632 0.5 -0.07064056
NODE 483 0.3141632 0.5 -0.5706406
NODE 484 0.3141632 0.5 -1.070641
NODE 485 0.3141632 0.5 -1.570641
NODE 486 0.8141632 0.5 0.9293594
NODE 487 0.8141632 0.5 0.4293594
NODE 488 0.8141632 0.5 -0.07064056
NODE 489 0.8141632 0.5 -0.5706406
NODE 490 0.8141632 0.5 -1.070641
NODE 491 0.8141632 0.5 -1.570641
NODE 492 1.314163 0.5 0.9293594
NODE 493 1.314163 0.5 0.4293594
NODE 494 1.314163 0.5 -0.07064056
NODE 495 1.314163 0.5 -0.5706406
NODE 496 1.314163 0.5 -1.070641
NODE 497 1.314163 0.5 -1.570641
NODE 498 1.814163 0.5 0.9293594
NODE 499 1.814163 0.5 0.4293594
NODE 500 1.814163 0.5 -0.07064056
NODE 501 1.814163 0.5 -0.5706406
NODE 502 1.814163 0.5 -1.070641
NODE 503 1.814163 0.5 -1.570641
NODE 504 2.314163 0.5 0.9293594
NODE 505 2.314163 0.5 0.4293594
NODE 506 2.314163 0.5 -0.07064056
NODE 507 2.314163 0.5 -0.5706406
NODE 508 2.314163 0.5 -1.070641
NODE 509 2.314163 0.5 -1.570641
NODE 510 2.814163 0.5 0.9293594
NODE 511 2.814163 0.5 0.4293594
NODE 512 2.814163 0.5 -0.07064056
NODE 513 2.814163 0.5 -0.5706406
NODE 514 2.814163 0.5 -1.070641
NODE 515 2.814163 0.5 -1.570641
NODE 516 3.314163 0.5 0.9293594
NODE 517 3.314163 0.5 0.4293594
NODE 518 3.314163 0.5 -0.07064056
NODE 519 3.314163 0.5 -0.5706406
NODE 520 3.314163 0.5 -1.070641
NODE 521 3.314163 0.5 -1.570641
NODE 522 3.814163 0.5 0.9293594
NODE 523 3.814163 0.5 0.4293594
NODE 524 3.814163 0.5 -0.07064056
NODE 525 3.814163 0.5 -0.5706406
NODE 526 3.814163 0.5 -1.070641
NODE 527 3.814163 0.5 -1.570641
NODE 528 4.314163 0.5 0.9293594
NODE 529 4.314163 0.5 0.4293594
NODE 530 4.314163 0.5 -0.07064056
NODE 531 4.314163 0.5 -0.5706406
NODE 532 4.314163 0.5 -1.070641
NODE 533 4.314163 0.5 -1.570641
NODE 534 4.814163 0.5 0.9293594
NODE 535 4.814163 0.5 0.4293594
NODE 536 4.814163 0.5 -0.07064056
NODE 537 4.814163 0.5 -0.5706406
NODE 538 4.814163 0.5 -1.070641
NODE 539 4.814163 0.5 -1.570641
NODE 540 5.314163 0.5 0.9293594
NODE 541 5.314163 0.5 0.4293594
NODE 542 5.314163 0.5 -0.07064056
NODE 543 5.314163 0.5 -0.5706406
NODE 544 5.314163 0.5 -1.070641
NODE 545 5.314163 0.5 -1.570641
NODE 546 5.814163 0.5 0.9293594
NODE 547 5.814163 0.5 0.4293594
NODE 548 5.814163 0.5 -0.07064056
NODE 549 5.814163 0.5 -0.5706406
NODE 550 5.814163 0.5 -1.070641
NODE 551 5.814163 0.5 -1.570641
NODE 552 6.314163 0.5 0.9293594
NODE 553 6.314163 0.5 0.4293594
NODE 554 6.314163 0.5 -0.07064056
NODE 555 6.314163 0.5 -0.5706406
NODE 556 6.314163 0.5 -1.070641
NODE 557 6.314163 0.5 -1.570641
NODE 558 6.814163 0.5 0.9293594
NODE 559 6.814163 0.5 0.4293594
NODE 560 6.814163 0.5 -0.07064056
NODE 561 6.814163 0.5 -0.5706406
NODE 562 6.814163 0.5 -1.070641
NODE 563 6.814163 0.5 -1.570641
NODE 564 7.314163 0.5 0.9293594
NODE 565 7.314163 0.5 0.4293594
NODE 566 7.314163 0.5 -0.07064056
NODE 567 7.314163 0.5 -0.5706406
NODE 568 7.314163 0.5 -1.070641
NODE 569 7.314163 0.5 -1.570641
NODE 570 7.814163 0.5 0.9293594
NODE 571 7.814163 0.5 0.4293594
NODE 572 7.814163 0.5 -0.07064056
NODE 573 7.814163 0.5 -0.5706406
NODE 574 7.814163 0.5 -1.070641
NODE 575 7.814163 0.5 -1.570641
NODE 576 8.314163 0.5 0.9293594
NODE 577 8.314163 0.5 0.4293594
NODE 578 8.314163 0.5 -0.07064056
NODE 579 8.314163 0.5 -0.5706406
NODE 580 8.314163 0.5 -1.070641
NODE 581 8.314163 0.5 -1.570641
NODE 582 8.814163 0.5 0.9293594
NODE 583 8.814163 0.5 0.4293594
NODE 584 8.814163 0.5 -0.07064056
NODE 585 8.814163 0.5 -0.5706406
NODE 586 8.814163 0.5 -1.070641
NODE 587 8.814163 0.5 -1.570641
NODE 588 9.314163 0.5 0.9293594
NODE 589 9.314163 0.5 0.4293594
NODE 590 9.314163 0.5 -0.07064056
NODE 591 9.314163 0.5 -0.5706406
NODE 592 9.314163 0.5 -1.070641
NODE 593 9.314163 0.5 -1.570641
NODE 594 9.814163 0.5 0.9293594
NODE 595 9.814163 0.5 0.4293594
NODE 596 9.814163 0.5 -0.07064056
NODE 597 9.814163 0.5 -0.5706406
NODE 598 9.814163 0.5 -1.070641
NODE 599 9.814163 0.5 -1.570641
NODE 600 10.31416 0.5 0.9293594
NODE 601 10.31416 0.5 0.4293594
NODE 602 10.31416 0.5 -0.07064056
NODE 603 10.31416 0.5 -0.5706406
NODE 604 10.31416 0.5 -1.070641
NODE 605 10.31416 0.5 -1.570641
NODE 606 10.81416 0.5 0.9293594
NODE 607 10.81416 0.5 0.4293594
NODE 608 10.81416 0.5 -0.07064056
NODE 609 10.81416 0.5 -0.5706406
NODE 610 10.81416 0.5 -1.070641
NODE 611 10.81416 0.5 -1.570641
NODE 612 11.31416 0.5 13.92936
NODE 613 11.31416 0.5 13.42936
NODE 614 11.31416 0.5 12.92936
NODE 615 11.31416 0.5 12.42936
NODE 616 11.31416 0.5 11.92936
NODE 617 11.31416 0.5 11.42936
NODE 618 11.31416 0.5 10.92936
NODE 619 11.31416 0.5 10.42936
NODE 620 11.31416 0.5 9.929359
NODE 621 11.31416 0.5 9.429359
NODE 622 11.31416 0.5 8.929359
NODE 623 11.31416 0.5 8.429359
NODE 624 11.31416 0.5 7.929359
NODE 625 11.31416 0.5 7.429359
NODE 626 11.31416 0.5 6.929359
NODE 627 11.31416 0.5 6.429359
NODE 628 11.31416 0.5 5.929359
NODE 629 11.31416 0.5 5.429359
NODE 630 11.31416 0.5 4.929359
NODE 631 11.31416 0.5 4.429359
NODE 632 11.31416 0.5 3.929359
NODE 633 11.31416 0.5 3.429359
NODE 634 11.31416 0.5 2.929359
NODE 635 11.31416 0.5 2.429359
NODE 636 11.31416 0.5 1.929359
NODE 637 11.31416 0.5 1.429359
NODE 638 11.31416 0.5 0.9293594
NODE 639 11.31416 0.5 0.4293594
NODE 640 11.31416 0.5 -0.07064056
NODE 641 11.31416 0.5 -0.5706407
NODE 642 11.31416 0.5 -1.070641
NODE 643 11.31416 0.5 -1.570641
NODE 644 11.31416 0.5 -2.070641
NODE 645 11.31416 0.5 -2.570641
NODE 646 11.31416 0.5 -3.070641
NODE 647 11.31416 0.5 -3.570641
NODE 648 11.31416 0.5 -4.070641
NODE 649 11.31416 0.5 -4.570641
NODE 650 11.31416 0.5 -5.070641
NODE 651 11.31416 0.5 -5.570641
NODE 652 11.31416 0.5 -6.070641
NODE 653 11.31416 0.5 -6.570641
NODE 654 11.31416 0.5 -7.070641
NODE 655 11.31416 0.5 -7.570641
NODE 656 11.31416 0.5 -8.070641
NODE 657 11.31416 0.5 -8.570641
NODE 658 11.31416 0.5 -9.070641
NODE 659 11.31416 0.5 -9.570641
NODE 660 11.31416 0.5 -10.07064
NODE 661 11.31416 0.5 -10.57064
NODE 662 11.31416 0.5 -11.07064
NODE 663 11.31416 0.5 -11.57064
NODE 664 11.31416 0.5 -12.07064
NODE 665 11.31416 0.5 -12.57064
NODE 666 11.31416 0.5 -13.07064
NODE 667 11.31416 0.5 -13.57064
NODE 668 11.31416 0.5 -14.07064
NODE 669 11.31416 0.5 -14.57064
NODE 670 11.31416 0.5 -15.07064
NODE 671 11.31416 0.5 -15.57064
NODE 672 11.31416 0.5 -16.07064
NODE 673 11.31416 0.5 -16.57064
NODE 674 11.31416 0.5 -17.07064
NODE 675 11.31416 0.5 -17.57064
NODE 676 11.31416 0.5 -18.07064
NODE 677 11.31416 0.5 -18.57064
NODE 678 11.31416 0.5 -19.07064
NODE 679 11.31416 0.5 -19.57064
NODE 680 11.31416 0.5 -20.07064
NODE 681 11.31416 0.5 -20.57064
NODE 682 11.31416 0.5 -21.07064
NODE 683 11.31416 0.5 -21.57064
NODE 684 11.31416 0.5 -22.07064
NODE 685 11.31416 0.5 -22.57064
NODE 686 11.31416 0.5 -23.07064
NODE 687 11.31416 0.5 -23.57064
NODE 688 11.31416 0.5 -24.07064
NODE 689 11.31416 0.5 -24.57064
NODE 690 11.31416 0.5 -25.07064
NODE 691 11.31416 0.5 -25.57064
NODE 692 11.31416 0.5 -26.07064
NODE 693 11.31416 0.5 -26.57064
NODE 694 11.31416 0.5 -27.07064
NODE 695 11.31416 0.5 -27.57064
NODE 696 11.31416 0.5 -28.07064
NODE 697 11.31416 0.5 -28.57064
NODE 698 11.31416 0.5 -29.07064
NODE 699 11.31416 0.5 -29.57064
NODE 700 11.31416 0.5 -30.07064
NODE 701 11.31416 0.5 -30.57064
NODE 702 11.31416 0.5 -31.07064
NODE 703 11.31416 0.5 -31.57064
NODE 704 11.31416 0.5 -32.07064
NODE 705 11.31416 0.5 -32.57064
NODE 706 11.31416 0.5 -33.07064
NODE 707 11.31416 0.5 -33.57064
NODE 708 11.31416 0.5 -34.07064
NODE 709 11.31416 0.5 -34.57064
NODE 710 11.31416 0.5 -35.07064
NODE 711 11.31416 0.5 -35.57064
NODE 712 11.31416 0.5 -36.07064
NODE 713 11.31416 0.5 -36.57064
NODE 714 11.31416 0.5 -37.07064
NODE 715 11.31416 0.5 -37.57064
NODE 716 11.31416 0.5 -38.07064
NODE 717 11.31416 0.5 -38.57064
NODE 718 11.81416 0.5 13.92936
NODE 719 11.81416 0.5 13.42936
NODE 720 11.81416 0.5 12.92936
NODE 721 11.81416 0.5 12.42936
NODE 722 11.81416 0.5 11.92936
NODE 723 11.81416 0.5 11.42936
NODE 724 11.81416 0.5 10.92936
NODE 725 11.81416 0.5 10.42936
NODE 726 11.81416 0.5 9.929359
NODE 727 11.81416 0.5 9.429359
NODE 728 11.81416 0.5 8.929359
NODE 729 11.81416 0.5 8.429359
NODE 730 11.81416 0.5 7.929359
NODE 731 11.81416 0.5 7.429359
NODE 732 11.81416 0.5 6.929359
NODE 733 11.81416 0.5 6.429359
NODE 734 11.81416 0.5 5.929359
NODE 735 11.81416 0.5 5.429359
NODE 736 11.81416 0.5 4.929359
NODE 737 11.81416 0.5 4.429359
NODE 738 11.81416 0.5 3.929359
NODE 739 11.81416 0.5 3.429359
NODE 740 11.81416 0.5 2.929359
NODE 741 11.81416 0.5 2.429359
NODE 742 11.81416 0.5 1.929359
NODE 743 11.81416 0.5 1.429359
NODE 744 11.81416 0.5 0.9293594
NODE 745 11.81416 0.5 0.4293594
NODE 746 11.81416 0.5 -0.07064056
NODE 747 11.81416 0.5 -0.5706407
NODE 748 11.81416 0.5 -1.070641
NODE 749 11.81416 0.5 -1.570641
NODE 750 11.81416 0.5 -2.070641
NODE 751 11.81416 0.5 -2.570641
NODE 752 11.81416 0.5 -3.070641
NODE 753 11.81416 0.5 -3.570641
NODE 754 11.81416 0.5 -4.070641
NODE 755 11.81416 0.5 -4.570641
NODE 756 11.81416 0.5 -5.070641
NODE 757 11.81416 0.5 -5.570641
NODE 758 11.81416 0.5 -6.070641
NODE 759 11.81416 0.5 -6.570641
NODE 760 11.81416 0.5 -7.070641
NODE 761 11.81416 0.5 -7.570641
NODE 762 11.81416 0.5 -8.070641
NODE 763 11.81416 0.5 -8.570641
NODE 764 11.81416 0.5 -9.070641
NODE 765 11.81416 0.5 -9.570641
NODE 766 11.81416 0.5 -10.07064
NODE 767 11.81416 0.5 -10.57064
NODE 768 11.81416 0.5 -11.07064
NODE 769 11.81416 0.5 -11.57064
NODE 770 11.81416 0.5 -12.07064
NODE 771 11.81416 0.5 -12.57064
NODE 772 11.81416 0.5 -13.07064
NODE 773 11.81416 0.5 -13.57064
NODE 774 11.81416 0.5 -14.07064
NODE 775 11.81416 0.5 -14.57064
NODE 776 11.81416 0.5 -15.07064
NODE 777 11.81416 0.5 -15.57064
NODE 778 11.81416 0.5 -16.07064
NODE 779 11.81416 0.5 -16.57064
NODE 780 11.81416 0.5 -17.07064
NODE 781 11.81416 0.5 -17.57064
NODE 782 11.81416 0.5 -18.07064
NODE 783 11.81416 0.5 -18.57064
NODE 784 11.81416 0.5 -19.07064
NODE 785 11.81416 0.5 -19.57064
NODE 786 11.81416 0.5 -20.07064
NODE 787 11.81416 0.5 -20.57064
NODE 788 11.81416 0.5 -21.07064
NODE 789 11.81416 0.5 -21.57064
NODE 790 11.81416 0.5 -22.07064
NODE 791 11.81416 0.5 -22.57064
NODE 792 11.81416 0.5 -23.07064
NODE 793 11.81416 0.5 -23.57064
NODE 794 11.81416 0.5 -24.07064
NODE 795 11.81416 0.5 -24.57064
NODE 796 11.81416 0.5 -25.07064
NODE 797 11.81416 0.5 -25.57064
NODE 798 11.81416 0.5 -26.07064
NODE 799 11.81416 0.5 -26.57064
NODE 800 11.81416 0.5 -27.07064
NODE 801 11.81416 0.5 -27.57064
NODE 802 11.81416 0.5 -28.07064
NODE 803 11.81416 0.5 -28.57064
NODE 804 11.81416 0.5 -29.07064
NODE 805 11.81416 0.5 -29.57064
NODE 806 11.81416 0.5 -30.07064
NODE 807 11.81416 0.5 -30.57064
NODE 808 11.81416 0.5 -31.07064
NODE 809 11.81416 0.5 -31.57064
NODE 810 11.81416 0.5 -32.07064
NODE 811 11.81416 0.5 -32.57064
NODE 812 11.81416 0.5 -33.07064
NODE 813 11.81416 0.5 -33.57064
NODE 814 11.81416 0.5 -34.07064
NODE 815 11.81416 0.5 -34.57064
NODE 816 11.81416 0.5 -35.07064
NODE 817 11.81416 0.5 -35.57064
NODE 818 11.81416 0.5 -36.07064
NODE 819 11.81416 0.5 -36.57064
NODE 820 11.81416 0.5 -37.07064
NODE 821 11.81416 0.5 -37.57064
NODE 822 11.81416 0.5 -38.07064
NODE 823 11.81416 0.5 -38.57064
NODE 824 12.31416 0.5 13.92936
NODE 825 12.31416 0.5 13.42936
NODE 826 12.31416 0.5 12.92936
NODE 827 12.31416 0.5 12.42936
NODE 828 12.31416 0.5 11.92936
NODE 829 12.31416 0.5 11.42936
NODE 830 12.31416 0.5 10.92936
NODE 831 12.31416 0.5 10.42936
NODE 832 12.31416 0.5 9.929359
NODE 833 12.31416 0.5 9.429359
NODE 834 12.31416 0.5 8.929359
NODE 835 12.31416 0.5 8.429359
NODE 836 12.31416 0.5 7.929359
NODE 837 12.31416 0.5 7.429359
NODE 838 12.31416 0.5 6.929359
NODE 839 12.31416 0.5 6.429359
NODE 840 12.31416 0.5 5.929359
NODE 841 12.31416 0.5 5.429359
NODE 842 12.31416 0.5 4.929359
NODE 843 12.31416 0.5 4.429359
NODE 844 12.31416 0.5 3.929359
NODE 845 12.31416 0.5 3.429359
NODE 846 12.31416 0.5 2.929359
NODE 847 12.31416 0.5 2.429359
NODE 848 12.31416 0.5 1.929359
NODE 849 12.31416 0.5 1.429359
NODE 850 12.31416 0.5 0.9293594
NODE 851 12.31416 0.5 0.4293594
NODE 852 12.31416 0.5 -0.07064056
NODE 853 12.31416 0.5 -0.5706407
NODE 854 12.31416 0.5 -1.070641
NODE 855 12.31416 0.5 -1.570641
NODE 856 12.31416 0.5 -2.070641
NODE 857 12.31416 0.5 -2.570641
NODE 858 12.31416 0.5 -3.070641
NODE 859 12.31416 0.5 -3.570641
NODE 860 12.31416 0.5 -4.070641
NODE 861 12.31416 0.5 -4.570641
NODE 862 12.31416 0.5 -5.070641
NODE 863 12.31416 0.5 -5.570641
NODE 864 12.31416 0.5 -6.070641
NODE 865 12.31416 0.5 -6.570641
NODE 866 12.31416 0.5 -7.070641
NODE 867 12.31416 0.5 -7.570641
NODE 868 12.31416 0.5 -8.070641
NODE 869 12.31416 0.5 -8.570641
NODE 870 12.31416 0.5 -9.070641
NODE 871 12.31416 0.5 -9.570641
NODE 872 12.31416 0.5 -10.07064
NODE 873 12.31416 0.5 -10.57064
NODE 874 12.31416 0.5 -11.07064
NODE 875 12.31416 0.5 -11.57064
NODE 876 12.31416 0.5 -12.07064
NODE 877 12.31416 0.5 -12.57064
NODE 878 12.31416 0.5 -13.07064
NODE 879 12.31416 0.5 -13.57064
NODE 880 12.31416 0.5 -14.07064
NODE 881 12.31416 0.5 -14.57064
NODE 882 12.31416 0.5 -15.07064
NODE 883 12.31416 0.5 -15.57064
NODE 884 12.31416 0.5 -16.07064
NODE 885 12.31416 0.5 -16.57064
NODE 886 12.31416 0.5 -17.07064
NODE 887 12.31416 0.5 -17.57064
NODE 888 12.31416 0.5 -18.07064
NODE 889 12.31416 0.5 -18.57064
NODE 890 12.31416 0.5 -19.07064
NODE 891 12.31416 0.5 -19.57064
NODE 892 12.31416 0.5 -20.07064
NODE 893 12.31416 0.5 -20.57064
NODE 894 12.31416 0.5 -21.07064
NODE 895 12.31416 0.5 -21.57064
NODE 896 12.31416 0.5 -22.07064
NODE 897 12.31416 0.5 -22.57064
NODE 898 12.31416 0.5 -23.07064
NODE 899 12.31416 0.5 -23.57064
NODE 900 12.31416 0.5 -24.07064
NODE 901 12.31416 0.5 -24.57064
NODE 902 12.31416 0.5 -25.07064
NODE 903 12.31416 0.5 -25.57064
NODE 904 12.31416 0.5 -26.07064
NODE 905 12.31416 0.5 -26.57064
NODE 906 12.31416 0.5 -27.07064
NODE 907 12.31416 0.5 -27.57064
NODE 908 12.31416 0.5 -28.07064
NODE 909 12.31416 0.5 -28.57064
NODE 910 12.31416 0.5 -29.07064
NODE 911 12.31416 0.5 -29.57064
NODE 912 12.31416 0.5 -30.07064
NODE 913 12.31416 0.5 -30.57064
NODE 914 12.31416 0.5 -31.07064
NODE 915 12.31416 0.5 -31.57064
NODE 916 12.31416 0.5 -32.07064
NODE 917 12.31416 0.5 -32.57064
NODE 918 12.31416 0.5 -33.07064
NODE 919 12.31416 0.5 -33.57064
NODE 920 12.31416 0.5 -34.07064
NODE 921 12.31416 0.5 -34.57064
NODE 922 12.31416 0.5 -35.07064
NODE 923 12.31416 0.5 -35.57064
NODE 924 12.31416 0.5 -36.07064
NODE 925 12.31416 0.5 -36.57064
NODE 926 12.31416 0.5 -37.07064
NODE 927 12.31416 0.5 -37.57064
NODE 928 12.31416 0.5 -38.07064
NODE 929 12.31416 0.5 -38.57064
NODE 930 12.81416 0.5 13.92936
NODE 931 12.81416 0.5 13.42936
NODE 932 12.81416 0.5 12.92936
NODE 933 12.81416 0.5 12.42936
NODE 934 12.81416 0.5 11.92936
NODE 935 12.81416 0.5 11.42936
NODE 936 12.81416 0.5 10.92936
NODE 937 12.81416 0.5 10.42936
NODE 938 12.81416 0.5 9.929359
NODE 939 12.81416 0.5 9.429359
NODE 940 12.81416 0.5 8.929359
NODE 941 12.81416 0.5 8.429359
NODE 942 12.81416 0.5 7.929359
NODE 943 12.81416 0.5 7.429359
NODE 944 12.81416 0.5 6.929359
NODE 945 12.81416 0.5 6.429359
NODE 946 12.81416 0.5 5.929359
NODE 947 12.81416 0.5 5.429359
NODE 948 12.81416 0.5 4.929359
NODE 949 12.81416 0.5 4.429359
NODE 950 12.81416 0.5 3.929359
NODE 951 12.81416 0.5 3.429359
NODE 952 12.81416 0.5 2.929359
NODE 953 12.81416 0.5 2.429359
NODE 954 12.81416 0.5 1.929359
NODE 955 12.81416 0.5 1.429359
NODE 956 12.81416 0.5 0.9293594
NODE 957 12.81416 0.5 0.4293594
NODE 958 12.81416 0.5 -0.07064056
NODE 959 12.81416 0.5 -0.5706407
NODE 960 12.81416 0.5 -1.070641
NODE 961 12.81416 0.5 -1.570641
NODE 962 12.81416 0.5 -2.070641
NODE 963 12.81416 0.5 -2.570641
NODE 964 12.81416 0.5 -3.070641
NODE 965 12.81416 0.5 -3.570641
NODE 966 12.81416 0.5 -4.070641
NODE 967 12.81416 0.5 -4.570641
NODE 968 12.81416 0.5 -5.070641
NODE 969 12.81416 0.5 -5.570641
NODE 970 12.81416 0.5 -6.070641
NODE 971 12.81416 0.5 -6.570641
NODE 972 12.81416 0.5 -7.070641
NODE 973 12.81416 0.5 -7.570641
NODE 974 12.81416 0.5 -8.070641
NODE 975 12.81416 0.5 -8.570641
NODE 976 12.81416 0.5 -9.070641
NODE 977 12.81416 0.5 -9.570641
NODE 978 12.81416 0.5 -10.07064
NODE 979 12.81416 0.5 -10.57064
NODE 980 12.81416 0.5 -11.07064
NODE 981 12.81416 0.5 -11.57064
NODE 982 12.81416 0.5 -12.07064
NODE 983 12.81416 0.5 -12.57064
NODE 984 12.81416 0.5 -13.07064
NODE 985 12.81416 0.5 -13.57064
NODE 986 12.81416 0.5 -14.07064
NODE 987 12.81416 0.5 -14.57064
NODE 988 12.81416 0.5 -15.07064
NODE 989 12.81416 0.5 -15.57064
NODE 990 12.81416 0.5 -16.07064
NODE 991 12.81416 0.5 -16.57064
NODE 992 12.81416 0.5 -17.07064
NODE 993 12.81416 0.5 -17.57064
NODE 994 12.81416 0.5 -18.07064
NODE 995 12.81416 0.5 -18.57064
NODE 996 12.81416 0.5 -19.07064
NODE 997 12.81416 0.5 -19.57064
NODE 998 12.81416 0.5 -20.07064
NODE 999 12.81416 0.5 -20.57064
NODE 1000 12.81416 0.5 -21.07064
NODE 1001 12.81416 0.5 -21.57064
NODE 1002 12.81416 0.5 -22.07064
NODE 1003 12.81416 0.5 -22.57064
NODE 1004 12.81416 0.5 -23.07064
NODE 1005 12.81416 0.5 -23.57064
NODE 1006 12.81416 0.5 -24.07064
NODE 1007 12.81416 0.5 -24.57064
NODE 1008 12.81416 0.5 -25.07064
NODE 1009 12.81416 0.5 -25.57064
NODE 1010 12.81416 0.5 -26.07064
NODE 1011 12.81416 0.5 -26.57064
NODE 1012 12.81416 0.5 -27.07064
NODE 1013 12.81416 0.5 -27.57064
NODE 1014 12.81416 0.5 -28.07064
NODE 1015 12.81416 0.5 -28.57064
NODE 1016 12.81416 0.5 -29.07064
NODE 1017 12.81416 0.5 -29.57064
NODE 1018 12.81416 0.5 -30.07064
NODE 1019 12.81416 0.5 -30.57064
NODE 1020 12.81416 0.5 -31.07064
NODE 1021 12.81416 0.5 -31.57064
NODE 1022 12.81416 0.5 -32.07064
NODE 1023 12.81416 0.5 -32.57064
NODE 1024 12.81416 0.5 -33.07064
NODE 1025 12.81416 0.5 -33.57064
NODE 1026 12.81416 0.5 -34.07064
NODE 1027 12.81416 0.5 -34.57064
NODE 1028 12.81416 0.5 -35.07064
NODE 1029 12.81416 0.5 -35.57064
NODE 1030 12.81416 0.5 -36.07064
NODE 1031 12.81416 0.5 -36.57064
NODE 1032 12.81416 0.5 -37.07064
NODE 1033 12.81416 0.5 -37.57064
NODE 1034 12.81416 0.5 -38.07064
NODE 1035 12.81416 0.5 -38.57064
NODE 1036 13.31416 0.5 13.92936
NODE 1037 13.31416 0.5 13.42936
NODE 1038 13.31416 0.5 12.92936
NODE 1039 13.31416 0.5 12.42936
NODE 1040 13.31416 0.5 11.92936
NODE 1041 13.31416 0.5 11.42936
NODE 1042 13.31416 0.5 10.92936
NODE 1043 13.31416 0.5 10.42936
NODE 1044 13.31416 0.5 9.929359
NODE 1045 13.31416 0.5 9.429359
NODE 1046 13.31416 0.5 8.929359
NODE 1047 13.31416 0.5 8.429359
NODE 1048 13.31416 0.5 7.929359
NODE 1049 13.31416 0.5 7.429359
NODE 1050 13.31416 0.5 6.929359
NODE 1051 13.31416 0.5 6.429359
NODE 1052 13.31416 0.5 5.929359
NODE 1053 13.31416 0.5 5.429359
NODE 1054 13.31416 0.5 4.929359
NODE 1055 13.31416 0.5 4.429359
NODE 1056 13.31416 0.5 3.929359
NODE 1057 13.31416 0.5 3.429359
NODE 1058 13.31416 0.5 2.929359
NODE 1059 13.31416 0.5 2.429359
NODE 1060 13.31416 0.5 1.929359
NODE 1061 13.31416 0.5 1.429359
NODE 1062 13.31416 0.5 0.9293594
NODE 1063 13.31416 0.5 0.4293594
NODE 1064 13.31416 0.5 -0.07064056
NODE 1065 13.31416 0.5 -0.5706407
NODE 1066 13.31416 0.5 -1.070641
NODE 1067 13.31416 0.5 -1.570641
NODE 1068 13.31416 0.5 -2.070641
NODE 1069 13.31416 0.5 -2.570641
NODE 1070 13.31416 0.5 -3.070641
NODE 1071 13.31416 0.5 -3.570641
NODE 1072 13.31416 0.5 -4.070641
NODE 1073 13.31416 0.5 -4.570641
NODE 1074 13.31416 0.5 -5.070641
NODE 1075 13.31416 0.5 -5.570641
NODE 1076 13.31416 0.5 -6.070641
NODE 1077 13.31416 0.5 -6.570641
NODE 1078 13.31416 0.5 -7.070641
NODE 1079 13.31416 0.5 -7.570641
NODE 1080 13.31416 0.5 -8.070641
NODE 1081 13.31416 0.5 -8.570641
NODE 1082 13.31416 0.5 -9.070641
NODE 1083 13.31416 0.5 -9.570641
NODE 1084 13.31416 0.5 -10.07064
NODE 1085 13.31416 0.5 -10.57064
NODE 1086 13.31416 0.5 -11.07064
NODE 1087 13.31416 0.5 -11.57064
NODE 1088 13.31416 0.5 -12.07064
NODE 1089 13.31416 0.5 -12.57064
NODE 1090 13.31416 0.5 -13.07064
NODE 1091 13.31416 0.5 -13.57064
NODE 1092 13.31416 0.5 -14.07064
NODE 1093 13.31416 0.5 -14.57064
NODE 1094 13.31416 0.5 -15.07064
NODE 1095 13.31416 0.5 -15.57064
NODE 1096 13.31416 0.5 -16.07064
NODE 1097 13.31416 0.5 -16.57064
NODE 1098 13.31416 0.5 -17.07064
NODE 1099 13.31416 0.5 -17.57064
NODE 1100 13.31416 0.5 -18.07064
NODE 1101 13.31416 0.5 -18.57064
NODE 1102 13.31416 0.5 -19.07064
NODE 1103 13.31416 0.5 -19.57064
NODE 1104 13.31416 0.5 -20.07064
NODE 1105 13.31416 0.5 -20.57064
NODE 1106 13.31416 0.5 -21.07064
NODE 1107 13.31416 0.5 -21.57064
NODE 1108 13.31416 0.5 -22.07064
NODE 1109 13.31416 0.5 -22.57064
NODE 1110 13.31416 0.5 -23.07064
NODE 1111 13.31416 0.5 -23.57064
NODE 1112 13.31416 0.5 -24.07064
NODE 1113 13.31416 0.5 -24.57064
NODE 1114 13.31416 0.5 -25.07064
NODE 1115 13.31416 0.5 -25.57064
NODE 1116 13.31416 0.5 -26.07064
NODE 1117 13.31416 0.5 -26.57064
NODE 1118 13.31416 0.5 -27.07064
NODE 1119 13.31416 0.5 -27.57064
NODE 1120 13.31416 0.5 -28.07064
NODE 1121 13.31416 0.5 -28.57064
NODE 1122 13.31416 0.5 -29.07064
NODE 1123 13.31416 0.5 -29.57064
NODE 1124 13.31416 0.5 -30.07064
NODE 1125 13.31416 0.5 -30.57064
NODE 1126 13.31416 0.5 -31.07064
NODE 1127 13.31416 0.5 -31.57064
NODE 1128 13.31416 0.5 -32.07064
NODE 1129 13.31416 0.5 -32.57064
NODE 1130 13.31416 0.5 -33.07064
NODE 1131 13.31416 0.5 -33.57064
NODE 1132 13.31416 0.5 -34.07064
NODE 1133 13.31416 0.5 -34.57064
NODE 1134 13.31416 0.5 -35.07064
NODE 1135 13.31416 0.5 -35.57064
NODE 1136 13.31416 0.5 -36.07064
NODE 1137 13.31416 0.5 -36.57064
NODE 1138 13.31416 0.5 -37.07064
NODE 1139 13.31416 0.5 -37.57064
NODE 1140 13.31416 0.5 -38.07064
NODE 1141 13.31416 0.5 -38.57064
NODE 1142 13.81416 0.5 13.92936
NODE 1143 13.81416 0.5 13.42936
NODE 1144 13.81416 0.5 12.92936
NODE 1145 13.81416 0.5 12.42936
NODE 1146 13.81416 0.5 11.92936
NODE 1147 13.81416 0.5 11.42936
NODE 1148 13.81416 0.5 -8.070641
NODE 1149 13.81416 0.5 -8.570641
NODE 1150 13.81416 0.5 -9.070641
NODE 1151 13.81416 0.5 -9.570641
NODE 1152 13.81416 0.5 -10.07064
NODE 1153 13.81416 0.5 -10.57064
NODE 1154 13.81416 0.5 -11.07064
NODE 1155 13.81416 0.5 -11.57064
NODE 1156 13.81416 0.5 -12.07064
NODE 1157 13.81416 0.5 -12.57064
NODE 1158 13.81416 0.5 -13.07064
NODE 1159 13.81416 0.5 -13.57064
NODE 1160 13.81416 0.5 -14.07064
NODE 1161 13.81416 0.5 -14.57064
NODE 1162 13.81416 0.5 -15.07064
NODE 1163 13.81416 0.5 -15.57064
NODE 1164 13.81416 0.5 -16.07064
NODE 1165 13.81416 0.5 -16.57064
NODE 1166 13.81416 0.5 -17.07064
NODE 1167 13.81416 0.5 -17.57064
NODE 1168 13.81416 0.5 -18.07064
NODE 1169 13.81416 0.5 -18.57064
NODE 1170 13.81416 0.5 -19.07064
NODE 1171 13.81416 0.5 -19.57064
NODE 1172 13.81416 0.5 -20.07064
NODE 1173 13.81416 0.5 -20.57064
NODE 1174 13.81416 0.5 -21.07064
NODE 1175 13.81416 0.5 -21.57064
NODE 1176 13.81416 0.5 -22.07064
NODE 1177 13.81416 0.5 -22.57064
NODE 1178 13.81416 0.5 -23.07064
NODE 1179 13.81416 0.5 -23.57064
NODE 1180 13.81416 0.5 -24.07064
NODE 1181 13.81416 0.5 -24.57064
NODE 1182 13.81416 0.5 -25.07064
NODE 1183 13.81416 0.5 -25.57064
NODE 1184 13.81416 0.5 -26.07064
NODE 1185 13.81416 0.5 -26.57064
NODE 1186 13.81416 0.5 -27.07064
NODE 1187 13.81416 0.5 -27.57064
NODE 1188 13.81416 0.5 -28.07064
NODE 1189 13.81416 0.5 -28.57064
NODE 1190 13.81416 0.5 -29.07064
NODE 1191 13.81416 0.5 -29.57064
NODE 1192 13.81416 0.5 -30.07064
NODE 1193 13.81416 0.5 -30.57064
NODE 1194 13.81416 0.5 -31.07064
NODE 1195 13.81416 0.5 -31.57064
NODE 1196 13.81416 0.5 -32.07064
NODE 1197 13.81416 0.5 -32.57064
NODE 1198 13.81416 0.5 -33.07064
NODE 1199 13.81416 0.5 -33.57064
NODE 1200 13.81416 0.5 -34.07064
NODE 1201 13.81416 0.5 -34.57064
NODE 1202 13.81416 0.5 -35.07064
NODE 1203 13.81416 0.5 -35.57064
NODE 1204 13.81416 0.5 -36.07064
NODE 1205 13.81416 0.5 -36.57064
NODE 1206 13.81416 0.5 -37.07064
NODE 1207 13.81416 0.5 -37.57064
NODE 1208 13.81416 0.5 -38.07064
NODE 1209 13.81416 0.5 -38.57064
NODE 1210 14.31416 0.5 13.92936
NODE 1211 14.31416 0.5 13.42936
NODE 1212 14.31416 0.5 12.92936
NODE 1213 14.31416 0.5 12.42936
NODE 1214 14.31416 0.5 11.92936
NODE 1215 14.31416 0.5 11.42936
NODE 1216 14.31416 0.5 -8.070641
NODE 1217 14.31416 0.5 -8.570641
NODE 1218 14.31416 0.5 -9.070641
NODE 1219 14.31416 0.5 -9.570641
NODE 1220 14.31416 0.5 -10.07064
NODE 1221 14.31416 0.5 -10.57064
NODE 1222 14.31416 0.5 -11.07064
NODE 1223 14.31416 0.5 -11.57064
NODE 1224 14.31416 0.5 -12.07064
NODE 1225 14.31416 0.5 -12.57064
NODE 1226 14.31416 0.5 -13.07064
NODE 1227 14.31416 0.5 -13.57064
NODE 1228 14.31416 0.5 -14.07064
NODE 1229 14.31416 0.5 -14.57064
NODE 1230 14.31416 0.5 -15.07064
NODE 1231 14.31416 0.5 -15.57064
NODE 1232 14.31416 0.5 -16.07064
NODE 1233 14.31416 0.5 -16.57064
NODE 1234 14.31416 0.5 -17.07064
NODE 1235 14.31416 0.5 -17.57064
NODE 1236 14.31416 0.5 -18.07064
NODE 1237 14.31416 0.5 -18.57064
NODE 1238 14.31416 0.5 -19.07064
NODE 1239 14.31416 0.5 -19.57064
NODE 1240 14.31416 0.5 -20.07064
NODE 1241 14.31416 0.5 -20.57064
NODE 1242 14.31416 0.5 -21.07064
NODE 1243 14.31416 0.5 -21.57064
NODE 1244 14.31416 0.5 -22.07064
NODE 1245 14.31416 0.5 -22.57064
NODE 1246 14.31416 0.5 -23.07064
NODE 1247 14.31416 0.5 -23.57064
NODE 1248 14.31416 0.5 -24.07064
NODE 1249 14.31416 0.5 -24.57064
NODE 1250 14.31416 0.5 -25.07064
NODE 1251 14.31416 0.5 -25.57064
NODE 1252 14.31416 0.5 -26.07064
NODE 1253 14.31416 0.5 -26.57064
NODE 1254 14.31416 0.5 -27.07064
NODE 1255 14.31416 0.5 -27.57064
NODE 1256 14.31416 0.5 -28.07064
NODE 1257 14.31416 0.5 -28.57064
NODE 1258 14.31416 0.5 -29.07064
NODE 1259 14.31416 0.5 -29.57064
NODE 1260 14.31416 0.5 -30.07064
NODE 1261 14.31416 0.5 -30.57064
NODE 1262 14.31416 0.5 -31.07064
NODE 1263 14.31416 0.5 -31.57064
NODE 1264 14.31416 0.5 -32.07064
NODE 1265 14.31416 0.5 -32.57064
NODE 1266 14.31416 0.5 -33.07064
NODE 1267 14.31416 0.5 -33.57064
NODE 1268 14.31416 0.5 -34.07064
NODE 1269 14.31416 0.5 -34.57064
NODE 1270 14.31416 0.5 -35.07064
NODE 1271 14.31416 0.5 -35.57064
NODE 1272 14.31416 0.5 -36.07064
NODE 1273 14.31416 0.5 -36.57064
NODE 1274 14.31416 0.5 -37.07064
NODE 1275 14.31416 0.5 -37.57064
NODE 1276 14.31416 0.5 -38.07064
NODE 1277 14.31416 0.5 -38.57064
NODE 1278 14.81416 0.5 13.92936
NODE 1279 14.81416 0.5 13.42936
NODE 1280 14.81416 0.5 12.92936
NODE 1281 14.81416 0.5 12.42936
NODE 1282 14.81416 0.5 11.92936
NODE 1283 14.81416 0.5 11.42936
NODE 1284 14.81416 0.5 -8.070641
NODE 1285 14.81416 0.5 -8.570641
NODE 1286 14.81416 0.5 -9.070641
NODE 1287 14.81416 0.5 -9.570641
NODE 1288 14.81416 0.5 -10.07064
NODE 1289 14.81416 0.5 -10.57064
NODE 1290 14.81416 0.5 -11.07064
NODE 1291 14.81416 0.5 -11.57064
NODE 1292 14.81416 0.5 -12.07064
NODE 1293 14.81416 0.5 -12.57064
NODE 1294 14.81416 0.5 -13.07064
NODE 1295 14.81416 0.5 -13.57064
NODE 1296 14.81416 0.5 -14.07064
NODE 1297 14.81416 0.5 -14.57064
NODE 1298 14.81416 0.5 -15.07064
NODE 1299 14.81416 0.5 -15.57064
NODE 1300 14.81416 0.5 -16.07064
NODE 1301 14.81416 0.5 -16.57064
NODE 1302 14.81416 0.5 -17.07064
NODE 1303 14.81416 0.5 -17.57064
NODE 1304 14.81416 0.5 -18.07064
NODE 1305 14.81416 0.5 -18.57064
NODE 1306 14.81416 0.5 -19.07064
NODE 1307 14.81416 0.5 -19.57064
NODE 1308 14.81416 0.5 -20.07064
NODE 1309 14.81416 0.5 -20.57064
NODE 1310 14.81416 0.5 -21.07064
NODE 1311 14.81416 0.5 -21.57064
NODE 1312 14.81416 0.5 -22.07064
NODE 1313 14.81416 0.5 -22.57064
NODE 1314 14.81416 0.5 -23.07064
NODE 1315 14.81416 0.5 -23.57064
NODE 1316 14.81416 0.5 -24.07064
NODE 1317 14.81416 0.5 -24.57064
NODE 1318 14.81416 0.5 -25.07064
NODE 1319 14.81416 0.5 -25.57064
NODE 1320 14.81416 0.5 -26.07064
NODE 1321 14.81416 0.5 -26.57064
NODE 1322 14.81416 0.5 -27.07064
NODE 1323 14.81416 0.5 -27.57064
NODE 1324 14.81416 0.5 -28.07064
NODE 1325 14.81416 0.5 -28.57064
NODE 1326 14.81416 0.5 -29.07064
NODE 1327 14.81416 0.5 -29.57064
NODE 1328 14.81416 0.5 -30.07064
NODE 1329 14.81416 0.5 -30.57064
NODE 1330 14.81416 0.5 -31.07064
NODE 1331 14.81416 0.5 -31.57064
NODE 1332 14.81416 0.5 -32.07064
NODE 1333 14.81416 0.5 -32.57064
NODE 1334 14.81416 0.5 -33.07064
NODE 1335 14.81416 0.5 -33.57064
NODE 1336 14.81416 0.5 -34.07064
NODE 1337 14.81416 0.5 -34.57064
NODE 1338 14.81416 0.5 -35.07064
NODE 1339 14.81416 0.5 -35.57064
NODE 1340 14.81416 0.5 -36.07064
NODE 1341 14.81416 0.5 -36.57064
NODE 1342 14.81416 0.5 -37.07064
NODE 1343 14.81416 0.5 -37.57064
NODE 1344 14.81416 0.5 -38.07064
NODE 1345 14.81416 0.5 -38.57064
NODE 1346 15.31416 0.5 13.92936
NODE 1347 15.31416 0.5 13.42936
NODE 1348 15.31416 0.5 12.92936
NODE 1349 15.31416 0.5 12.42936
NODE 1350 15.31416 0.5 11.92936
NODE 1351 15.31416 0.5 11.42936
NODE 1352 15.31416 0.5 -8.070641
NODE 1353 15.31416 0.5 -8.570641
NODE 1354 15.31416 0.5 -9.070641
NODE 1355 15.31416 0.5 -9.570641
NODE 1356 15.31416 0.5 -10.07064
NODE 1357 15.31416 0.5 -10.57064
NODE 1358 15.31416 0.5 -11.07064
NODE 1359 15.31416 0.5 -11.57064
NODE 1360 15.31416 0.5 -12.07064
NODE 1361 15.31416 0.5 -12.57064
NODE 1362 15.31416 0.5 -13.07064
NODE 1363 15.31416 0.5 -13.57064
NODE 1364 15.31416 0.5 -14.07064
NODE 1365 15.31416 0.5 -14.57064
NODE 1366 15.31416 0.5 -15.07064
NODE 1367 15.31416 0.5 -15.57064
NODE 1368 15.31416 0.5 -16.07064
NODE 1369 15.31416 0.5 -16.57064
NODE 1370 15.31416 0.5 -17.07064
NODE 1371 15.31416 0.5 -17.57064
NODE 1372 15.31416 0.5 -18.07064
NODE 1373 15.31416 0.5 -18.57064
NODE 1374 15.31416 0.5 -19.07064
NODE 1375 15.31416 0.5 -19.57064
NODE 1376 15.31416 0.5 -20.07064
NODE 1377 15.31416 0.5 -20.57064
NODE 1378 15.31416 0.5 -21.07064
NODE 1379 15.31416 0.5 -21.57064
NODE 1380 15.31416 0.5 -22.07064
NODE 1381 15.31416 0.5 -22.57064
NODE 1382 15.31416 0.5 -23.07064
NODE 1383 15.31416 0.5 -23.57064
NODE 1384 15.31416 0.5 -24.07064
NODE 1385 15.31416 0.5 -24.57064
NODE 1386 15.31416 0.5 -25.07064
NODE 1387 15.31416 0.5 -25.57064
NODE 1388 15.31416 0.5 -26.07064
NODE 1389 15.31416 0.5 -26.57064
NODE 1390 15.31416 0.5 -27.07064
NODE 1391 15.31416 0.5 -27.57064
NODE 1392 15.31416 0.5 -28.07064
NODE 1393 15.31416 0.5 -28.57064
NODE 1394 15.31416 0.5 -29.07064
NODE 1395 15.31416 0.5 -29.57064
NODE 1396 15.31416 0.5 -30.07064
NODE 1397 15.31416 0.5 -30.57064
NODE 1398 15.31416 0.5 -31.07064
NODE 1399 15.31416 0.5 -31.57064
NODE 1400 15.31416 0.5 -32.07064
NODE 1401 15.31416 0.5 -32.57064
NODE 1402 15.31416 0.5 -33.07064
NODE 1403 15.31416 0.5 -33.57064
NODE 1404 15.31416 0.5 -34.07064
NODE 1405 15.31416 0.5 -34.57064
NODE 1406 15.31416 0.5 -35.07064
NODE 1407 15.31416 0.5 -35.57064
NODE 1408 15.31416 0.5 -36.07064
NODE 1409 15.31416 0.5 -36.57064
NODE 1410 15.31416 0.5 -37.07064
NODE 1411 15.31416 0.5 -37.57064
NODE 1412 15.31416 0.5 -38.07064
NODE 1413 15.31416 0.5 -38.57064
NODE 1414 15.81416 0.5 13.92936
NODE 1415 15.81416 0.5 13.42936
NODE 1416 15.81416 0.5 12.92936
NODE 1417 15.81416 0.5 12.42936
NODE 1418 15.81416 0.5 11.92936
NODE 1419 15.81416 0.5 11.42936
NODE 1420 15.81416 0.5 -8.070641
NODE 1421 15.81416 0.5 -8.570641
NODE 1422 15.81416 0.5 -9.070641
NODE 1423 15.81416 0.5 -9.570641
NODE 1424 15.81416 0.5 -10.07064
NODE 1425 15.81416 0.5 -10.57064
NODE 1426 15.81416 0.5 -11.07064
NODE 1427 15.81416 0.5 -11.57064
NODE 1428 15.81416 0.5 -12.07064
NODE 1429 15.81416 0.5 -12.57064
NODE 1430 15.81416 0.5 -13.07064
NODE 1431 15.81416 0.5 -13.57064
NODE 1432 15.81416 0.5 -14.07064
NODE 1433 15.81416 0.5 -14.57064
NODE 1434 15.81416 0.5 -15.07064
NODE 1435 15.81416 0.5 -15.57064
NODE 1436 15.81416 0.5 -16.07064
NODE 1437 15.81416 0.5 -16.57064
NODE 1438 15.81416 0.5 -17.07064
NODE 1439 15.81416 0.5 -17.57064
NODE 1440 15.81416 0.5 -18.07064
NODE 1441 15.81416 0.5 -18.57064
NODE 1442 15.81416 0.5 -19.07064
NODE 1443 15.81416 0.5 -19.57064
NODE 1444 15.81416 0.5 -20.07064
NODE 1445 15.81416 0.5 -20.57064
NODE 1446 15.81416 0.5 -21.07064
NODE 1447 15.81416 0.5 -21.57064
NODE 1448 15.81416 0.5 -22.07064
NODE 1449 15.81416 0.5 -22.57064
NODE 1450 15.81416 0.5 -23.07064
NODE 1451 15.81416 0.5 -23.57064
NODE 1452 15.81416 0.5 -24.07064
NODE 1453 15.81416 0.5 -24.57064
NODE 1454 15.81416 0.5 -25.07064
NODE 1455 15.81416 0.5 -25.57064
NODE 1456 15.81416 0.5 -26.07064
NODE 1457 15.81416 0.5 -26.57064
NODE 1458 15.81416 0.5 -27.07064
NODE 1459 15.81416 0.5 -27.57064
NODE 1460 15.81416 0.5 -28.07064
NODE 1461 15.81416 0.5 -28.57064
NODE 1462 15.81416 0.5 -29.07064
NODE 1463 15.81416 0.5 -29.57064
NODE 1464 15.81416 0.5 -30.07064
NODE 1465 15.81416 0.5 -30.57064
NODE 1466 15.81416 0.5 -31.07064
NODE 1467 15.81416 0.5 -31.57064
NODE 1468 15.81416 0.5 -32.07064
NODE 1469 15.81416 0.5 -32.57064
NODE 1470 15.81416 0.5 -33.07064
NODE 1471 15.81416 0.5 -33.57064
NODE 1472 15.81416 0.5 -34.07064
NODE 1473 15.81416 0.5 -34.57064
NODE 1474 15.81416 0.5 -35.07064
NODE 1475 15.81416 0.5 -35.57064
NODE 1476 15.81416 0.5 -36.07064
NODE 1477 15.81416 0.5 -36.57064
NODE 1478 15.81416 0.5 -37.07064
NODE 1479 15.81416 0.5 -37.57064
NODE 1480 15.81416 0.5 -38.07064
NODE 1481 15.81416 0.5 -38.57064
NODE 1482 16.31416 0.5 13.92936
NODE 1483 16.31416 0.5 13.42936
NODE 1484 16.31416 0.5 12.92936
NODE 1485 16.31416 0.5 12.42936
NODE 1486 16.31416 0.5 11.92936
NODE 1487 16.31416 0.5 11.42936
NODE 1488 16.31416 0.5 -8.070641
NODE 1489 16.31416 0.5 -8.570641
NODE 1490 16.31416 0.5 -9.070641
NODE 1491 16.31416 0.5 -9.570641
NODE 1492 16.31416 0.5 -10.07064
NODE 1493 16.31416 0.5 -10.57064
NODE 1494 16.31416 0.5 -11.07064
NODE 1495 16.31416 0.5 -11.57064
NODE 1496 16.31416 0.5 -12.07064
NODE 1497 16.31416 0.5 -12.57064
NODE 1498 16.31416 0.5 -13.07064
NODE 1499 16.31416 0.5 -13.57064
NODE 1500 16.31416 0.5 -14.07064
NODE 1501 16.31416 0.5 -14.57064
NODE 1502 16.31416 0.5 -15.07064
NODE 1503 16.31416 0.5 -15.57064
NODE 1504 16.31416 0.5 -16.07064
NODE 1505 16.31416 0.5 -16.57064
NODE 1506 16.31416 0.5 -17.07064
NODE 1507 16.31416 0.5 -17.57064
NODE 1508 16.31416 0.5 -18.07064
NODE 1509 16.31416 0.5 -18.57064
NODE 1510 16.31416 0.5 -19.07064
NODE 1511 16.31416 0.5 -19.57064
NODE 1512 16.31416 0.5 -20.07064
NODE 1513 16.31416 0.5 -20.57064
NODE 1514 16.31416 0.5 -21.07064
NODE 1515 16.31416 0.5 -21.57064
NODE 1516 16.31416 0.5 -22.07064
NODE 1517 16.31416 0.5 -22.57064
NODE 1518 16.31416 0.5 -23.07064
NODE 1519 16.31416 0.5 -23.57064
NODE 1520 16.31416 0.5 -24.07064
NODE 1521 16.31416 0.5 -24.57064
NODE 1522 16.31416 0.5 -25.07064
NODE 1523 16.31416 0.5 -25.57064
NODE 1524 16.31416 0.5 -26.07064
NODE 1525 16.31416 0.5 -26.57064
NODE 1526 16.31416 0.5 -27.07064
NODE 1527 16.31416 0.5 -27.57064
NODE 1528 16.31416 0.5 -28.07064
NODE 1529 16.31416 0.5 -28.57064
NODE 1530 16.31416 0.5 -29.07064
NODE 1531 16.31416 0.5 -29.57064
NODE 1532 16.31416 0.5 -30.07064
NODE 1533 16.31416 0.5 -30.57064
NODE 1534 16.31416 0.5 -31.07064
NODE 1535 16.31416 0.5 -31.57064
NODE 1536 16.31416 0.5 -32.07064
NODE 1537 16.31416 0.5 -32.57064
NODE 1538 16.31416 0.5 -33.07064
NODE 1539 16.31416 0.5 -33.57064
NODE 1540 16.31416 0.5 -34.07064
NODE 1541 16.31416 0.5 -34.57064
NODE 1542 16.31416 0.5 -35.07064
NODE 1543 16.31416 0.5 -35.57064
NODE 1544 16.31416 0.5 -36.07064
NODE 1545 16.31416 0.5 -36.57064
NODE 1546 16.31416 0.5 -37.07064
NODE 1547 16.31416 0.5 -37.57064
NODE 1548 16.31416 0.5 -38.07064
NODE 1549 16.31416 0.5 -38.57064
NODE 1550 16.81416 0.5 13.92936
NODE 1551 16.81416 0.5 13.42936
NODE 1552 16.81416 0.5 12.92936
NODE 1553 16.81416 0.5 12.42936
NODE 1554 16.81416 0.5 11.92936
NODE 1555 16.81416 0.5 11.42936
NODE 1556 16.81416 0.5 -8.070641
NODE 1557 16.81416 0.5 -8.570641
NODE 1558 16.81416 0.5 -9.070641
NODE 1559 16.81416 0.5 -9.570641
NODE 1560 16.81416 0.5 -10.07064
NODE 1561 16.81416 0.5 -10.57064
NODE 1562 16.81416 0.5 -11.07064
NODE 1563 16.81416 0.5 -11.57064
NODE 1564 16.81416 0.5 -12.07064
NODE 1565 16.81416 0.5 -12.57064
NODE 1566 16.81416 0.5 -13.07064
NODE 1567 16.81416 0.5 -13.57064
NODE 1568 16.81416 0.5 -14.07064
NODE 1569 16.81416 0.5 -14.57064
NODE 1570 16.81416 0.5 -15.07064
NODE 1571 16.81416 0.5 -15.57064
NODE 1572 16.81416 0.5 -16.07064
NODE 1573 16.81416 0.5 -16.57064
NODE 1574 16.81416 0.5 -17.07064
NODE 1575 16.81416 0.5 -17.57064
NODE 1576 16.81416 0.5 -18.07064
NODE 1577 16.81416 0.5 -18.57064
NODE 1578 16.81416 0.5 -19.07064
NODE 1579 16.81416 0.5 -19.57064
NODE 1580 16.81416 0.5 -20.07064
NODE 1581 16.81416 0.5 -20.57064
NODE 1582 16.81416 0.5 -21.07064
NODE 1583 16.81416 0.5 -21.57064
NODE 1584 16.81416 0.5 -22.07064
NODE 1585 16.81416 0.5 -22.57064
NODE 1586 16.81416 0.5 -23.07064
NODE 1587 16.81416 0.5 -23.57064
NODE 1588 16.81416 0.5 -24.07064
NODE 1589 16.81416 0.5 -24.57064
NODE 1590 16.81416 0.5 -25.07064
NODE 1591 16.81416 0.5 -25.57064
NODE 1592 16.81416 0.5 -26.07064
NODE 1593 16.81416 0.5 -26.57064
NODE 1594 16.81416 0.5 -27.07064
NODE 1595 16.81416 0.5 -27.57064
NODE 1596 16.81416 0.5 -28.07064
NODE 1597 16.81416 0.5 -28.57064
NODE 1598 16.81416 0.5 -29.07064
NODE 1599 16.81416 0.5 -29.57064
NODE 1600 16.81416 0.5 -30.07064
NODE 1601 16.81416 0.5 -30.57064
NODE 1602 16.81416 0.5 -31.07064
NODE 1603 16.81416 0.5 -31.57064
NODE 1604 16.81416 0.5 -32.07064
NODE 1605 16.81416 0.5 -32.57064
NODE 1606 16.81416 0.5 -33.07064
NODE 1607 16.81416 0.5 -33.57064
NODE 1608 16.81416 0.5 -34.07064
NODE 1609 16.81416 0.5 -34.57064
NODE 1610 16.81416 0.5 -35.07064
NODE 1611 16.81416 0.5 -35.57064
NODE 1612 16.81416 0.5 -36.07064
NODE 1613 16.81416 0.5 -36.57064
NODE 1614 16.81416 0.5 -37.07064
NODE 1615 16.81416 0.5 -37.57064
NODE 1616 16.81416 0.5 -38.07064
NODE 1617 16.81416 0.5 -38.57064
NODE 1618 17.31416 0.5 13.92936
NODE 1619 17.31416 0.5 13.42936
NODE 1620 17.31416 0.5 12.92936
NODE 1621 17.31416 0.5 12.42936
NODE 1622 17.31416 0.5 11.92936
NODE 1623 17.31416 0.5 11.42936
NODE 1624 17.31416 0.5 -8.070641
NODE 1625 17.31416 0.5 -8.570641
NODE 1626 17.31416 0.5 -9.070641
NODE 1627 17.31416 0.5 -9.570641
NODE 1628 17.31416 0.5 -10.07064
NODE 1629 17.31416 0.5 -10.57064
NODE 1630 17.31416 0.5 -11.07064
NODE 1631 17.31416 0.5 -11.57064
NODE 1632 17.31416 0.5 -12.07064
NODE 1633 17.31416 0.5 -12.57064
NODE 1634 17.31416 0.5 -13.07064
NODE 1635 17.31416 0.5 -13.57064
NODE 1636 17.31416 0.5 -14.07064
NODE 1637 17.31416 0.5 -14.57064
NODE 1638 17.31416 0.5 -15.07064
NODE 1639 17.31416 0.5 -15.57064
NODE 1640 17.31416 0.5 -16.07064
NODE 1641 17.31416 0.5 -16.57064
NODE 1642 17.31416 0.5 -17.07064
NODE 1643 17.31416 0.5 -17.57064
NODE 1644 17.31416 0.5 -18.07064
NODE 1645 17.31416 0.5 -18.57064
NODE 1646 17.31416 0.5 -19.07064
NODE 1647 17.31416 0.5 -19.57064
NODE 1648 17.31416 0.5 -20.07064
NODE 1649 17.31416 0.5 -20.57064
NODE 1650 17.31416 0.5 -21.07064
NODE 1651 17.31416 0.5 -21.57064
NODE 1652 17.31416 0.5 -22.07064
NODE 1653 17.31416 0.5 -22.57064
NODE 1654 17.31416 0.5 -23.07064
NODE 1655 17.31416 0.5 -23.57064
NODE 1656 17.31416 0.5 -24.07064
NODE 1657 17.31416 0.5 -24.57064
NODE 1658 17.31416 0.5 -25.07064
NODE 1659 17.31416 0.5 -25.57064
NODE 1660 17.31416 0.5 -26.07064
NODE 1661 17.31416 0.5 -26.57064
NODE 1662 17.31416 0.5 -27.07064
NODE 1663 17.31416 0.5 -27.57064
NODE 1664 17.31416 0.5 -28.07064
NODE 1665 17.31416 0.5 -28.57064
NODE 1666 17.31416 0.5 -29.07064
NODE 1667 17.31416 0.5 -29.57064
NODE 1668 17.31416 0.5 -30.07064
NODE 1669 17.31416 0.5 -30.57064
NODE 1670 17.31416 0.5 -31.07064
NODE 1671 17.31416 0.5 -31.57064
NODE 1672 17.31416 0.5 -32.07064
NODE 1673 17.31416 0.5 -32.57064
NODE 1674 17.31416 0.5 -33.07064
NODE 1675 17.31416 0.5 -33.57064
NODE 1676 17.31416 0.5 -34.07064
NODE 1677 17.31416 0.5 -34.57064
NODE 1678 17.31416 0.5 -35.07064
NODE 1679 17.31416 0.5 -35.57064
NODE 1680 17.31416 0.5 -36.07064
NODE 1681 17.31416 0.5 -36.57064
NODE 1682 17.31416 0.5 -37.07064
NODE 1683 17.31416 0.5 -37.57064
NODE 1684 17.31416 0.5 -38.07064
NODE 1685 17.31416 0.5 -38.57064
NODE 1686 17.81416 0.5 13.92936
NODE 1687 17.81416 0.5 13.42936
NODE 1688 17.81416 0.5 12.92936
NODE 1689 17.81416 0.5 12.42936
NODE 1690 17.81416 0.5 11.92936
NODE 1691 17.81416 0.5 11.42936
NODE 1692 17.81416 0.5 -8.070641
NODE 1693 17.81416 0.5 -8.570641
NODE 1694 17.81416 0.5 -9.070641
NODE 1695 17.81416 0.5 -9.570641
NODE 1696 17.81416 0.5 -10.07064
NODE 1697 17.81416 0.5 -10.57064
NODE 1698 17.81416 0.5 -11.07064
NODE 1699 17.81416 0.5 -11.57064
NODE 1700 17.81416 0.5 -12.07064
NODE 1701 17.81416 0.5 -12.57064
NODE 1702 17.81416 0.5 -13.07064
NODE 1703 17.81416 0.5 -13.57064
NODE 1704 17.81416 0.5 -14.07064
NODE 1705 17.81416 0.5 -14.57064
NODE 1706 17.81416 0.5 -15.07064
NODE 1707 17.81416 0.5 -15.57064
NODE 1708 17.81416 0.5 -16.07064
NODE 1709 17.81416 0.5 -16.57064
NODE 1710 17.81416 0.5 -17.07064
NODE 1711 17.81416 0.5 -17.57064
NODE 1712 17.81416 0.5 -18.07064
NODE 1713 17.81416 0.5 -18.57064
NODE 1714 17.81416 0.5 -19.07064
NODE 1715 17.81416 0.5 -19.57064
NODE 1716 17.81416 0.5 -20.07064
NODE 1717 17.81416 0.5 -20.57064
NODE 1718 17.81416 0.5 -21.07064
NODE 1719 17.81416 0.5 -21.57064
NODE 1720 17.81416 0.5 -22.07064
NODE 1721 17.81416 0.5 -22.57064
NODE 1722 17.81416 0.5 -23.07064
NODE 1723 17.81416 0.5 -23.57064
NODE 1724 17.81416 0.5 -24.07064
NODE 1725 17.81416 0.5 -24.57064
NODE 1726 17.81416 0.5 -25.07064
NODE 1727 17.81416 0.5 -25.57064
NODE 1728 17.81416 0.5 -26.07064
NODE 1729 17.81416 0.5 -26.57064
NODE 1730 17.81416 0.5 -27.07064
NODE 1731 17.81416 0.5 -27.57064
NODE 1732 17.81416 0.5 -28.07064
NODE 1733 17.81416 0.5 -28.57064
NODE 1734 17.81416 0.5 -29.07064
NODE 1735 17.81416 0.5 -29.57064
NODE 1736 17.81416 0.5 -30.07064
NODE 1737 17.81416 0.5 -30.57064
NODE 1738 17.81416 0.5 -31.07064
NODE 1739 17.81416 0.5 -31.57064
NODE 1740 17.81416 0.5 -32.07064
NODE 1741 17.81416 0.5 -32.57064
NODE 1742 17.81416 0.5 -33.07064
NODE 1743 17.81416 0.5 -33.57064
NODE 1744 17.81416 0.5 -34.07064
NODE 1745 17.81416 0.5 -34.57064
NODE 1746 17.81416 0.5 -35.07064
NODE 1747 17.81416 0.5 -35.57064
NODE 1748 17.81416 0.5 -36.07064
NODE 1749 17.81416 0.5 -36.57064
NODE 1750 17.81416 0.5 -37.07064
NODE 1751 17.81416 0.5 -37.57064
NODE 1752 17.81416 0.5 -38.07064
NODE 1753 17.81416 0.5 -38.57064
NODE 1754 18.31416 0.5 13.92936
NODE 1755 18.31416 0.5 13.42936
NODE 1756 18.31416 0.5 12.92936
NODE 1757 18.31416 0.5 12.42936
NODE 1758 18.31416 0.5 11.92936
NODE 1759 18.31416 0.5 11.42936
NODE 1760 18.31416 0.5 -8.070641
NODE 1761 18.31416 0.5 -8.570641
NODE 1762 18.31416 0.5 -9.070641
NODE 1763 18.31416 0.5 -9.570641
NODE 1764 18.31416 0.5 -10.07064
NODE 1765 18.31416 0.5 -10.57064
NODE 1766 18.31416 0.5 -11.07064
NODE 1767 18.31416 0.5 -11.57064
NODE 1768 18.31416 0.5 -12.07064
NODE 1769 18.31416 0.5 -12.57064
NODE 1770 18.31416 0.5 -13.07064
NODE 1771 18.31416 0.5 -13.57064
NODE 1772 18.31416 0.5 -14.07064
NODE 1773 18.31416 0.5 -14.57064
NODE 1774 18.31416 0.5 -15.07064
NODE 1775 18.31416 0.5 -15.57064
NODE 1776 18.31416 0.5 -16.07064
NODE 1777 18.31416 0.5 -16.57064
NODE 1778 18.31416 0.5 -17.07064
NODE 1779 18.31416 0.5 -17.57064
NODE 1780 18.31416 0.5 -18.07064
NODE 1781 18.31416 0.5 -18.57064
NODE 1782 18.31416 0.5 -19.07064
NODE 1783 18.31416 0.5 -19.57064
NODE 1784 18.31416 0.5 -20.07064
NODE 1785 18.31416 0.5 -20.57064
NODE 1786 18.31416 0.5 -21.07064
NODE 1787 18.31416 0.5 -21.57064
NODE 1788 18.31416 0.5 -22.07064
NODE 1789 18.31416 0.5 -22.57064
NODE 1790 18.31416 0.5 -23.07064
NODE 1791 18.31416 0.5 -23.57064
NODE 1792 18.31416 0.5 -24.07064
NODE 1793 18.31416 0.5 -24.57064
NODE 1794 18.31416 0.5 -25.07064
NODE 1795 18.31416 0.5 -25.57064
NODE 1796 18.31416 0.5 -26.07064
NODE 1797 18.31416 0.5 -26.57064
NODE 1798 18.31416 0.5 -27.07064
NODE 1799 18.31416 0.5 -27.57064
NODE 1800 18.31416 0.5 -28.07064
NODE 1801 18.31416 0.5 -28.57064
NODE 1802 18.31416 0.5 -29.07064
NODE 1803 18.31416 0.5 -29.57064
NODE 1804 18.31416 0.5 -30.07064
NODE 1805 18.31416 0.5 -30.57064
NODE 1806 18.31416 0.5 -31.07064
NODE 1807 18.31416 0.5 -31.57064
NODE 1808 18.31416 0.5 -32.07064
NODE 1809 18.31416 0.5 -32.57064
NODE 1810 18.31416 0.5 -33.07064
NODE 1811 18.31416 0.5 -33.57064
NODE 1812 18.31416 0.5 -34.07064
NODE 1813 18.31416 0.5 -34.57064
NODE 1814 18.31416 0.5 -35.07064
NODE 1815 18.31416 0.5 -35.57064
NODE 1816 18.31416 0.5 -36.07064
NODE 1817 18.31416 0.5 -36.57064
NODE 1818 18.31416 0.5 -37.07064
NODE 1819 18.31416 0.5 -37.57064
NODE 1820 18.31416 0.5 -38.07064
NODE 1821 18.31416 0.5 -38.57064
NODE 1822 18.81416 0.5 13.92936
NODE 1823 18.81416 0.5 13.42936
NODE 1824 18.81416 0.5 12.92936
NODE 1825 18.81416 0.5 12.42936
NODE 1826 18.81416 0.5 11.92936
NODE 1827 18.81416 0.5 11.42936
NODE 1828 18.81416 0.5 -8.070641
NODE 1829 18.81416 0.5 -8.570641
NODE 1830 18.81416 0.5 -9.070641
NODE 1831 18.81416 0.5 -9.570641
NODE 1832 18.81416 0.5 -10.07064
NODE 1833 18.81416 0.5 -10.57064
NODE 1834 18.81416 0.5 -11.07064
NODE 1835 18.81416 0.5 -11.57064
NODE 1836 18.81416 0.5 -12.07064
NODE 1837 18.81416 0.5 -12.57064
NODE 1838 18.81416 0.5 -13.07064
NODE 1839 18.81416 0.5 -13.57064
NODE 1840 18.81416 0.5 -14.07064
NODE 1841 18.81416 0.5 -14.57064
NODE 1842 18.81416 0.5 -15.07064
NODE 1843 18.81416 0.5 -15.57064
NODE 1844 18.81416 0.5 -16.07064
NODE 1845 18.81416 0.5 -16.57064
NODE 1846 18.81416 0.5 -17.07064
NODE 1847 18.81416 0.5 -17.57064
NODE 1848 18.81416 0.5 -18.07064
NODE 1849 18.81416 0.5 -18.57064
NODE 1850 18.81416 0.5 -19.07064
NODE 1851 18.81416 0.5 -19.57064
NODE 1852 18.81416 0.5 -20.07064
NODE 1853 18.81416 0.5 -20.57064
NODE 1854 18.81416 0.5 -21.07064
NODE 1855 18.81416 0.5 -21.57064
NODE 1856 18.81416 0.5 -22.07064
NODE 1857 18.81416 0.5 -22.57064
NODE 1858 18.81416 0.5 -23.07064
NODE 1859 18.81416 0.5 -23.57064
NODE 1860 18.81416 0.5 -24.07064
NODE 1861 18.81416 0.5 -24.57064
NODE 1862 18.81416 0.5 -25.07064
NODE 1863 18.81416 0.5 -25.57064
NODE 1864 18.81416 0.5 -26.07064
NODE 1865 18.81416 0.5 -26.57064
NODE 1866 18.81416 0.5 -27.07064
NODE 1867 18.81416 0.5 -27.57064
NODE 1868 18.81416 0.5 -28.07064
NODE 1869 18.81416 0.5 -28.57064
NODE 1870 18.81416 0.5 -29.07064
NODE 1871 18.81416 0.5 -29.57064
NODE 1872 18.81416 0.5 -30.07064
NODE 1873 18.81416 0.5 -30.57064
NODE 1874 18.81416 0.5 -31.07064
NODE 1875 18.81416 0.5 -31.57064
NODE 1876 18.81416 0.5 -32.07064
NODE 1877 18.81416 0.5 -32.57064
NODE 1878 18.81416 0.5 -33.07064
NODE 1879 18.81416 0.5 -33.57064
NODE 1880 18.81416 0.5 -34.07064
NODE 1881 18.81416 0.5 -34.57064
NODE 1882 18.81416 0.5 -35.07064
NODE 1883 18.81416 0.5 -35.57064
NODE 1884 18.81416 0.5 -36.07064
NODE 1885 18.81416 0.5 -36.57064
NODE 1886 18.81416 0.5 -37.07064
NODE 1887 18.81416 0.5 -37.57064
NODE 1888 18.81416 0.5 -38.07064
NODE 1889 18.81416 0.5 -38.57064
NODE 1890 19.31416 0.5 13.92936
NODE 1891 19.31416 0.5 13.42936
NODE 1892 19.31416 0.5 12.92936
NODE 1893 19.31416 0.5 12.42936
NODE 1894 19.31416 0.5 11.92936
NODE 1895 19.31416 0.5 11.42936
NODE 1896 19.31416 0.5 -8.070641
NODE 1897 19.31416 0.5 -8.570641
NODE 1898 19.31416 0.5 -9.070641
NODE 1899 19.31416 0.5 -9.570641
NODE 1900 19.31416 0.5 -10.07064
NODE 1901 19.31416 0.5 -10.57064
NODE 1902 19.31416 0.5 -11.07064
NODE 1903 19.31416 0.5 -11.57064
NODE 1904 19.31416 0.5 -12.07064
NODE 1905 19.31416 0.5 -12.57064
NODE 1906 19.31416 0.5 -13.07064
NODE 1907 19.31416 0.5 -13.57064
NODE 1908 19.31416 0.5 -14.07064
NODE 1909 19.31416 0.5 -14.57064
NODE 1910 19.31416 0.5 -15.07064
NODE 1911 19.31416 0.5 -15.57064
NODE 1912 19.31416 0.5 -16.07064
NODE 1913 19.31416 0.5 -16.57064
NODE 1914 19.31416 0.5 -17.07064
NODE 1915 19.31416 0.5 -17.57064
NODE 1916 19.31416 0.5 -18.07064
NODE 1917 19.31416 0.5 -18.57064
NODE 1918 19.31416 0.5 -19.07064
NODE 1919 19.31416 0.5 -19.57064
NODE 1920 19.31416 0.5 -20.07064
NODE 1921 19.31416 0.5 -20.57064
NODE 1922 19.31416 0.5 -21.07064
NODE 1923 19.31416 0.5 -21.57064
NODE 1924 19.31416 0.5 -22.07064
NODE 1925 19.31416 0.5 -22.57064
NODE 1926 19.31416 0.5 -23.07064
NODE 1927 19.31416 0.5 -23.57064
NODE 1928 19.31416 0.5 -24.07064
NODE 1929 19.31416 0.5 -24.57064
NODE 1930 19.31416 0.5 -25.07064
NODE 1931 19.31416 0.5 -25.57064
NODE 1932 19.31416 0.5 -26.07064
NODE 1933 19.31416 0.5 -26.57064
NODE 1934 19.31416 0.5 -27.07064
NODE 1935 19.31416 0.5 -27.57064
NODE 1936 19.31416 0.5 -28.07064
NODE 1937 19.31416 0.5 -28.57064
NODE 1938 19.31416 0.5 -29.07064
NODE 1939 19.31416 0.5 -29.57064
NODE 1940 19.31416 0.5 -30.07064
NODE 1941 19.31416 0.5 -30.57064
NODE 1942 19.31416 0.5 -31.07064
NODE 1943 19.31416 0.5 -31.57064
NODE 1944 19.31416 0.5 -32.07064
NODE 1945 19.31416 0.5 -32.57064
NODE 1946 19.31416 0.5 -33.07064
NODE 1947 19.31416 0.5 -33.57064
NODE 1948 19.31416 0.5 -34.07064
NODE 1949 19.31416 0.5 -34.57064
NODE 1950 19.31416 0.5 -35.07064
NODE 1951 19.31416 0.5 -35.57064
NODE 1952 19.31416 0.5 -36.07064
NODE 1953 19.31416 0.5 -36.57064
NODE 1954 19.31416 0.5 -37.07064
NODE 1955 19.31416 0.5 -37.57064
NODE 1956 19.31416 0.5 -38.07064
NODE 1957 19.31416 0.5 -38.57064
NODE 1958 19.81416 0.5 13.92936
NODE 1959 19.81416 0.5 13.42936
NODE 1960 19.81416 0.5 12.92936
NODE 1961 19.81416 0.5 12.42936
NODE 1962 19.81416 0.5 11.92936
NODE 1963 19.81416 0.5 11.42936
NODE 1964 19.81416 0.5 -8.070641
NODE 1965 19.81416 0.5 -8.570641
NODE 1966 19.81416 0.5 -9.070641
NODE 1967 19.81416 0.5 -9.570641
NODE 1968 19.81416 0.5 -10.07064
NODE 1969 19.81416 0.5 -10.57064
NODE 1970 19.81416 0.5 -11.07064
NODE 1971 19.81416 0.5 -11.57064
NODE 1972 19.81416 0.5 -12.07064
NODE 1973 19.81416 0.5 -12.57064
NODE 1974 19.81416 0.5 -13.07064
NODE 1975 19.81416 0.5 -13.57064
NODE 1976 19.81416 0.5 -14.07064
NODE 1977 19.81416 0.5 -14.57064
NODE 1978 19.81416 0.5 -15.07064
NODE 1979 19.81416 0.5 -15.57064
NODE 1980 19.81416 0.5 -16.07064
NODE 1981 19.81416 0.5 -16.57064
NODE 1982 19.81416 0.5 -17.07064
NODE 1983 19.81416 0.5 -17.57064
NODE 1984 19.81416 0.5 -18.07064
NODE 1985 19.81416 0.5 -18.57064
NODE 1986 19.81416 0.5 -19.07064
NODE 1987 19.81416 0.5 -19.57064
NODE 1988 19.81416 0.5 -20.07064
NODE 1989 19.81416 0.5 -20.57064
NODE 1990 19.81416 0.5 -21.07064
NODE 1991 19.81416 0.5 -21.57064
NODE 1992 19.81416 0.5 -22.07064
NODE 1993 19.81416 0.5 -22.57064
NODE 1994 19.81416 0.5 -23.07064
NODE 1995 19.81416 0.5 -23.57064
NODE 1996 19.81416 0.5 -24.07064
NODE 1997 19.81416 0.5 -24.57064
NODE 1998 19.81416 0.5 -25.07064
NODE 1999 19.81416 0.5 -25.57064
NODE 2000 19.81416 0.5 -26.07064
NODE 2001 19.81416 0.5 -26.57064
NODE 2002 19.81416 0.5 -27.07064
NODE 2003 19.81416 0.5 -27.57064
NODE 2004 19.81416 0.5 -28.07064
NODE 2005 19.81416 0.5 -28.57064
NODE 2006 19.81416 0.5 -29.07064
NODE 2007 19.81416 0.5 -29.57064
NODE 2008 19.81416 0.5 -30.07064
NODE 2009 19.81416 0.5 -30.57064
NODE 2010 19.81416 0.5 -31.07064
NODE 2011 19.81416 0.5 -31.57064
NODE 2012 19.81416 0.5 -32.07064
NODE 2013 19.81416 0.5 -32.57064
NODE 2014 19.81416 0.5 -33.07064
NODE 2015 19.81416 0.5 -33.57064
NODE 2016 19.81416 0.5 -34.07064
NODE 2017 19.81416 0.5 -34.57064
NODE 2018 19.81416 0.5 -35.07064
NODE 2019 19.81416 0.5 -35.57064
NODE 2020 19.81416 0.5 -36.07064
NODE 2021 19.81416 0.5 -36.57064
NODE 2022 19.81416 0.5 -37.07064
NODE 2023 19.81416 0.5 -37.57064
NODE 2024 19.81416 0.5 -38.07064
NODE 2025 19.81416 0.5 -38.57064
NODE 2026 20.31416 0.5 13.92936
NODE 2027 20.31416 0.5 13.42936
NODE 2028 20.31416 0.5 12.92936
NODE 2029 20.31416 0.5 12.42936
NODE 2030 20.31416 0.5 11.92936
NODE 2031 20.31416 0.5 11.42936
NODE 2032 20.31416 0.5 -8.070641
NODE 2033 20.31416 0.5 -8.570641
NODE 2034 20.31416 0.5 -9.070641
NODE 2035 20.31416 0.5 -9.570641
NODE 2036 20.31416 0.5 -10.07064
NODE 2037 20.31416 0.5 -10.57064
NODE 2038 20.31416 0.5 -11.07064
NODE 2039 20.31416 0.5 -11.57064
NODE 2040 20.31416 0.5 -12.07064
NODE 2041 20.31416 0.5 -12.57064
NODE 2042 20.31416 0.5 -13.07064
NODE 2043 20.31416 0.5 -13.57064
NODE 2044 20.31416 0.5 -14.07064
NODE 2045 20.31416 0.5 -14.57064
NODE 2046 20.31416 0.5 -15.07064
NODE 2047 20.31416 0.5 -15.57064
NODE 2048 20.31416 0.5 -16.07064
NODE 2049 20.31416 0.5 -16.57064
NODE 2050 20.31416 0.5 -17.07064
NODE 2051 20.31416 0.5 -17.57064
NODE 2052 20.31416 0.5 -18.07064
NODE 2053 20.31416 0.5 -18.57064
NODE 2054 20.31416 0.5 -19.07064
NODE 2055 20.31416 0.5 -19.57064
NODE 2056 20.31416 0.5 -20.07064
NODE 2057 20.31416 0.5 -20.57064
NODE 2058 20.31416 0.5 -21.07064
NODE 2059 20.31416 0.5 -21.57064
NODE 2060 20.31416 0.5 -22.07064
NODE 2061 20.31416 0.5 -22.57064
NODE 2062 20.31416 0.5 -23.07064
NODE 2063 20.31416 0.5 -23.57064
NODE 2064 20.31416 0.5 -24.07064
NODE 2065 20.31416 0.5 -24.57064
NODE 2066 20.31416 0.5 -25.07064
NODE 2067 20.31416 0.5 -25.57064
NODE 2068 20.31416 0.5 -26.07064
NODE 2069 20.31416 0.5 -26.57064
NODE 2070 20.31416 0.5 -27.07064
NODE 2071 20.31416 0.5 -27.57064
NODE 2072 20.31416 0.5 -28.07064
NODE 2073 20.31416 0.5 -28.57064
NODE 2074 20.31416 0.5 -29.07064
NODE 2075 20.31416 0.5 -29.57064
NODE 2076 20.31416 0.5 -30.07064
NODE 2077 20.31416 0.5 -30.57064
NODE 2078 20.31416 0.5 -31.07064
NODE 2079 20.31416 0.5 -31.57064
NODE 2080 20.31416 0.5 -32.07064
NODE 2081 20.31416 0.5 -32.57064
NODE 2082 20.31416 0.5 -33.07064
NODE 2083 20.31416 0.5 -33.57064
NODE 2084 20.31416 0.5 -34.07064
NODE 2085 20.31416 0.5 -34.57064
NODE 2086 20.31416 0.5 -35.07064
NODE 2087 20.31416 0.5 -35.57064
NODE 2088 20.31416 0.5 -36.07064
NODE 2089 20.31416 0.5 -36.57064
NODE 2090 20.31416 0.5 -37.07064
NODE 2091 20.31416 0.5 -37.57064
NODE 2092 20.31416 0.5 -38.07064
NODE 2093 20.31416 0.5 -38.57064
NODE 2094 20.81416 0.5 13.92936
NODE 2095 20.81416 0.5 13.42936
NODE 2096 20.81416 0.5 12.92936
NODE 2097 20.81416 0.5 12.42936
NODE 2098 20.81416 0.5 11.92936
NODE 2099 20.81416 0.5 11.42936
NODE 2100 20.81416 0.5 -8.070641
NODE 2101 20.81416 0.5 -8.570641
NODE 2102 20.81416 0.5 -9.070641
NODE 2103 20.81416 0.5 -9.570641
NODE 2104 20.81416 0.5 -10.07064
NODE 2105 20.81416 0.5 -10.57064
NODE 2106 20.81416 0.5 -11.07064
NODE 2107 20.81416 0.5 -11.57064
NODE 2108 20.81416 0.5 -12.07064
NODE 2109 20.81416 0.5 -12.57064
NODE 2110 20.81416 0.5 -13.07064
NODE 2111 20.81416 0.5 -13.57064
NODE 2112 20.81416 0.5 -14.07064
NODE 2113 20.81416 0.5 -14.57064
NODE 2114 20.81416 0.5 -15.07064
NODE 2115 20.81416 0.5 -15.57064
NODE 2116 20.81416 0.5 -16.07064
NODE 2117 20.81416 0.5 -16.57064
NODE 2118 20.81416 0.5 -17.07064
NODE 2119 20.81416 0.5 -17.57064
NODE 2120 20.81416 0.5 -18.07064
NODE 2121 20.81416 0.5 -18.57064
NODE 2122 20.81416 0.5 -19.07064
NODE 2123 20.81416 0.5 -19.57064
NODE 2124 20.81416 0.5 -20.07064
NODE 2125 20.81416 0.5 -20.57064
NODE 2126 20.81416 0.5 -21.07064
NODE 2127 20.81416 0.5 -21.57064
NODE 2128 20.81416 0.5 -22.07064
NODE 2129 20.81416 0.5 -22.57064
NODE 2130 20.81416 0.5 -23.07064
NODE 2131 20.81416 0.5 -23.57064
NODE 2132 20.81416 0.5 -24.07064
NODE 2133 20.81416 0.5 -24.57064
NODE 2134 20.81416 0.5 -25.07064
NODE 2135 20.81416 0.5 -25.57064
NODE 2136 20.81416 0.5 -26.07064
NODE 2137 20.81416 0.5 -26.57064
NODE 2138 20.81416 0.5 -27.07064
NODE 2139 20.81416 0.5 -27.57064
NODE 2140 20.81416 0.5 -28.07064
NODE 2141 20.81416 0.5 -28.57064
NODE 2142 20.81416 0.5 -29.07064
NODE 2143 20.81416 0.5 -29.57064
NODE 2144 20.81416 0.5 -30.07064
NODE 2145 20.81416 0.5 -30.57064
NODE 2146 20.81416 0.5 -31.07064
NODE 2147 20.81416 0.5 -31.57064
NODE 2148 20.81416 0.5 -32.07064
NODE 2149 20.81416 0.5 -32.57064
NODE 2150 20.81416 0.5 -33.07064
NODE 2151 20.81416 0.5 -33.57064
NODE 2152 20.81416 0.5 -34.07064
NODE 2153 20.81416 0.5 -34.57064
NODE 2154 20.81416 0.5 -35.07064
NODE 2155 20.81416 0.5 -35.57064
NODE 2156 20.81416 0.5 -36.07064
NODE 2157 20.81416 0.5 -36.57064
NODE 2158 20.81416 0.5 -37.07064
NODE 2159 20.81416 0.5 -37.57064
NODE 2160 20.81416 0.5 -38.07064
NODE 2161 20.81416 0.5 -38.57064
NODE 2162 21.31416 0.5 13.92936
NODE 2163 21.31416 0.5 13.42936
NODE 2164 21.31416 0.5 12.92936
NODE 2165 21.31416 0.5 12.42936
NODE 2166 21.31416 0.5 11.92936
NODE 2167 21.31416 0.5 11.42936
NODE 2168 21.31416 0.5 -8.070641
NODE 2169 21.31416 0.5 -8.570641
NODE 2170 21.31416 0.5 -9.070641
NODE 2171 21.31416 0.5 -9.570641
NODE 2172 21.31416 0.5 -10.07064
NODE 2173 21.31416 0.5 -10.57064
NODE 2174 21.31416 0.5 -11.07064
NODE 2175 21.31416 0.5 -11.57064
NODE 2176 21.31416 0.5 -12.07064
NODE 2177 21.31416 0.5 -12.57064
NODE 2178 21.31416 0.5 -13.07064
NODE 2179 21.31416 0.5 -13.57064
NODE 2180 21.31416 0.5 -14.07064
NODE 2181 21.31416 0.5 -14.57064
NODE 2182 21.31416 0.5 -15.07064
NODE 2183 21.31416 0.5 -15.57064
NODE 2184 21.31416 0.5 -16.07064
NODE 2185 21.31416 0.5 -16.57064
NODE 2186 21.31416 0.5 -17.07064
NODE 2187 21.31416 0.5 -17.57064
NODE 2188 21.31416 0.5 -18.07064
NODE 2189 21.31416 0.5 -18.57064
NODE 2190 21.31416 0.5 -19.07064
NODE 2191 21.31416 0.5 -19.57064
NODE 2192 21.31416 0.5 -20.07064
NODE 2193 21.31416 0.5 -20.57064
NODE 2194 21.31416 0.5 -21.07064
NODE 2195 21.31416 0.5 -21.57064
NODE 2196 21.31416 0.5 -22.07064
NODE 2197 21.31416 0.5 -22.57064
NODE 2198 21.31416 0.5 -23.07064
NODE 2199 21.31416 0.5 -23.57064
NODE 2200 21.31416 0.5 -24.07064
NODE 2201 21.31416 0.5 -24.57064
NODE 2202 21.31416 0.5 -25.07064
NODE 2203 21.31416 0.5 -25.57064
NODE 2204 21.31416 0.5 -26.07064
NODE 2205 21.31416 0.5 -26.57064
NODE 2206 21.31416 0.5 -27.07064
NODE 2207 21.31416 0.5 -27.57064
NODE 2208 21.31416 0.5 -28.07064
NODE 2209 21.31416 0.5 -28.57064
NODE 2210 21.31416 0.5 -29.07064
NODE 2211 21.31416 0.5 -29.57064
NODE 2212 21.31416 0.5 -30.07064
NODE 2213 21.31416 0.5 -30.57064
NODE 2214 21.31416 0.5 -31.07064
NODE 2215 21.31416 0.5 -31.57064
NODE 2216 21.31416 0.5 -32.07064
NODE 2217 21.31416 0.5 -32.57064
NODE 2218 21.31416 0.5 -33.07064
NODE 2219 21.31416 0.5 -33.57064
NODE 2220 21.31416 0.5 -34.07064
NODE 2221 21.31416 0.5 -34.57064
NODE 2222 21.31416 0.5 -35.07064
NODE 2223 21.31416 0.5 -35.57064
NODE 2224 21.31416 0.5 -36.07064
NODE 2225 21.31416 0.5 -36.57064
NODE 2226 21.31416 0.5 -37.07064
NODE 2227 21.31416 0.5 -37.57064
NODE 2228 21.31416 0.5 -38.07064
NODE 2229 21.31416 0.5 -38.57064
NODE 2230 21.81416 0.5 13.92936
NODE 2231 21.81416 0.5 13.42936
NODE 2232 21.81416 0.5 12.92936
NODE 2233 21.81416 0.5 12.42936
NODE 2234 21.81416 0.5 11.92936
NODE 2235 21.81416 0.5 11.42936
NODE 2236 21.81416 0.5 -8.070641
NODE 2237 21.81416 0.5 -8.570641
NODE 2238 21.81416 0.5 -9.070641
NODE 2239 21.81416 0.5 -9.570641
NODE 2240 21.81416 0.5 -10.07064
NODE 2241 21.81416 0.5 -10.57064
NODE 2242 21.81416 0.5 -11.07064
NODE 2243 21.81416 0.5 -11.57064
NODE 2244 21.81416 0.5 -12.07064
NODE 2245 21.81416 0.5 -12.57064
NODE 2246 21.81416 0.5 -13.07064
NODE 2247 21.81416 0.5 -13.57064
NODE 2248 21.81416 0.5 -14.07064
NODE 2249 21.81416 0.5 -14.57064
NODE 2250 21.81416 0.5 -15.07064
NODE 2251 21.81416 0.5 -15.57064
NODE 2252 21.81416 0.5 -16.07064
NODE 2253 21.81416 0.5 -16.57064
NODE 2254 21.81416 0.5 -17.07064
NODE 2255 21.81416 0.5 -17.57064
NODE 2256 21.81416 0.5 -18.07064
NODE 2257 21.81416 0.5 -18.57064
NODE 2258 21.81416 0.5 -19.07064
NODE 2259 21.81416 0.5 -19.57064
NODE 2260 21.81416 0.5 -20.07064
NODE 2261 21.81416 0.5 -20.57064
NODE 2262 21.81416 0.5 -21.07064
NODE 2263 21.81416 0.5 -21.57064
NODE 2264 21.81416 0.5 -22.07064
NODE 2265 21.81416 0.5 -22.57064
NODE 2266 21.81416 0.5 -23.07064
NODE 2267 21.81416 0.5 -23.57064
NODE 2268 21.81416 0.5 -24.07064
NODE 2269 21.81416 0.5 -24.57064
NODE 2270 21.81416 0.5 -25.07064
NODE 2271 21.81416 0.5 -25.57064
NODE 2272 21.81416 0.5 -26.07064
NODE 2273 21.81416 0.5 -26.57064
NODE 2274 21.81416 0.5 -27.07064
NODE 2275 21.81416 0.5 -27.57064
NODE 2276 21.81416 0.5 -28.07064
NODE 2277 21.81416 0.5 -28.57064
NODE 2278 21.81416 0.5 -29.07064
NODE 2279 21.81416 0.5 -29.57064
NODE 2280 21.81416 0.5 -30.07064
NODE 2281 21.81416 0.5 -30.57064
NODE 2282 21.81416 0.5 -31.07064
NODE 2283 21.81416 0.5 -31.57064
NODE 2284 21.81416 0.5 -32.07064
NODE 2285 21.81416 0.5 -32.57064
NODE 2286 21.81416 0.5 -33.07064
NODE 2287 21.81416 0.5 -33.57064
NODE 2288 21.81416 0.5 -34.07064
NODE 2289 21.81416 0.5 -34.57064
NODE 2290 21.81416 0.5 -35.07064
NODE 2291 21.81416 0.5 -35.57064
NODE 2292 21.81416 0.5 -36.07064
NODE 2293 21.81416 0.5 -36.57064
NODE 2294 21.81416 0.5 -37.07064
NODE 2295 21.81416 0.5 -37.57064
NODE 2296 21.81416 0.5 -38.07064
NODE 2297 21.81416 0.5 -38.57064
NODE 2298 22.31416 0.5 13.92936
NODE 2299 22.31416 0.5 13.42936
NODE 2300 22.31416 0.5 12.92936
NODE 2301 22.31416 0.5 12.42936
NODE 2302 22.31416 0.5 11.92936
NODE 2303 22.31416 0.5 11.42936
NODE 2304 22.31416 0.5 -8.070641
NODE 2305 22.31416 0.5 -8.570641
NODE 2306 22.31416 0.5 -9.070641
NODE 2307 22.31416 0.5 -9.570641
NODE 2308 22.31416 0.5 -10.07064
NODE 2309 22.31416 0.5 -10.57064
NODE 2310 22.31416 0.5 -11.07064
NODE 2311 22.31416 0.5 -11.57064
NODE 2312 22.31416 0.5 -12.07064
NODE 2313 22.31416 0.5 -12.57064
NODE 2314 22.31416 0.5 -13.07064
NODE 2315 22.31416 0.5 -13.57064
NODE 2316 22.31416 0.5 -14.07064
NODE 2317 22.31416 0.5 -14.57064
NODE 2318 22.31416 0.5 -15.07064
NODE 2319 22.31416 0.5 -15.57064
NODE 2320 22.31416 0.5 -16.07064
NODE 2321 22.31416 0.5 -16.57064
NODE 2322 22.31416 0.5 -17.07064
NODE 2323 22.31416 0.5 -17.57064
NODE 2324 22.31416 0.5 -18.07064
NODE 2325 22.31416 0.5 -18.57064
NODE 2326 22.31416 0.5 -19.07064
NODE 2327 22.31416 0.5 -19.57064
NODE 2328 22.31416 0.5 -20.07064
NODE 2329 22.31416 0.5 -20.57064
NODE 2330 22.31416 0.5 -21.07064
NODE 2331 22.31416 0.5 -21.57064
NODE 2332 22.31416 0.5 -22.07064
NODE 2333 22.31416 0.5 -22.57064
NODE 2334 22.31416 0.5 -23.07064
NODE 2335 22.31416 0.5 -23.57064
NODE 2336 22.31416 0.5 -24.07064
NODE 2337 22.31416 0.5 -24.57064
NODE 2338 22.31416 0.5 -25.07064
NODE 2339 22.31416 0.5 -25.57064
NODE 2340 22.31416 0.5 -26.07064
NODE 2341 22.31416 0.5 -26.57064
NODE 2342 22.31416 0.5 -27.07064
NODE 2343 22.31416 0.5 -27.57064
NODE 2344 22.31416 0.5 -28.07064
NODE 2345 22.31416 0.5 -28.57064
NODE 2346 22.31416 0.5 -29.07064
NODE 2347 22.31416 0.5 -29.57064
NODE 2348 22.31416 0.5 -30.07064
NODE 2349 22.31416 0.5 -30.57064
NODE 2350 22.31416 0.5 -31.07064
NODE 2351 22.31416 0.5 -31.57064
NODE 2352 22.31416 0.5 -32.07064
NODE 2353 22.31416 0.5 -32.57064
NODE 2354 22.31416 0.5 -33.07064
NODE 2355 22.31416 0.5 -33.57064
NODE 2356 22.31416 0.5 -34.07064
NODE 2357 22.31416 0.5 -34.57064
NODE 2358 22.31416 0.5 -35.07064
NODE 2359 22.31416 0.5 -35.57064
NODE 2360 22.31416 0.5 -36.07064
NODE 2361 22.31416 0.5 -36.57064
NODE 2362 22.31416 0.5 -37.07064
NODE 2363 22.31416 0.5 -37.57064
NODE 2364 22.31416 0.5 -38.07064
NODE 2365 22.31416 0.5 -38.57064
NODE 2366 22.81416 0.5 13.92936
NODE 2367 22.81416 0.5 13.42936
NODE 2368 22.81416 0.5 12.92936
NODE 2369 22.81416 0.5 12.42936
NODE 2370 22.81416 0.5 11.92936
NODE 2371 22.81416 0.5 11.42936
NODE 2372 22.81416 0.5 -8.070641
NODE 2373 22.81416 0.5 -8.570641
NODE 2374 22.81416 0.5 -9.070641
NODE 2375 22.81416 0.5 -9.570641
NODE 2376 22.81416 0.5 -10.07064
NODE 2377 22.81416 0.5 -10.57064
NODE 2378 22.81416 0.5 -11.07064
NODE 2379 22.81416 0.5 -11.57064
NODE 2380 22.81416 0.5 -12.07064
NODE 2381 22.81416 0.5 -12.57064
NODE 2382 22.81416 0.5 -13.07064
NODE 2383 22.81416 0.5 -13.57064
NODE 2384 22.81416 0.5 -14.07064
NODE 2385 22.81416 0.5 -14.57064
NODE 2386 22.81416 0.5 -15.07064
NODE 2387 22.81416 0.5 -15.57064
NODE 2388 22.81416 0.5 -16.07064
NODE 2389 22.81416 0.5 -16.57064
NODE 2390 22.81416 0.5 -17.07064
NODE 2391 22.81416 0.5 -17.57064
NODE 2392 22.81416 0.5 -18.07064
NODE 2393 22.81416 0.5 -18.57064
NODE 2394 22.81416 0.5 -19.07064
NODE 2395 22.81416 0.5 -19.57064
NODE 2396 22.81416 0.5 -20.07064
NODE 2397 22.81416 0.5 -20.57064
NODE 2398 22.81416 0.5 -21.07064
NODE 2399 22.81416 0.5 -21.57064
NODE 2400 22.81416 0.5 -22.07064
NODE 2401 22.81416 0.5 -22.57064
NODE 2402 22.81416 0.5 -23.07064
NODE 2403 22.81416 0.5 -23.57064
NODE 2404 22.81416 0.5 -24.07064
NODE 2405 22.81416 0.5 -24.57064
NODE 2406 22.81416 0.5 -25.07064
NODE 2407 22.81416 0.5 -25.57064
NODE 2408 22.81416 0.5 -26.07064
NODE 2409 22.81416 0.5 -26.57064
NODE 2410 22.81416 0.5 -27.07064
NODE 2411 22.81416 0.5 -27.57064
NODE 2412 22.81416 0.5 -28.07064
NODE 2413 22.81416 0.5 -28.57064
NODE 2414 22.81416 0.5 -29.07064
NODE 2415 22.81416 0.5 -29.57064
NODE 2416 22.81416 0.5 -30.07064
NODE 2417 22.81416 0.5 -30.57064
NODE 2418 22.81416 0.5 -31.07064
NODE 2419 22.81416 0.5 -31.57064
NODE 2420 22.81416 0.5 -32.07064
NODE 2421 22.81416 0.5 -32.57064
NODE 2422 22.81416 0.5 -33.07064
NODE 2423 22.81416 0.5 -33.57064
NODE 2424 22.81416 0.5 -34.07064
NODE 2425 22.81416 0.5 -34.57064
NODE 2426 22.81416 0.5 -35.07064
NODE 2427 22.81416 0.5 -35.57064
NODE 2428 22.81416 0.5 -36.07064
NODE 2429 22.81416 0.5 -36.57064
NODE 2430 22.81416 0.5 -37.07064
NODE 2431 22.81416 0.5 -37.57064
NODE 2432 22.81416 0.5 -38.07064
NODE 2433 22.81416 0.5 -38.57064
NODE 2434 23.31416 0.5 13.92936
NODE 2435 23.31416 0.5 13.42936
NODE 2436 23.31416 0.5 12.92936
NODE 2437 23.31416 0.5 12.42936
NODE 2438 23.31416 0.5 11.92936
NODE 2439 23.31416 0.5 11.42936
NODE 2440 23.31416 0.5 -8.070641
NODE 2441 23.31416 0.5 -8.570641
NODE 2442 23.31416 0.5 -9.070641
NODE 2443 23.31416 0.5 -9.570641
NODE 2444 23.31416 0.5 -10.07064
NODE 2445 23.31416 0.5 -10.57064
NODE 2446 23.31416 0.5 -11.07064
NODE 2447 23.31416 0.5 -11.57064
NODE 2448 23.31416 0.5 -12.07064
NODE 2449 23.31416 0.5 -12.57064
NODE 2450 23.31416 0.5 -13.07064
NODE 2451 23.31416 0.5 -13.57064
NODE 2452 23.31416 0.5 -14.07064
NODE 2453 23.31416 0.5 -14.57064
NODE 2454 23.31416 0.5 -15.07064
NODE 2455 23.31416 0.5 -15.57064
NODE 2456 23.31416 0.5 -16.07064
NODE 2457 23.31416 0.5 -16.57064
NODE 2458 23.31416 0.5 -17.07064
NODE 2459 23.31416 0.5 -17.57064
NODE 2460 23.31416 0.5 -18.07064
NODE 2461 23.31416 0.5 -18.57064
NODE 2462 23.31416 0.5 -19.07064
NODE 2463 23.31416 0.5 -19.57064
NODE 2464 23.31416 0.5 -20.07064
NODE 2465 23.31416 0.5 -20.57064
NODE 2466 23.31416 0.5 -21.07064
NODE 2467 23.31416 0.5 -21.57064
NODE 2468 23.31416 0.5 -22.07064
NODE 2469 23.31416 0.5 -22.57064
NODE 2470 23.31416 0.5 -23.07064
NODE 2471 23.31416 0.5 -23.57064
NODE 2472 23.31416 0.5 -24.07064
NODE 2473 23.31416 0.5 -24.57064
NODE 2474 23.31416 0.5 -25.07064
NODE 2475 23.31416 0.5 -25.57064
NODE 2476 23.31416 0.5 -26.07064
NODE 2477 23.31416 0.5 -26.57064
NODE 2478 23.31416 0.5 -27.07064
NODE 2479 23.31416 0.5 -27.57064
NODE 2480 23.31416 0.5 -28.07064
NODE 2481 23.31416 0.5 -28.57064
NODE 2482 23.31416 0.5 -29.07064
NODE 2483 23.31416 0.5 -29.57064
NODE 2484 23.31416 0.5 -30.07064
NODE 2485 23.31416 0.5 -30.57064
NODE 2486 23.31416 0.5 -31.07064
NODE 2487 23.31416 0.5 -31.57064
NODE 2488 23.31416 0.5 -32.07064
NODE 2489 23.31416 0.5 -32.57064
NODE 2490 23.31416 0.5 -33.07064
NODE 2491 23.31416 0.5 -33.57064
NODE 2492 23.31416 0.5 -34.07064
NODE 2493 23.31416 0.5 -34.57064
NODE 2494 23.31416 0.5 -35.07064
NODE 2495 23.31416 0.5 -35.57064
NODE 2496 23.31416 0.5 -36.07064
NODE 2497 23.31416 0.5 -36.57064
NODE 2498 23.31416 0.5 -37.07064
NODE 2499 23.31416 0.5 -37.57064
NODE 2500 23.31416 0.5 -38.07064
NODE 2501 23.31416 0.5 -38.57064
NODE 2502 23.81416 0.5 13.92936
NODE 2503 23.81416 0.5 13.42936
NODE 2504 23.81416 0.5 12.92936
NODE 2505 23.81416 0.5 12.42936
NODE 2506 23.81416 0.5 11.92936
NODE 2507 23.81416 0.5 11.42936
NODE 2508 23.81416 0.5 -8.070641
NODE 2509 23.81416 0.5 -8.570641
NODE 2510 23.81416 0.5 -9.070641
NODE 2511 23.81416 0.5 -9.570641
NODE 2512 23.81416 0.5 -10.07064
NODE 2513 23.81416 0.5 -10.57064
NODE 2514 23.81416 0.5 -11.07064
NODE 2515 23.81416 0.5 -11.57064
NODE 2516 23.81416 0.5 -12.07064
NODE 2517 23.81416 0.5 -12.57064
NODE 2518 23.81416 0.5 -13.07064
NODE 2519 23.81416 0.5 -13.57064
NODE 2520 23.81416 0.5 -14.07064
NODE 2521 23.81416 0.5 -14.57064
NODE 2522 23.81416 0.5 -15.07064
NODE 2523 23.81416 0.5 -15.57064
NODE 2524 23.81416 0.5 -16.07064
NODE 2525 23.81416 0.5 -16.57064
NODE 2526 23.81416 0.5 -17.07064
NODE 2527 23.81416 0.5 -17.57064
NODE 2528 23.81416 0.5 -18.07064
NODE 2529 23.81416 0.5 -18.57064
NODE 2530 23.81416 0.5 -19.07064
NODE 2531 23.81416 0.5 -19.57064
NODE 2532 23.81416 0.5 -20.07064
NODE 2533 23.81416 0.5 -20.57064
NODE 2534 23.81416 0.5 -21.07064
NODE 2535 23.81416 0.5 -21.57064
NODE 2536 23.81416 0.5 -22.07064
NODE 2537 23.81416 0.5 -22.57064
NODE 2538 23.81416 0.5 -23.07064
NODE 2539 23.81416 0.5 -23.57064
NODE 2540 23.81416 0.5 -24.07064
NODE 2541 23.81416 0.5 -24.57064
NODE 2542 23.81416 0.5 -25.07064
NODE 2543 23.81416 0.5 -25.57064
NODE 2544 23.81416 0.5 -26.07064
NODE 2545 23.81416 0.5 -26.57064
NODE 2546 23.81416 0.5 -27.07064
NODE 2547 23.81416 0.5 -27.57064
NODE 2548 23.81416 0.5 -28.07064
NODE 2549 23.81416 0.5 -28.57064
NODE 2550 23.81416 0.5 -29.07064
NODE 2551 23.81416 0.5 -29.57064
NODE 2552 23.81416 0.5 -30.07064
NODE 2553 23.81416 0.5 -30.57064
NODE 2554 23.81416 0.5 -31.07064
NODE 2555 23.81416 0.5 -31.57064
NODE 2556 23.81416 0.5 -32.07064
NODE 2557 23.81416 0.5 -32.57064
NODE 2558 23.81416 0.5 -33.07064
NODE 2559 23.81416 0.5 -33.57064
NODE 2560 23.81416 0.5 -34.07064
NODE 2561 23.81416 0.5 -34.57064
NODE 2562 23.81416 0.5 -35.07064
NODE 2563 23.81416 0.5 -35.57064
NODE 2564 23.81416 0.5 -36.07064
NODE 2565 23.81416 0.5 -36.57064
NODE 2566 23.81416 0.5 -37.07064
NODE 2567 23.81416 0.5 -37.57064
NODE 2568 23.81416 0.5 -38.07064
NODE 2569 23.81416 0.5 -38.57064
NODE 2570 24.31416 0.5 13.92936
NODE 2571 24.31416 0.5 13.42936
NODE 2572 24.31416 0.5 12.92936
NODE 2573 24.31416 0.5 12.42936
NODE 2574 24.31416 0.5 11.92936
NODE 2575 24.31416 0.5 11.42936
NODE 2576 24.31416 0.5 -8.070641
NODE 2577 24.31416 0.5 -8.570641
NODE 2578 24.31416 0.5 -9.070641
NODE 2579 24.31416 0.5 -9.570641
NODE 2580 24.31416 0.5 -10.07064
NODE 2581 24.31416 0.5 -10.57064
NODE 2582 24.31416 0.5 -11.07064
NODE 2583 24.31416 0.5 -11.57064
NODE 2584 24.31416 0.5 -12.07064
NODE 2585 24.31416 0.5 -12.57064
NODE 2586 24.31416 0.5 -13.07064
NODE 2587 24.31416 0.5 -13.57064
NODE 2588 24.31416 0.5 -14.07064
NODE 2589 24.31416 0.5 -14.57064
NODE 2590 24.31416 0.5 -15.07064
NODE 2591 24.31416 0.5 -15.57064
NODE 2592 24.31416 0.5 -16.07064
NODE 2593 24.31416 0.5 -16.57064
NODE 2594 24.31416 0.5 -17.07064
NODE 2595 24.31416 0.5 -17.57064
NODE 2596 24.31416 0.5 -18.07064
NODE 2597 24.31416 0.5 -18.57064
NODE 2598 24.31416 0.5 -19.07064
NODE 2599 24.31416 0.5 -19.57064
NODE 2600 24.31416 0.5 -20.07064
NODE 2601 24.31416 0.5 -20.57064
NODE 2602 24.31416 0.5 -21.07064
NODE 2603 24.31416 0.5 -21.57064
NODE 2604 24.31416 0.5 -22.07064
NODE 2605 24.31416 0.5 -22.57064
NODE 2606 24.31416 0.5 -23.07064
NODE 2607 24.31416 0.5 -23.57064
NODE 2608 24.31416 0.5 -24.07064
NODE 2609 24.31416 0.5 -24.57064
NODE 2610 24.31416 0.5 -25.07064
NODE 2611 24.31416 0.5 -25.57064
NODE 2612 24.31416 0.5 -26.07064
NODE 2613 24.31416 0.5 -26.57064
NODE 2614 24.31416 0.5 -27.07064
NODE 2615 24.31416 0.5 -27.57064
NODE 2616 24.31416 0.5 -28.07064
NODE 2617 24.31416 0.5 -28.57064
NODE 2618 24.31416 0.5 -29.07064
NODE 2619 24.31416 0.5 -29.57064
NODE 2620 24.31416 0.5 -30.07064
NODE 2621 24.31416 0.5 -30.57064
NODE 2622 24.31416 0.5 -31.07064
NODE 2623 24.31416 0.5 -31.57064
NODE 2624 24.31416 0.5 -32.07064
NODE 2625 24.31416 0.5 -32.57064
NODE 2626 24.31416 0.5 -33.07064
NODE 2627 24.31416 0.5 -33.57064
NODE 2628 24.31416 0.5 -34.07064
NODE 2629 24.31416 0.5 -34.57064
NODE 2630 24.31416 0.5 -35.07064
NODE 2631 24.31416 0.5 -35.57064
NODE 2632 24.31416 0.5 -36.07064
NODE 2633 24.31416 0.5 -36.57064
NODE 2634 24.31416 0.5 -37.07064
NODE 2635 24.31416 0.5 -37.57064
NODE 2636 24.31416 0.5 -38.07064
NODE 2637 24.31416 0.5 -38.57064
NODE 2638 24.81416 0.5 13.92936
NODE 2639 24.81416 0.5 13.42936
NODE 2640 24.81416 0.5 12.92936
NODE 2641 24.81416 0.5 12.42936
NODE 2642 24.81416 0.5 11.92936
NODE 2643 24.81416 0.5 11.42936
NODE 2644 24.81416 0.5 -8.070641
NODE 2645 24.81416 0.5 -8.570641
NODE 2646 24.81416 0.5 -9.070641
NODE 2647 24.81416 0.5 -9.570641
NODE 2648 24.81416 0.5 -10.07064
NODE 2649 24.81416 0.5 -10.57064
NODE 2650 24.81416 0.5 -11.07064
NODE 2651 24.81416 0.5 -11.57064
NODE 2652 24.81416 0.5 -12.07064
NODE 2653 24.81416 0.5 -12.57064
NODE 2654 24.81416 0.5 -13.07064
NODE 2655 24.81416 0.5 -13.57064
NODE 2656 24.81416 0.5 -14.07064
NODE 2657 24.81416 0.5 -14.57064
NODE 2658 24.81416 0.5 -15.07064
NODE 2659 24.81416 0.5 -15.57064
NODE 2660 24.81416 0.5 -16.07064
NODE 2661 24.81416 0.5 -16.57064
NODE 2662 24.81416 0.5 -17.07064
NODE 2663 24.81416 0.5 -17.57064
NODE 2664 24.81416 0.5 -18.07064
NODE 2665 24.81416 0.5 -18.57064
NODE 2666 24.81416 0.5 -19.07064
NODE 2667 24.81416 0.5 -19.57064
NODE 2668 24.81416 0.5 -20.07064
NODE 2669 24.81416 0.5 -20.57064
NODE 2670 24.81416 0.5 -21.07064
NODE 2671 24.81416 0.5 -21.57064
NODE 2672 24.81416 0.5 -22.07064
NODE 2673 24.81416 0.5 -22.57064
NODE 2674 24.81416 0.5 -23.07064
NODE 2675 24.81416 0.5 -23.57064
NODE 2676 24.81416 0.5 -24.07064
NODE 2677 24.81416 0.5 -24.57064
NODE 2678 24.81416 0.5 -25.07064
NODE 2679 24.81416 0.5 -25.57064
NODE 2680 24.81416 0.5 -26.07064
NODE 2681 24.81416 0.5 -26.57064
NODE 2682 24.81416 0.5 -27.07064
NODE 2683 24.81416 0.5 -27.57064
NODE 2684 24.81416 0.5 -28.07064
NODE 2685 24.81416 0.5 -28.57064
NODE 2686 24.81416 0.5 -29.07064
NODE 2687 24.81416 0.5 -29.57064
NODE 2688 24.81416 0.5 -30.07064
NODE 2689 24.81416 0.5 -30.57064
NODE 2690 24.81416 0.5 -31.07064
NODE 2691 24.81416 0.5 -31.57064
NODE 2692 24.81416 0.5 -32.07064
NODE 2693 24.81416 0.5 -32.57064
NODE 2694 24.81416 0.5 -33.07064
NODE 2695 24.81416 0.5 -33.57064
NODE 2696 24.81416 0.5 -34.07064
NODE 2697 24.81416 0.5 -34.57064
NODE 2698 24.81416 0.5 -35.07064
NODE 2699 24.81416 0.5 -35.57064
NODE 2700 24.81416 0.5 -36.07064
NODE 2701 24.81416 0.5 -36.57064
NODE 2702 24.81416 0.5 -37.07064
NODE 2703 24.81416 0.5 -37.57064
NODE 2704 24.81416 0.5 -38.07064
NODE 2705 24.81416 0.5 -38.57064
NODE 2706 25.31416 0.5 13.92936
NODE 2707 25.31416 0.5 13.42936
NODE 2708 25.31416 0.5 12.92936
NODE 2709 25.31416 0.5 12.42936
NODE 2710 25.31416 0.5 11.92936
NODE 2711 25.31416 0.5 11.42936
NODE 2712 25.31416 0.5 -8.070641
NODE 2713 25.31416 0.5 -8.570641
NODE 2714 25.31416 0.5 -9.070641
NODE 2715 25.31416 0.5 -9.570641
NODE 2716 25.31416 0.5 -10.07064
NODE 2717 25.31416 0.5 -10.57064
NODE 2718 25.31416 0.5 -11.07064
NODE 2719 25.31416 0.5 -11.57064
NODE 2720 25.31416 0.5 -12.07064
NODE 2721 25.31416 0.5 -12.57064
NODE 2722 25.31416 0.5 -13.07064
NODE 2723 25.31416 0.5 -13.57064
NODE 2724 25.31416 0.5 -14.07064
NODE 2725 25.31416 0.5 -14.57064
NODE 2726 25.31416 0.5 -15.07064
NODE 2727 25.31416 0.5 -15.57064
NODE 2728 25.31416 0.5 -16.07064
NODE 2729 25.31416 0.5 -16.57064
NODE 2730 25.31416 0.5 -17.07064
NODE 2731 25.31416 0.5 -17.57064
NODE 2732 25.31416 0.5 -18.07064
NODE 2733 25.31416 0.5 -18.57064
NODE 2734 25.31416 0.5 -19.07064
NODE 2735 25.31416 0.5 -19.57064
NODE 2736 25.31416 0.5 -20.07064
NODE 2737 25.31416 0.5 -20.57064
NODE 2738 25.31416 0.5 -21.07064
NODE 2739 25.31416 0.5 -21.57064
NODE 2740 25.31416 0.5 -22.07064
NODE 2741 25.31416 0.5 -22.57064
NODE 2742 25.31416 0.5 -23.07064
NODE 2743 25.31416 0.5 -23.57064
NODE 2744 25.31416 0.5 -24.07064
NODE 2745 25.31416 0.5 -24.57064
NODE 2746 25.31416 0.5 -25.07064
NODE 2747 25.31416 0.5 -25.57064
NODE 2748 25.31416 0.5 -26.07064
NODE 2749 25.31416 0.5 -26.57064
NODE 2750 25.31416 0.5 -27.07064
NODE 2751 25.31416 0.5 -27.57064
NODE 2752 25.31416 0.5 -28.07064
NODE 2753 25.31416 0.5 -28.57064
NODE 2754 25.31416 0.5 -29.07064
NODE 2755 25.31416 0.5 -29.57064
NODE 2756 25.31416 0.5 -30.07064
NODE 2757 25.31416 0.5 -30.57064
NODE 2758 25.31416 0.5 -31.07064
NODE 2759 25.31416 0.5 -31.57064
NODE 2760 25.31416 0.5 -32.07064
NODE 2761 25.31416 0.5 -32.57064
NODE 2762 25.31416 0.5 -33.07064
NODE 2763 25.31416 0.5 -33.57064
NODE 2764 25.31416 0.5 -34.07064
NODE 2765 25.31416 0.5 -34.57064
NODE 2766 25.31416 0.5 -35.07064
NODE 2767 25.31416 0.5 -35.57064
NODE 2768 25.31416 0.5 -36.07064
NODE 2769 25.31416 0.5 -36.57064
NODE 2770 25.31416 0.5 -37.07064
NODE 2771 25.31416 0.5 -37.57064
NODE 2772 25.31416 0.5 -38.07064
NODE 2773 25.31416 0.5 -38.57064
NODE 2774 25.81416 0.5 13.92936
NODE 2775 25.81416 0.5 13.42936
NODE 2776 25.81416 0.5 12.92936
NODE 2777 25.81416 0.5 12.42936
NODE 2778 25.81416 0.5 11.92936
NODE 2779 25.81416 0.5 11.42936
NODE 2780 25.81416 0.5 -8.070641
NODE 2781 25.81416 0.5 -8.570641
NODE 2782 25.81416 0.5 -9.070641
NODE 2783 25.81416 0.5 -9.570641
NODE 2784 25.81416 0.5 -10.07064
NODE 2785 25.81416 0.5 -10.57064
NODE 2786 25.81416 0.5 -11.07064
NODE 2787 25.81416 0.5 -11.57064
NODE 2788 25.81416 0.5 -12.07064
NODE 2789 25.81416 0.5 -12.57064
NODE 2790 25.81416 0.5 -13.07064
NODE 2791 25.81416 0.5 -13.57064
NODE 2792 25.81416 0.5 -14.07064
NODE 2793 25.81416 0.5 -14.57064
NODE 2794 25.81416 0.5 -15.07064
NODE 2795 25.81416 0.5 -15.57064
NODE 2796 25.81416 0.5 -16.07064
NODE 2797 25.81416 0.5 -16.57064
NODE 2798 25.81416 0.5 -17.07064
NODE 2799 25.81416 0.5 -17.57064
NODE 2800 25.81416 0.5 -18.07064
NODE 2801 25.81416 0.5 -18.57064
NODE 2802 25.81416 0.5 -19.07064
NODE 2803 25.81416 0.5 -19.57064
NODE 2804 25.81416 0.5 -20.07064
NODE 2805 25.81416 0.5 -20.57064
NODE 2806 25.81416 0.5 -21.07064
NODE 2807 25.81416 0.5 -21.57064
NODE 2808 25.81416 0.5 -22.07064
NODE 2809 25.81416 0.5 -22.57064
NODE 2810 25.81416 0.5 -23.07064
NODE 2811 25.81416 0.5 -23.57064
NODE 2812 25.81416 0.5 -24.07064
NODE 2813 25.81416 0.5 -24.57064
NODE 2814 25.81416 0.5 -25.07064
NODE 2815 25.81416 0.5 -25.57064
NODE 2816 25.81416 0.5 -26.07064
NODE 2817 25.81416 0.5 -26.57064
NODE 2818 25.81416 0.5 -27.07064
NODE 2819 25.81416 0.5 -27.57064
NODE 2820 25.81416 0.5 -28.07064
NODE 2821 25.81416 0.5 -28.57064
NODE 2822 25.81416 0.5 -29.07064
NODE 2823 25.81416 0.5 -29.57064
NODE 2824 25.81416 0.5 -30.07064
NODE 2825 25.81416 0.5 -30.57064
NODE 2826 25.81416 0.5 -31.07064
NODE 2827 25.81416 0.5 -31.57064
NODE 2828 25.81416 0.5 -32.07064
NODE 2829 25.81416 0.5 -32.57064
NODE 2830 25.81416 0.5 -33.07064
NODE 2831 25.81416 0.5 -33.57064
NODE 2832 25.81416 0.5 -34.07064
NODE 2833 25.81416 0.5 -34.57064
NODE 2834 25.81416 0.5 -35.07064
NODE 2835 25.81416 0.5 -35.57064
NODE 2836 25.81416 0.5 -36.07064
NODE 2837 25.81416 0.5 -36.57064
NODE 2838 25.81416 0.5 -37.07064
NODE 2839 25.81416 0.5 -37.57064
NODE 2840 25.81416 0.5 -38.07064
NODE 2841 25.81416 0.5 -38.57064
NODE 2842 26.31416 0.5 13.92936
NODE 2843 26.31416 0.5 13.42936
NODE 2844 26.31416 0.5 12.92936
NODE 2845 26.31416 0.5 12.42936
NODE 2846 26.31416 0.5 11.92936
NODE 2847 26.31416 0.5 11.42936
NODE 2848 26.31416 0.5 -8.070641
NODE 2849 26.31416 0.5 -8.570641
NODE 2850 26.31416 0.5 -9.070641
NODE 2851 26.31416 0.5 -9.570641
NODE 2852 26.31416 0.5 -10.07064
NODE 2853 26.31416 0.5 -10.57064
NODE 2854 26.31416 0.5 -11.07064
NODE 2855 26.31416 0.5 -11.57064
NODE 2856 26.31416 0.5 -12.07064
NODE 2857 26.31416 0.5 -12.57064
NODE 2858 26.31416 0.5 -13.07064
NODE 2859 26.31416 0.5 -13.57064
NODE 2860 26.31416 0.5 -14.07064
NODE 2861 26.31416 0.5 -14.57064
NODE 2862 26.31416 0.5 -15.07064
NODE 2863 26.31416 0.5 -15.57064
NODE 2864 26.31416 0.5 -16.07064
NODE 2865 26.31416 0.5 -16.57064
NODE 2866 26.31416 0.5 -17.07064
NODE 2867 26.31416 0.5 -17.57064
NODE 2868 26.31416 0.5 -18.07064
NODE 2869 26.31416 0.5 -18.57064
NODE 2870 26.31416 0.5 -19.07064
NODE 2871 26.31416 0.5 -19.57064
NODE 2872 26.31416 0.5 -20.07064
NODE 2873 26.31416 0.5 -20.57064
NODE 2874 26.31416 0.5 -21.07064
NODE 2875 26.31416 0.5 -21.57064
NODE 2876 26.31416 0.5 -22.07064
NODE 2877 26.31416 0.5 -22.57064
NODE 2878 26.31416 0.5 -23.07064
NODE 2879 26.31416 0.5 -23.57064
NODE 2880 26.31416 0.5 -24.07064
NODE 2881 26.31416 0.5 -24.57064
NODE 2882 26.31416 0.5 -25.07064
NODE 2883 26.31416 0.5 -25.57064
NODE 2884 26.31416 0.5 -26.07064
NODE 2885 26.31416 0.5 -26.57064
NODE 2886 26.31416 0.5 -27.07064
NODE 2887 26.31416 0.5 -27.57064
NODE 2888 26.31416 0.5 -28.07064
NODE 2889 26.31416 0.5 -28.57064
NODE 2890 26.31416 0.5 -29.07064
NODE 2891 26.31416 0.5 -29.57064
NODE 2892 26.31416 0.5 -30.07064
NODE 2893 26.31416 0.5 -30.57064
NODE 2894 26.31416 0.5 -31.07064
NODE 2895 26.31416 0.5 -31.57064
NODE 2896 26.31416 0.5 -32.07064
NODE 2897 26.31416 0.5 -32.57064
NODE 2898 26.31416 0.5 -33.07064
NODE 2899 26.31416 0.5 -33.57064
NODE 2900 26.31416 0.5 -34.07064
NODE 2901 26.31416 0.5 -34.57064
NODE 2902 26.31416 0.5 -35.07064
NODE 2903 26.31416 0.5 -35.57064
NODE 2904 26.31416 0.5 -36.07064
NODE 2905 26.31416 0.5 -36.57064
NODE 2906 26.31416 0.5 -37.07064
NODE 2907 26.31416 0.5 -37.57064
NODE 2908 26.31416 0.5 -38.07064
NODE 2909 26.31416 0.5 -38.57064
NODE 2910 26.81416 0.5 13.92936
NODE 2911 26.81416 0.5 13.42936
NODE 2912 26.81416 0.5 12.92936
NODE 2913 26.81416 0.5 12.42936
NODE 2914 26.81416 0.5 11.92936
NODE 2915 26.81416 0.5 11.42936
NODE 2916 26.81416 0.5 -8.070641
NODE 2917 26.81416 0.5 -8.570641
NODE 2918 26.81416 0.5 -9.070641
NODE 2919 26.81416 0.5 -9.570641
NODE 2920 26.81416 0.5 -10.07064
NODE 2921 26.81416 0.5 -10.57064
NODE 2922 26.81416 0.5 -11.07064
NODE 2923 26.81416 0.5 -11.57064
NODE 2924 26.81416 0.5 -12.07064
NODE 2925 26.81416 0.5 -12.57064
NODE 2926 26.81416 0.5 -13.07064
NODE 2927 26.81416 0.5 -13.57064
NODE 2928 26.81416 0.5 -14.07064
NODE 2929 26.81416 0.5 -14.57064
NODE 2930 26.81416 0.5 -15.07064
NODE 2931 26.81416 0.5 -15.57064
NODE 2932 26.81416 0.5 -16.07064
NODE 2933 26.81416 0.5 -16.57064
NODE 2934 26.81416 0.5 -17.07064
NODE 2935 26.81416 0.5 -17.57064
NODE 2936 26.81416 0.5 -18.07064
NODE 2937 26.81416 0.5 -18.57064
NODE 2938 26.81416 0.5 -19.07064
NODE 2939 26.81416 0.5 -19.57064
NODE 2940 26.81416 0.5 -20.07064
NODE 2941 26.81416 0.5 -20.57064
NODE 2942 26.81416 0.5 -21.07064
NODE 2943 26.81416 0.5 -21.57064
NODE 2944 26.81416 0.5 -22.07064
NODE 2945 26.81416 0.5 -22.57064
NODE 2946 26.81416 0.5 -23.07064
NODE 2947 26.81416 0.5 -23.57064
NODE 2948 26.81416 0.5 -24.07064
NODE 2949 26.81416 0.5 -24.57064
NODE 2950 26.81416 0.5 -25.07064
NODE 2951 26.81416 0.5 -25.57064
NODE 2952 26.81416 0.5 -26.07064
NODE 2953 26.81416 0.5 -26.57064
NODE 2954 26.81416 0.5 -27.07064
NODE 2955 26.81416 0.5 -27.57064
NODE 2956 26.81416 0.5 -28.07064
NODE 2957 26.81416 0.5 -28.57064
NODE 2958 26.81416 0.5 -29.07064
NODE 2959 26.81416 0.5 -29.57064
NODE 2960 26.81416 0.5 -30.07064
NODE 2961 26.81416 0.5 -30.57064
NODE 2962 26.81416 0.5 -31.07064
NODE 2963 26.81416 0.5 -31.57064
NODE 2964 26.81416 0.5 -32.07064
NODE 2965 26.81416 0.5 -32.57064
NODE 2966 26.81416 0.5 -33.07064
NODE 2967 26.81416 0.5 -33.57064
NODE 2968 26.81416 0.5 -34.07064
NODE 2969 26.81416 0.5 -34.57064
NODE 2970 26.81416 0.5 -35.07064
NODE 2971 26.81416 0.5 -35.57064
NODE 2972 26.81416 0.5 -36.07064
NODE 2973 26.81416 0.5 -36.57064
NODE 2974 26.81416 0.5 -37.07064
NODE 2975 26.81416 0.5 -37.57064
NODE 2976 26.81416 0.5 -38.07064
NODE 2977 26.81416 0.5 -38.57064
NODE 2978 27.31416 0.5 13.92936
NODE 2979 27.31416 0.5 13.42936
NODE 2980 27.31416 0.5 12.92936
NODE 2981 27.31416 0.5 12.42936
NODE 2982 27.31416 0.5 11.92936
NODE 2983 27.31416 0.5 11.42936
NODE 2984 27.31416 0.5 -8.070641
NODE 2985 27.31416 0.5 -8.570641
NODE 2986 27.31416 0.5 -9.070641
NODE 2987 27.31416 0.5 -9.570641
NODE 2988 27.31416 0.5 -10.07064
NODE 2989 27.31416 0.5 -10.57064
NODE 2990 27.31416 0.5 -11.07064
NODE 2991 27.31416 0.5 -11.57064
NODE 2992 27.31416 0.5 -12.07064
NODE 2993 27.31416 0.5 -12.57064
NODE 2994 27.31416 0.5 -13.07064
NODE 2995 27.31416 0.5 -13.57064
NODE 2996 27.31416 0.5 -14.07064
NODE 2997 27.31416 0.5 -14.57064
NODE 2998 27.31416 0.5 -15.07064
NODE 2999 27.31416 0.5 -15.57064
NODE 3000 27.31416 0.5 -16.07064
NODE 3001 27.31416 0.5 -16.57064
NODE 3002 27.31416 0.5 -17.07064
NODE 3003 27.31416 0.5 -17.57064
NODE 3004 27.31416 0.5 -18.07064
NODE 3005 27.31416 0.5 -18.57064
NODE 3006 27.31416 0.5 -19.07064
NODE 3007 27.31416 0.5 -19.57064
NODE 3008 27.31416 0.5 -20.07064
NODE 3009 27.31416 0.5 -20.57064
NODE 3010 27.31416 0.5 -21.07064
NODE 3011 27.31416 0.5 -21.57064
NODE 3012 27.31416 0.5 -22.07064
NODE 3013 27.31416 0.5 -22.57064
NODE 3014 27.31416 0.5 -23.07064
NODE 3015 27.31416 0.5 -23.57064
NODE 3016 27.31416 0.5 -24.07064
NODE 3017 27.31416 0.5 -24.57064
NODE 3018 27.31416 0.5 -25.07064
NODE 3019 27.31416 0.5 -25.57064
NODE 3020 27.31416 0.5 -26.07064
NODE 3021 27.31416 0.5 -26.57064
NODE 3022 27.31416 0.5 -27.07064
NODE 3023 27.31416 0.5 -27.57064
NODE 3024 27.31416 0.5 -28.07064
NODE 3025 27.31416 0.5 -28.57064
NODE 3026 27.31416 0.5 -29.07064
NODE 3027 27.31416 0.5 -29.57064
NODE 3028 27.31416 0.5 -30.07064
NODE 3029 27.31416 0.5 -30.57064
NODE 3030 27.31416 0.5 -31.07064
NODE 3031 27.31416 0.5 -31.57064
NODE 3032 27.31416 0.5 -32.07064
NODE 3033 27.31416 0.5 -32.57064
NODE 3034 27.31416 0.5 -33.07064
NODE 3035 27.31416 0.5 -33.57064
NODE 3036 27.31416 0.5 -34.07064
NODE 3037 27.31416 0.5 -34.57064
NODE 3038 27.31416 0.5 -35.07064
NODE 3039 27.31416 0.5 -35.57064
NODE 3040 27.31416 0.5 -36.07064
NODE 3041 27.31416 0.5 -36.57064
NODE 3042 27.31416 0.5 -37.07064
NODE 3043 27.31416 0.5 -37.57064
NODE 3044 27.31416 0.5 -38.07064
NODE 3045 27.31416 0.5 -38.57064
NODE 3046 27.81416 0.5 13.92936
NODE 3047 27.81416 0.5 13.42936
NODE 3048 27.81416 0.5 12.92936
NODE 3049 27.81416 0.5 12.42936
NODE 3050 27.81416 0.5 11.92936
NODE 3051 27.81416 0.5 11.42936
NODE 3052 27.81416 0.5 -8.070641
NODE 3053 27.81416 0.5 -8.570641
NODE 3054 27.81416 0.5 -9.070641
NODE 3055 27.81416 0.5 -9.570641
NODE 3056 27.81416 0.5 -10.07064
NODE 3057 27.81416 0.5 -10.57064
NODE 3058 27.81416 0.5 -11.07064
NODE 3059 27.81416 0.5 -11.57064
NODE 3060 27.81416 0.5 -12.07064
NODE 3061 27.81416 0.5 -12.57064
NODE 3062 27.81416 0.5 -13.07064
NODE 3063 27.81416 0.5 -13.57064
NODE 3064 27.81416 0.5 -14.07064
NODE 3065 27.81416 0.5 -14.57064
NODE 3066 27.81416 0.5 -15.07064
NODE 3067 27.81416 0.5 -15.57064
NODE 3068 27.81416 0.5 -16.07064
NODE 3069 27.81416 0.5 -16.57064
NODE 3070 27.81416 0.5 -17.07064
NODE 3071 27.81416 0.5 -17.57064
NODE 3072 27.81416 0.5 -18.07064
NODE 3073 27.81416 0.5 -18.57064
NODE 3074 27.81416 0.5 -19.07064
NODE 3075 27.81416 0.5 -19.57064
NODE 3076 27.81416 0.5 -20.07064
NODE 3077 27.81416 0.5 -20.57064
NODE 3078 27.81416 0.5 -21.07064
NODE 3079 27.81416 0.5 -21.57064
NODE 3080 27.81416 0.5 -22.07064
NODE 3081 27.81416 0.5 -22.57064
NODE 3082 27.81416 0.5 -23.07064
NODE 3083 27.81416 0.5 -23.57064
NODE 3084 27.81416 0.5 -24.07064
NODE 3085 27.81416 0.5 -24.57064
NODE 3086 27.81416 0.5 -25.07064
NODE 3087 27.81416 0.5 -25.57064
NODE 3088 27.81416 0.5 -26.07064
NODE 3089 27.81416 0.5 -26.57064
NODE 3090 27.81416 0.5 -27.07064
NODE 3091 27.81416 0.5 -27.57064
NODE 3092 27.81416 0.5 -28.07064
NODE 3093 27.81416 0.5 -28.57064
NODE 3094 27.81416 0.5 -29.07064
NODE 3095 27.81416 0.5 -29.57064
NODE 3096 27.81416 0.5 -30.07064
NODE 3097 27.81416 0.5 -30.57064
NODE 3098 27.81416 0.5 -31.07064
NODE 3099 27.81416 0.5 -31.57064
NODE 3100 27.81416 0.5 -32.07064
NODE 3101 27.81416 0.5 -32.57064
NODE 3102 27.81416 0.5 -33.07064
NODE 3103 27.81416 0.5 -33.57064
NODE 3104 27.81416 0.5 -34.07064
NODE 3105 27.81416 0.5 -34.57064
NODE 3106 27.81416 0.5 -35.07064
NODE 3107 27.81416 0.5 -35.57064
NODE 3108 27.81416 0.5 -36.07064
NODE 3109 27.81416 0.5 -36.57064
NODE 3110 27.81416 0.5 -37.07064
NODE 3111 27.81416 0.5 -37.57064
NODE 3112 27.81416 0.5 -38.07064
NODE 3113 27.81416 0.5 -38.57064
NODE 3114 28.31416 0.5 13.92936
NODE 3115 28.31416 0.5 13.42936
NODE 3116 28.31416 0.5 12.92936
NODE 3117 28.31416 0.5 12.42936
NODE 3118 28.31416 0.5 11.92936
NODE 3119 28.31416 0.5 11.42936
NODE 3120 28.31416 0.5 -8.070641
NODE 3121 28.31416 0.5 -8.570641
NODE 3122 28.31416 0.5 -9.070641
NODE 3123 28.31416 0.5 -9.570641
NODE 3124 28.31416 0.5 -10.07064
NODE 3125 28.31416 0.5 -10.57064
NODE 3126 28.31416 0.5 -11.07064
NODE 3127 28.31416 0.5 -11.57064
NODE 3128 28.31416 0.5 -12.07064
NODE 3129 28.31416 0.5 -12.57064
NODE 3130 28.31416 0.5 -13.07064
NODE 3131 28.31416 0.5 -13.57064
NODE 3132 28.31416 0.5 -14.07064
NODE 3133 28.31416 0.5 -14.57064
NODE 3134 28.31416 0.5 -15.07064
NODE 3135 28.31416 0.5 -15.57064
NODE 3136 28.31416 0.5 -16.07064
NODE 3137 28.31416 0.5 -16.57064
NODE 3138 28.31416 0.5 -17.07064
NODE 3139 28.31416 0.5 -17.57064
NODE 3140 28.31416 0.5 -18.07064
NODE 3141 28.31416 0.5 -18.57064
NODE 3142 28.31416 0.5 -19.07064
NODE 3143 28.31416 0.5 -19.57064
NODE 3144 28.31416 0.5 -20.07064
NODE 3145 28.31416 0.5 -20.57064
NODE 3146 28.31416 0.5 -21.07064
NODE 3147 28.31416 0.5 -21.57064
NODE 3148 28.31416 0.5 -22.07064
NODE 3149 28.31416 0.5 -22.57064
NODE 3150 28.31416 0.5 -23.07064
NODE 3151 28.31416 0.5 -23.57064
NODE 3152 28.31416 0.5 -24.07064
NODE 3153 28.31416 0.5 -24.57064
NODE 3154 28.31416 0.5 -25.07064
NODE 3155 28.31416 0.5 -25.57064
NODE 3156 28.31416 0.5 -26.07064
NODE 3157 28.31416 0.5 -26.57064
NODE 3158 28.31416 0.5 -27.07064
NODE 3159 28.31416 0.5 -27.57064
NODE 3160 28.31416 0.5 -28.07064
NODE 3161 28.31416 0.5 -28.57064
NODE 3162 28.31416 0.5 -29.07064
NODE 3163 28.31416 0.5 -29.57064
NODE 3164 28.31416 0.5 -30.07064
NODE 3165 28.31416 0.5 -30.57064
NODE 3166 28.31416 0.5 -31.07064
NODE 3167 28.31416 0.5 -31.57064
NODE 3168 28.31416 0.5 -32.07064
NODE 3169 28.31416 0.5 -32.57064
NODE 3170 28.31416 0.5 -33.07064
NODE 3171 28.31416 0.5 -33.57064
NODE 3172 28.31416 0.5 -34.07064
NODE 3173 28.31416 0.5 -34.57064
NODE 3174 28.31416 0.5 -35.07064
NODE 3175 28.31416 0.5 -35.57064
NODE 3176 28.31416 0.5 -36.07064
NODE 3177 28.31416 0.5 -36.57064
NODE 3178 28.31416 0.5 -37.07064
NODE 3179 28.31416 0.5 -37.57064
NODE 3180 28.31416 0.5 -38.07064
NODE 3181 28.31416 0.5 -38.57064
NODE 3182 28.81416 0.5 13.92936
NODE 3183 28.81416 0.5 13.42936
NODE 3184 28.81416 0.5 12.92936
NODE 3185 28.81416 0.5 12.42936
NODE 3186 28.81416 0.5 11.92936
NODE 3187 28.81416 0.5 11.42936
NODE 3188 28.81416 0.5 -8.070641
NODE 3189 28.81416 0.5 -8.570641
NODE 3190 28.81416 0.5 -9.070641
NODE 3191 28.81416 0.5 -9.570641
NODE 3192 28.81416 0.5 -10.07064
NODE 3193 28.81416 0.5 -10.57064
NODE 3194 28.81416 0.5 -11.07064
NODE 3195 28.81416 0.5 -11.57064
NODE 3196 28.81416 0.5 -12.07064
NODE 3197 28.81416 0.5 -12.57064
NODE 3198 28.81416 0.5 -13.07064
NODE 3199 28.81416 0.5 -13.57064
NODE 3200 28.81416 0.5 -14.07064
NODE 3201 28.81416 0.5 -14.57064
NODE 3202 28.81416 0.5 -15.07064
NODE 3203 28.81416 0.5 -15.57064
NODE 3204 28.81416 0.5 -16.07064
NODE 3205 28.81416 0.5 -16.57064
NODE 3206 28.81416 0.5 -17.07064
NODE 3207 28.81416 0.5 -17.57064
NODE 3208 28.81416 0.5 -18.07064
NODE 3209 28.81416 0.5 -18.57064
NODE 3210 28.81416 0.5 -19.07064
NODE 3211 28.81416 0.5 -19.57064
NODE 3212 28.81416 0.5 -20.07064
NODE 3213 28.81416 0.5 -20.57064
NODE 3214 28.81416 0.5 -21.07064
NODE 3215 28.81416 0.5 -21.57064
NODE 3216 28.81416 0.5 -22.07064
NODE 3217 28.81416 0.5 -22.57064
NODE 3218 28.81416 0.5 -23.07064
NODE 3219 28.81416 0.5 -23.57064
NODE 3220 28.81416 0.5 -24.07064
NODE 3221 28.81416 0.5 -24.57064
NODE 3222 28.81416 0.5 -25.07064
NODE 3223 28.81416 0.5 -25.57064
NODE 3224 28.81416 0.5 -26.07064
NODE 3225 28.81416 0.5 -26.57064
NODE 3226 28.81416 0.5 -27.07064
NODE 3227 28.81416 0.5 -27.57064
NODE 3228 28.81416 0.5 -28.07064
NODE 3229 28.81416 0.5 -28.57064
NODE 3230 28.81416 0.5 -29.07064
NODE 3231 28.81416 0.5 -29.57064
NODE 3232 28.81416 0.5 -30.07064
NODE 3233 28.81416 0.5 -30.57064
NODE 3234 28.81416 0.5 -31.07064
NODE 3235 28.81416 0.5 -31.57064
NODE 3236 28.81416 0.5 -32.07064
NODE 3237 28.81416 0.5 -32.57064
NODE 3238 28.81416 0.5 -33.07064
NODE 3239 28.81416 0.5 -33.57064
NODE 3240 28.81416 0.5 -34.07064
NODE 3241 28.81416 0.5 -34.57064
NODE 3242 28.81416 0.5 -35.07064
NODE 3243 28.81416 0.5 -35.57064
NODE 3244 28.81416 0.5 -36.07064
NODE 3245 28.81416 0.5 -36.57064
NODE 3246 28.81416 0.5 -37.07064
NODE 3247 28.81416 0.5 -37.57064
NODE 3248 28.81416 0.5 -38.07064
NODE 3249 28.81416 0.5 -38.57064
NODE 3250 29.31416 0.5 13.92936
NODE 3251 29.31416 0.5 13.42936
NODE 3252 29.31416 0.5 12.92936
NODE 3253 29.31416 0.5 12.42936
NODE 3254 29.31416 0.5 11.92936
NODE 3255 29.31416 0.5 11.42936
NODE 3256 29.31416 0.5 -8.070641
NODE 3257 29.31416 0.5 -8.570641
NODE 3258 29.31416 0.5 -9.070641
NODE 3259 29.31416 0.5 -9.570641
NODE 3260 29.31416 0.5 -10.07064
NODE 3261 29.31416 0.5 -10.57064
NODE 3262 29.31416 0.5 -11.07064
NODE 3263 29.31416 0.5 -11.57064
NODE 3264 29.31416 0.5 -12.07064
NODE 3265 29.31416 0.5 -12.57064
NODE 3266 29.31416 0.5 -13.07064
NODE 3267 29.31416 0.5 -13.57064
NODE 3268 29.31416 0.5 -14.07064
NODE 3269 29.31416 0.5 -14.57064
NODE 3270 29.31416 0.5 -15.07064
NODE 3271 29.31416 0.5 -15.57064
NODE 3272 29.31416 0.5 -16.07064
NODE 3273 29.31416 0.5 -16.57064
NODE 3274 29.31416 0.5 -17.07064
NODE 3275 29.31416 0.5 -17.57064
NODE 3276 29.31416 0.5 -18.07064
NODE 3277 29.31416 0.5 -18.57064
NODE 3278 29.31416 0.5 -19.07064
NODE 3279 29.31416 0.5 -19.57064
NODE 3280 29.31416 0.5 -20.07064
NODE 3281 29.31416 0.5 -20.57064
NODE 3282 29.31416 0.5 -21.07064
NODE 3283 29.31416 0.5 -21.57064
NODE 3284 29.31416 0.5 -22.07064
NODE 3285 29.31416 0.5 -22.57064
NODE 3286 29.31416 0.5 -23.07064
NODE 3287 29.31416 0.5 -23.57064
NODE 3288 29.31416 0.5 -24.07064
NODE 3289 29.31416 0.5 -24.57064
NODE 3290 29.31416 0.5 -25.07064
NODE 3291 29.31416 0.5 -25.57064
NODE 3292 29.31416 0.5 -26.07064
NODE 3293 29.31416 0.5 -26.57064
NODE 3294 29.31416 0.5 -27.07064
NODE 3295 29.31416 0.5 -27.57064
NODE 3296 29.31416 0.5 -28.07064
NODE 3297 29.31416 0.5 -28.57064
NODE 3298 29.31416 0.5 -29.07064
NODE 3299 29.31416 0.5 -29.57064
NODE 3300 29.31416 0.5 -30.07064
NODE 3301 29.31416 0.5 -30.57064
NODE 3302 29.31416 0.5 -31.07064
NODE 3303 29.31416 0.5 -31.57064
NODE 3304 29.31416 0.5 -32.07064
NODE 3305 29.31416 0.5 -32.57064
NODE 3306 29.31416 0.5 -33.07064
NODE 3307 29.31416 0.5 -33.57064
NODE 3308 29.31416 0.5 -34.07064
NODE 3309 29.31416 0.5 -34.57064
NODE 3310 29.31416 0.5 -35.07064
NODE 3311 29.31416 0.5 -35.57064
NODE 3312 29.31416 0.5 -36.07064
NODE 3313 29.31416 0.5 -36.57064
NODE 3314 29.31416 0.5 -37.07064
NODE 3315 29.31416 0.5 -37.57064
NODE 3316 29.31416 0.5 -38.07064
NODE 3317 29.31416 0.5 -38.57064
NODE 3318 29.81416 0.5 13.92936
NODE 3319 29.81416 0.5 13.42936
NODE 3320 29.81416 0.5 12.92936
NODE 3321 29.81416 0.5 12.42936
NODE 3322 29.81416 0.5 11.92936
NODE 3323 29.81416 0.5 11.42936
NODE 3324 29.81416 0.5 -8.070641
NODE 3325 29.81416 0.5 -8.570641
NODE 3326 29.81416 0.5 -9.070641
NODE 3327 29.81416 0.5 -9.570641
NODE 3328 29.81416 0.5 -10.07064
NODE 3329 29.81416 0.5 -10.57064
NODE 3330 29.81416 0.5 -11.07064
NODE 3331 29.81416 0.5 -11.57064
NODE 3332 29.81416 0.5 -12.07064
NODE 3333 29.81416 0.5 -12.57064
NODE 3334 29.81416 0.5 -13.07064
NODE 3335 29.81416 0.5 -13.57064
NODE 3336 29.81416 0.5 -14.07064
NODE 3337 29.81416 0.5 -14.57064
NODE 3338 29.81416 0.5 -15.07064
NODE 3339 29.81416 0.5 -15.57064
NODE 3340 29.81416 0.5 -16.07064
NODE 3341 29.81416 0.5 -16.57064
NODE 3342 29.81416 0.5 -17.07064
NODE 3343 29.81416 0.5 -17.57064
NODE 3344 29.81416 0.5 -18.07064
NODE 3345 29.81416 0.5 -18.57064
NODE 3346 29.81416 0.5 -19.07064
NODE 3347 29.81416 0.5 -19.57064
NODE 3348 29.81416 0.5 -20.07064
NODE 3349 29.81416 0.5 -20.57064
NODE 3350 29.81416 0.5 -21.07064
NODE 3351 29.81416 0.5 -21.57064
NODE 3352 29.81416 0.5 -22.07064
NODE 3353 29.81416 0.5 -22.57064
NODE 3354 29.81416 0.5 -23.07064
NODE 3355 29.81416 0.5 -23.57064
NODE 3356 29.81416 0.5 -24.07064
NODE 3357 29.81416 0.5 -24.57064
NODE 3358 29.81416 0.5 -25.07064
NODE 3359 29.81416 0.5 -25.57064
NODE 3360 29.81416 0.5 -26.07064
NODE 3361 29.81416 0.5 -26.57064
NODE 3362 29.81416 0.5 -27.07064
NODE 3363 29.81416 0.5 -27.57064
NODE 3364 29.81416 0.5 -28.07064
NODE 3365 29.81416 0.5 -28.57064
NODE 3366 29.81416 0.5 -29.07064
NODE 3367 29.81416 0.5 -29.57064
NODE 3368 29.81416 0.5 -30.07064
NODE 3369 29.81416 0.5 -30.57064
NODE 3370 29.81416 0.5 -31.07064
NODE 3371 29.81416 0.5 -31.57064
NODE 3372 29.81416 0.5 -32.07064
NODE 3373 29.81416 0.5 -32.57064
NODE 3374 29.81416 0.5 -33.07064
NODE 3375 29.81416 0.5 -33.57064
NODE 3376 29.81416 0.5 -34.07064
NODE 3377 29.81416 0.5 -34.57064
NODE 3378 29.81416 0.5 -35.07064
NODE 3379 29.81416 0.5 -35.57064
NODE 3380 29.81416 0.5 -36.07064
NODE 3381 29.81416 0.5 -36.57064
NODE 3382 29.81416 0.5 -37.07064
NODE 3383 29.81416 0.5 -37.57064
NODE 3384 29.81416 0.5 -38.07064
NODE 3385 29.81416 0.5 -38.57064
NODE 3386 30.31416 0.5 13.92936
NODE 3387 30.31416 0.5 13.42936
NODE 3388 30.31416 0.5 12.92936
NODE 3389 30.31416 0.5 12.42936
NODE 3390 30.31416 0.5 11.92936
NODE 3391 30.31416 0.5 11.42936
NODE 3392 30.31416 0.5 -8.070641
NODE 3393 30.31416 0.5 -8.570641
NODE 3394 30.31416 0.5 -9.070641
NODE 3395 30.31416 0.5 -9.570641
NODE 3396 30.31416 0.5 -10.07064
NODE 3397 30.31416 0.5 -10.57064
NODE 3398 30.31416 0.5 -11.07064
NODE 3399 30.31416 0.5 -11.57064
NODE 3400 30.31416 0.5 -12.07064
NODE 3401 30.31416 0.5 -12.57064
NODE 3402 30.31416 0.5 -13.07064
NODE 3403 30.31416 0.5 -13.57064
NODE 3404 30.31416 0.5 -14.07064
NODE 3405 30.31416 0.5 -14.57064
NODE 3406 30.31416 0.5 -15.07064
NODE 3407 30.31416 0.5 -15.57064
NODE 3408 30.31416 0.5 -16.07064
NODE 3409 30.31416 0.5 -16.57064
NODE 3410 30.31416 0.5 -17.07064
NODE 3411 30.31416 0.5 -17.57064
NODE 3412 30.31416 0.5 -18.07064
NODE 3413 30.31416 0.5 -18.57064
NODE 3414 30.31416 0.5 -19.07064
NODE 3415 30.31416 0.5 -19.57064
NODE 3416 30.31416 0.5 -20.07064
NODE 3417 30.31416 0.5 -20.57064
NODE 3418 30.31416 0.5 -21.07064
NODE 3419 30.31416 0.5 -21.57064
NODE 3420 30.31416 0.5 -22.07064
NODE 3421 30.31416 0.5 -22.57064
NODE 3422 30.31416 0.5 -23.07064
NODE 3423 30.31416 0.5 -23.57064
NODE 3424 30.31416 0.5 -24.07064
NODE 3425 30.31416 0.5 -24.57064
NODE 3426 30.31416 0.5 -25.07064
NODE 3427 30.31416 0.5 -25.57064
NODE 3428 30.31416 0.5 -26.07064
NODE 3429 30.31416 0.5 -26.57064
NODE 3430 30.31416 0.5 -27.07064
NODE 3431 30.31416 0.5 -27.57064
NODE 3432 30.31416 0.5 -28.07064
NODE 3433 30.31416 0.5 -28.57064
NODE 3434 30.31416 0.5 -29.07064
NODE 3435 30.31416 0.5 -29.57064
NODE 3436 30.31416 0.5 -30.07064
NODE 3437 30.31416 0.5 -30.57064
NODE 3438 30.31416 0.5 -31.07064
NODE 3439 30.31416 0.5 -31.57064
NODE 3440 30.31416 0.5 -32.07064
NODE 3441 30.31416 0.5 -32.57064
NODE 3442 30.31416 0.5 -33.07064
NODE 3443 30.31416 0.5 -33.57064
NODE 3444 30.31416 0.5 -34.07064
NODE 3445 30.31416 0.5 -34.57064
NODE 3446 30.31416 0.5 -35.07064
NODE 3447 30.31416 0.5 -35.57064
NODE 3448 30.31416 0.5 -36.07064
NODE 3449 30.31416 0.5 -36.57064
NODE 3450 30.31416 0.5 -37.07064
NODE 3451 30.31416 0.5 -37.57064
NODE 3452 30.31416 0.5 -38.07064
NODE 3453 30.31416 0.5 -38.57064
NODE 3454 30.81416 0.5 13.92936
NODE 3455 30.81416 0.5 13.42936
NODE 3456 30.81416 0.5 12.92936
NODE 3457 30.81416 0.5 12.42936
NODE 3458 30.81416 0.5 11.92936
NODE 3459 30.81416 0.5 11.42936
NODE 3460 30.81416 0.5 -8.070641
NODE 3461 30.81416 0.5 -8.570641
NODE 3462 30.81416 0.5 -9.070641
NODE 3463 30.81416 0.5 -9.570641
NODE 3464 30.81416 0.5 -10.07064
NODE 3465 30.81416 0.5 -10.57064
NODE 3466 30.81416 0.5 -11.07064
NODE 3467 30.81416 0.5 -11.57064
NODE 3468 30.81416 0.5 -12.07064
NODE 3469 30.81416 0.5 -12.57064
NODE 3470 30.81416 0.5 -13.07064
NODE 3471 30.81416 0.5 -13.57064
NODE 3472 30.81416 0.5 -14.07064
NODE 3473 30.81416 0.5 -14.57064
NODE 3474 30.81416 0.5 -15.07064
NODE 3475 30.81416 0.5 -15.57064
NODE 3476 30.81416 0.5 -16.07064
NODE 3477 30.81416 0.5 -16.57064
NODE 3478 30.81416 0.5 -17.07064
NODE 3479 30.81416 0.5 -17.57064
NODE 3480 30.81416 0.5 -18.07064
NODE 3481 30.81416 0.5 -18.57064
NODE 3482 30.81416 0.5 -19.07064
NODE 3483 30.81416 0.5 -19.57064
NODE 3484 30.81416 0.5 -20.07064
NODE 3485 30.81416 0.5 -20.57064
NODE 3486 30.81416 0.5 -21.07064
NODE 3487 30.81416 0.5 -21.57064
NODE 3488 30.81416 0.5 -22.07064
NODE 3489 30.81416 0.5 -22.57064
NODE 3490 30.81416 0.5 -23.07064
NODE 3491 30.81416 0.5 -23.57064
NODE 3492 30.81416 0.5 -24.07064
NODE 3493 30.81416 0.5 -24.57064
NODE 3494 30.81416 0.5 -25.07064
NODE 3495 30.81416 0.5 -25.57064
NODE 3496 30.81416 0.5 -26.07064
NODE 3497 30.81416 0.5 -26.57064
NODE 3498 30.81416 0.5 -27.07064
NODE 3499 30.81416 0.5 -27.57064
NODE 3500 30.81416 0.5 -28.07064
NODE 3501 30.81416 0.5 -28.57064
NODE 3502 30.81416 0.5 -29.07064
NODE 3503 30.81416 0.5 -29.57064
NODE 3504 30.81416 0.5 -30.07064
NODE 3505 30.81416 0.5 -30.57064
NODE 3506 30.81416 0.5 -31.07064
NODE 3507 30.81416 0.5 -31.57064
NODE 3508 30.81416 0.5 -32.07064
NODE 3509 30.81416 0.5 -32.57064
NODE 3510 30.81416 0.5 -33.07064
NODE 3511 30.81416 0.5 -33.57064
NODE 3512 30.81416 0.5 -34.07064
NODE 3513 30.81416 0.5 -34.57064
NODE 3514 30.81416 0.5 -35.07064
NODE 3515 30.81416 0.5 -35.57064
NODE 3516 30.81416 0.5 -36.07064
NODE 3517 30.81416 0.5 -36.57064
NODE 3518 30.81416 0.5 -37.07064
NODE 3519 30.81416 0.5 -37.57064
NODE 3520 30.81416 0.5 -38.07064
NODE 3521 30.81416 0.5 -38.57064
NODE 3522 31.31416 0.5 13.92936
NODE 3523 31.31416 0.5 13.42936
NODE 3524 31.31416 0.5 12.92936
NODE 3525 31.31416 0.5 12.42936
NODE 3526 31.31416 0.5 11.92936
NODE 3527 31.31416 0.5 11.42936
NODE 3528 31.31416 0.5 -8.070641
NODE 3529 31.31416 0.5 -8.570641
NODE 3530 31.31416 0.5 -9.070641
NODE 3531 31.31416 0.5 -9.570641
NODE 3532 31.31416 0.5 -10.07064
NODE 3533 31.31416 0.5 -10.57064
NODE 3534 31.31416 0.5 -11.07064
NODE 3535 31.31416 0.5 -11.57064
NODE 3536 31.31416 0.5 -12.07064
NODE 3537 31.31416 0.5 -12.57064
NODE 3538 31.31416 0.5 -13.07064
NODE 3539 31.31416 0.5 -13.57064
NODE 3540 31.31416 0.5 -14.07064
NODE 3541 31.31416 0.5 -14.57064
NODE 3542 31.31416 0.5 -15.07064
NODE 3543 31.31416 0.5 -15.57064
NODE 3544 31.31416 0.5 -16.07064
NODE 3545 31.31416 0.5 -16.57064
NODE 3546 31.31416 0.5 -17.07064
NODE 3547 31.31416 0.5 -17.57064
NODE 3548 31.31416 0.5 -18.07064
NODE 3549 31.31416 0.5 -18.57064
NODE 3550 31.31416 0.5 -19.07064
NODE 3551 31.31416 0.5 -19.57064
NODE 3552 31.31416 0.5 -20.07064
NODE 3553 31.31416 0.5 -20.57064
NODE 3554 31.31416 0.5 -21.07064
NODE 3555 31.31416 0.5 -21.57064
NODE 3556 31.31416 0.5 -22.07064
NODE 3557 31.31416 0.5 -22.57064
NODE 3558 31.31416 0.5 -23.07064
NODE 3559 31.31416 0.5 -23.57064
NODE 3560 31.31416 0.5 -24.07064
NODE 3561 31.31416 0.5 -24.57064
NODE 3562 31.31416 0.5 -25.07064
NODE 3563 31.31416 0.5 -25.57064
NODE 3564 31.31416 0.5 -26.07064
NODE 3565 31.31416 0.5 -26.57064
NODE 3566 31.31416 0.5 -27.07064
NODE 3567 31.31416 0.5 -27.57064
NODE 3568 31.31416 0.5 -28.07064
NODE 3569 31.31416 0.5 -28.57064
NODE 3570 31.31416 0.5 -29.07064
NODE 3571 31.31416 0.5 -29.57064
NODE 3572 31.31416 0.5 -30.07064
NODE 3573 31.31416 0.5 -30.57064
NODE 3574 31.31416 0.5 -31.07064
NODE 3575 31.31416 0.5 -31.57064
NODE 3576 31.31416 0.5 -32.07064
NODE 3577 31.31416 0.5 -32.57064
NODE 3578 31.31416 0.5 -33.07064
NODE 3579 31.31416 0.5 -33.57064
NODE 3580 31.31416 0.5 -34.07064
NODE 3581 31.31416 0.5 -34.57064
NODE 3582 31.31416 0.5 -35.07064
NODE 3583 31.31416 0.5 -35.57064
NODE 3584 31.31416 0.5 -36.07064
NODE 3585 31.31416 0.5 -36.57064
NODE 3586 31.31416 0.5 -37.07064
NODE 3587 31.31416 0.5 -37.57064
NODE 3588 31.31416 0.5 -38.07064
NODE 3589 31.31416 0.5 -38.57064
NODE 3590 31.81416 0.5 13.92936
NODE 3591 31.81416 0.5 13.42936
NODE 3592 31.81416 0.5 12.92936
NODE 3593 31.81416 0.5 12.42936
NODE 3594 31.81416 0.5 11.92936
NODE 3595 31.81416 0.5 11.42936
NODE 3596 31.81416 0.5 -8.070641
NODE 3597 31.81416 0.5 -8.570641
NODE 3598 31.81416 0.5 -9.070641
NODE 3599 31.81416 0.5 -9.570641
NODE 3600 31.81416 0.5 -10.07064
NODE 3601 31.81416 0.5 -10.57064
NODE 3602 31.81416 0.5 -11.07064
NODE 3603 31.81416 0.5 -11.57064
NODE 3604 31.81416 0.5 -12.07064
NODE 3605 31.81416 0.5 -12.57064
NODE 3606 31.81416 0.5 -13.07064
NODE 3607 31.81416 0.5 -13.57064
NODE 3608 31.81416 0.5 -14.07064
NODE 3609 31.81416 0.5 -14.57064
NODE 3610 31.81416 0.5 -15.07064
NODE 3611 31.81416 0.5 -15.57064
NODE 3612 31.81416 0.5 -16.07064
NODE 3613 31.81416 0.5 -16.57064
NODE 3614 31.81416 0.5 -17.07064
NODE 3615 31.81416 0.5 -17.57064
NODE 3616 31.81416 0.5 -18.07064
NODE 3617 31.81416 0.5 -18.57064
NODE 3618 31.81416 0.5 -19.07064
NODE 3619 31.81416 0.5 -19.57064
NODE 3620 31.81416 0.5 -20.07064
NODE 3621 31.81416 0.5 -20.57064
NODE 3622 31.81416 0.5 -21.07064
NODE 3623 31.81416 0.5 -21.57064
NODE 3624 31.81416 0.5 -22.07064
NODE 3625 31.81416 0.5 -22.57064
NODE 3626 31.81416 0.5 -23.07064
NODE 3627 31.81416 0.5 -23.57064
NODE 3628 31.81416 0.5 -24.07064
NODE 3629 31.81416 0.5 -24.57064
NODE 3630 31.81416 0.5 -25.07064
NODE 3631 31.81416 0.5 -25.57064
NODE 3632 31.81416 0.5 -26.07064
NODE 3633 31.81416 0.5 -26.57064
NODE 3634 31.81416 0.5 -27.07064
NODE 3635 31.81416 0.5 -27.57064
NODE 3636 31.81416 0.5 -28.07064
NODE 3637 31.81416 0.5 -28.57064
NODE 3638 31.81416 0.5 -29.07064
NODE 3639 31.81416 0.5 -29.57064
NODE 3640 31.81416 0.5 -30.07064
NODE 3641 31.81416 0.5 -30.57064
NODE 3642 31.81416 0.5 -31.07064
NODE 3643 31.81416 0.5 -31.57064
NODE 3644 31.81416 0.5 -32.07064
NODE 3645 31.81416 0.5 -32.57064
NODE 3646 31.81416 0.5 -33.07064
NODE 3647 31.81416 0.5 -33.57064
NODE 3648 31.81416 0.5 -34.07064
NODE 3649 31.81416 0.5 -34.57064
NODE 3650 31.81416 0.5 -35.07064
NODE 3651 31.81416 0.5 -35.57064
NODE 3652 31.81416 0.5 -36.07064
NODE 3653 31.81416 0.5 -36.57064
NODE 3654 31.81416 0.5 -37.07064
NODE 3655 31.81416 0.5 -37.57064
NODE 3656 31.81416 0.5 -38.07064
NODE 3657 31.81416 0.5 -38.57064
NODE 3658 32.31416 0.5 13.92936
NODE 3659 32.31416 0.5 13.42936
NODE 3660 32.31416 0.5 12.92936
NODE 3661 32.31416 0.5 12.42936
NODE 3662 32.31416 0.5 11.92936
NODE 3663 32.31416 0.5 11.42936
NODE 3664 32.31416 0.5 -8.070641
NODE 3665 32.31416 0.5 -8.570641
NODE 3666 32.31416 0.5 -9.070641
NODE 3667 32.31416 0.5 -9.570641
NODE 3668 32.31416 0.5 -10.07064
NODE 3669 32.31416 0.5 -10.57064
NODE 3670 32.31416 0.5 -11.07064
NODE 3671 32.31416 0.5 -11.57064
NODE 3672 32.31416 0.5 -12.07064
NODE 3673 32.31416 0.5 -12.57064
NODE 3674 32.31416 0.5 -13.07064
NODE 3675 32.31416 0.5 -13.57064
NODE 3676 32.31416 0.5 -14.07064
NODE 3677 32.31416 0.5 -14.57064
NODE 3678 32.31416 0.5 -15.07064
NODE 3679 32.31416 0.5 -15.57064
NODE 3680 32.31416 0.5 -16.07064
NODE 3681 32.31416 0.5 -16.57064
NODE 3682 32.31416 0.5 -17.07064
NODE 3683 32.31416 0.5 -17.57064
NODE 3684 32.31416 0.5 -18.07064
NODE 3685 32.31416 0.5 -18.57064
NODE 3686 32.31416 0.5 -19.07064
NODE 3687 32.31416 0.5 -19.57064
NODE 3688 32.31416 0.5 -20.07064
NODE 3689 32.31416 0.5 -20.57064
NODE 3690 32.31416 0.5 -21.07064
NODE 3691 32.31416 0.5 -21.57064
NODE 3692 32.31416 0.5 -22.07064
NODE 3693 32.31416 0.5 -22.57064
NODE 3694 32.31416 0.5 -23.07064
NODE 3695 32.31416 0.5 -23.57064
NODE 3696 32.31416 0.5 -24.07064
NODE 3697 32.31416 0.5 -24.57064
NODE 3698 32.31416 0.5 -25.07064
NODE 3699 32.31416 0.5 -25.57064
NODE 3700 32.31416 0.5 -26.07064
NODE 3701 32.31416 0.5 -26.57064
NODE 3702 32.31416 0.5 -27.07064
NODE 3703 32.31416 0.5 -27.57064
NODE 3704 32.31416 0.5 -28.07064
NODE 3705 32.31416 0.5 -28.57064
NODE 3706 32.31416 0.5 -29.07064
NODE 3707 32.31416 0.5 -29.57064
NODE 3708 32.31416 0.5 -30.07064
NODE 3709 32.31416 0.5 -30.57064
NODE 3710 32.31416 0.5 -31.07064
NODE 3711 32.31416 0.5 -31.57064
NODE 3712 32.31416 0.5 -32.07064
NODE 3713 32.31416 0.5 -32.57064
NODE 3714 32.31416 0.5 -33.07064
NODE 3715 32.31416 0.5 -33.57064
NODE 3716 32.31416 0.5 -34.07064
NODE 3717 32.31416 0.5 -34.57064
NODE 3718 32.31416 0.5 -35.07064
NODE 3719 32.31416 0.5 -35.57064
NODE 3720 32.31416 0.5 -36.07064
NODE 3721 32.31416 0.5 -36.57064
NODE 3722 32.31416 0.5 -37.07064
NODE 3723 32.31416 0.5 -37.57064
NODE 3724 32.31416 0.5 -38.07064
NODE 3725 32.31416 0.5 -38.57064
NODE 3726 32.81416 0.5 13.92936
NODE 3727 32.81416 0.5 13.42936
NODE 3728 32.81416 0.5 12.92936
NODE 3729 32.81416 0.5 12.42936
NODE 3730 32.81416 0.5 11.92936
NODE 3731 32.81416 0.5 11.42936
NODE 3732 32.81416 0.5 -8.070641
NODE 3733 32.81416 0.5 -8.570641
NODE 3734 32.81416 0.5 -9.070641
NODE 3735 32.81416 0.5 -9.570641
NODE 3736 32.81416 0.5 -10.07064
NODE 3737 32.81416 0.5 -10.57064
NODE 3738 32.81416 0.5 -11.07064
NODE 3739 32.81416 0.5 -11.57064
NODE 3740 32.81416 0.5 -12.07064
NODE 3741 32.81416 0.5 -12.57064
NODE 3742 32.81416 0.5 -13.07064
NODE 3743 32.81416 0.5 -13.57064
NODE 3744 32.81416 0.5 -14.07064
NODE 3745 32.81416 0.5 -14.57064
NODE 3746 32.81416 0.5 -15.07064
NODE 3747 32.81416 0.5 -15.57064
NODE 3748 32.81416 0.5 -16.07064
NODE 3749 32.81416 0.5 -16.57064
NODE 3750 32.81416 0.5 -17.07064
NODE 3751 32.81416 0.5 -17.57064
NODE 3752 32.81416 0.5 -18.07064
NODE 3753 32.81416 0.5 -18.57064
NODE 3754 32.81416 0.5 -19.07064
NODE 3755 32.81416 0.5 -19.57064
NODE 3756 32.81416 0.5 -20.07064
NODE 3757 32.81416 0.5 -20.57064
NODE 3758 32.81416 0.5 -21.07064
NODE 3759 32.81416 0.5 -21.57064
NODE 3760 32.81416 0.5 -22.07064
NODE 3761 32.81416 0.5 -22.57064
NODE 3762 32.81416 0.5 -23.07064
NODE 3763 32.81416 0.5 -23.57064
NODE 3764 32.81416 0.5 -24.07064
NODE 3765 32.81416 0.5 -24.57064
NODE 3766 32.81416 0.5 -25.07064
NODE 3767 32.81416 0.5 -25.57064
NODE 3768 32.81416 0.5 -26.07064
NODE 3769 32.81416 0.5 -26.57064
NODE 3770 32.81416 0.5 -27.07064
NODE 3771 32.81416 0.5 -27.57064
NODE 3772 32.81416 0.5 -28.07064
NODE 3773 32.81416 0.5 -28.57064
NODE 3774 32.81416 0.5 -29.07064
NODE 3775 32.81416 0.5 -29.57064
NODE 3776 32.81416 0.5 -30.07064
NODE 3777 32.81416 0.5 -30.57064
NODE 3778 32.81416 0.5 -31.07064
NODE 3779 32.81416 0.5 -31.57064
NODE 3780 32.81416 0.5 -32.07064
NODE 3781 32.81416 0.5 -32.57064
NODE 3782 32.81416 0.5 -33.07064
NODE 3783 32.81416 0.5 -33.57064
NODE 3784 32.81416 0.5 -34.07064
NODE 3785 32.81416 0.5 -34.57064
NODE 3786 32.81416 0.5 -35.07064
NODE 3787 32.81416 0.5 -35.57064
NODE 3788 32.81416 0.5 -36.07064
NODE 3789 32.81416 0.5 -36.57064
NODE 3790 32.81416 0.5 -37.07064
NODE 3791 32.81416 0.5 -37.57064
NODE 3792 32.81416 0.5 -38.07064
NODE 3793 32.81416 0.5 -38.57064
NODE 3794 33.31416 0.5 13.92936
NODE 3795 33.31416 0.5 13.42936
NODE 3796 33.31416 0.5 12.92936
NODE 3797 33.31416 0.5 12.42936
NODE 3798 33.31416 0.5 11.92936
NODE 3799 33.31416 0.5 11.42936
NODE 3800 33.31416 0.5 -8.070641
NODE 3801 33.31416 0.5 -8.570641
NODE 3802 33.31416 0.5 -9.070641
NODE 3803 33.31416 0.5 -9.570641
NODE 3804 33.31416 0.5 -10.07064
NODE 3805 33.31416 0.5 -10.57064
NODE 3806 33.31416 0.5 -11.07064
NODE 3807 33.31416 0.5 -11.57064
NODE 3808 33.31416 0.5 -12.07064
NODE 3809 33.31416 0.5 -12.57064
NODE 3810 33.31416 0.5 -13.07064
NODE 3811 33.31416 0.5 -13.57064
NODE 3812 33.31416 0.5 -14.07064
NODE 3813 33.31416 0.5 -14.57064
NODE 3814 33.31416 0.5 -15.07064
NODE 3815 33.31416 0.5 -15.57064
NODE 3816 33.31416 0.5 -16.07064
NODE 3817 33.31416 0.5 -16.57064
NODE 3818 33.31416 0.5 -17.07064
NODE 3819 33.31416 0.5 -17.57064
NODE 3820 33.31416 0.5 -18.07064
NODE 3821 33.31416 0.5 -18.57064
NODE 3822 33.31416 0.5 -19.07064
NODE 3823 33.31416 0.5 -19.57064
NODE 3824 33.31416 0.5 -20.07064
NODE 3825 33.31416 0.5 -20.57064
NODE 3826 33.31416 0.5 -21.07064
NODE 3827 33.31416 0.5 -21.57064
NODE 3828 33.31416 0.5 -22.07064
NODE 3829 33.31416 0.5 -22.57064
NODE 3830 33.31416 0.5 -23.07064
NODE 3831 33.31416 0.5 -23.57064
NODE 3832 33.31416 0.5 -24.07064
NODE 3833 33.31416 0.5 -24.57064
NODE 3834 33.31416 0.5 -25.07064
NODE 3835 33.31416 0.5 -25.57064
NODE 3836 33.31416 0.5 -26.07064
NODE 3837 33.31416 0.5 -26.57064
NODE 3838 33.31416 0.5 -27.07064
NODE 3839 33.31416 0.5 -27.57064
NODE 3840 33.31416 0.5 -28.07064
NODE 3841 33.31416 0.5 -28.57064
NODE 3842 33.31416 0.5 -29.07064
NODE 3843 33.31416 0.5 -29.57064
NODE 3844 33.31416 0.5 -30.07064
NODE 3845 33.31416 0.5 -30.57064
NODE 3846 33.31416 0.5 -31.07064
NODE 3847 33.31416 0.5 -31.57064
NODE 3848 33.31416 0.5 -32.07064
NODE 3849 33.31416 0.5 -32.57064
NODE 3850 33.31416 0.5 -33.07064
NODE 3851 33.31416 0.5 -33.57064
NODE 3852 33.31416 0.5 -34.07064
NODE 3853 33.31416 0.5 -34.57064
NODE 3854 33.31416 0.5 -35.07064
NODE 3855 33.31416 0.5 -35.57064
NODE 3856 33.31416 0.5 -36.07064
NODE 3857 33.31416 0.5 -36.57064
NODE 3858 33.31416 0.5 -37.07064
NODE 3859 33.31416 0.5 -37.57064
NODE 3860 33.31416 0.5 -38.07064
NODE 3861 33.31416 0.5 -38.57064
NODE 3862 33.81416 0.5 13.92936
NODE 3863 33.81416 0.5 13.42936
NODE 3864 33.81416 0.5 12.92936
NODE 3865 33.81416 0.5 12.42936
NODE 3866 33.81416 0.5 11.92936
NODE 3867 33.81416 0.5 11.42936
NODE 3868 33.81416 0.5 -8.070641
NODE 3869 33.81416 0.5 -8.570641
NODE 3870 33.81416 0.5 -9.070641
NODE 3871 33.81416 0.5 -9.570641
NODE 3872 33.81416 0.5 -10.07064
NODE 3873 33.81416 0.5 -10.57064
NODE 3874 33.81416 0.5 -11.07064
NODE 3875 33.81416 0.5 -11.57064
NODE 3876 33.81416 0.5 -12.07064
NODE 3877 33.81416 0.5 -12.57064
NODE 3878 33.81416 0.5 -13.07064
NODE 3879 33.81416 0.5 -13.57064
NODE 3880 33.81416 0.5 -14.07064
NODE 3881 33.81416 0.5 -14.57064
NODE 3882 33.81416 0.5 -15.07064
NODE 3883 33.81416 0.5 -15.57064
NODE 3884 33.81416 0.5 -16.07064
NODE 3885 33.81416 0.5 -16.57064
NODE 3886 33.81416 0.5 -17.07064
NODE 3887 33.81416 0.5 -17.57064
NODE 3888 33.81416 0.5 -18.07064
NODE 3889 33.81416 0.5 -18.57064
NODE 3890 33.81416 0.5 -19.07064
NODE 3891 33.81416 0.5 -19.57064
NODE 3892 33.81416 0.5 -20.07064
NODE 3893 33.81416 0.5 -20.57064
NODE 3894 33.81416 0.5 -21.07064
NODE 3895 33.81416 0.5 -21.57064
NODE 3896 33.81416 0.5 -22.07064
NODE 3897 33.81416 0.5 -22.57064
NODE 3898 33.81416 0.5 -23.07064
NODE 3899 33.81416 0.5 -23.57064
NODE 3900 33.81416 0.5 -24.07064
NODE 3901 33.81416 0.5 -24.57064
NODE 3902 33.81416 0.5 -25.07064
NODE 3903 33.81416 0.5 -25.57064
NODE 3904 33.81416 0.5 -26.07064
NODE 3905 33.81416 0.5 -26.57064
NODE 3906 33.81416 0.5 -27.07064
NODE 3907 33.81416 0.5 -27.57064
NODE 3908 33.81416 0.5 -28.07064
NODE 3909 33.81416 0.5 -28.57064
NODE 3910 33.81416 0.5 -29.07064
NODE 3911 33.81416 0.5 -29.57064
NODE 3912 33.81416 0.5 -30.07064
NODE 3913 33.81416 0.5 -30.57064
NODE 3914 33.81416 0.5 -31.07064
NODE 3915 33.81416 0.5 -31.57064
NODE 3916 33.81416 0.5 -32.07064
NODE 3917 33.81416 0.5 -32.57064
NODE 3918 33.81416 0.5 -33.07064
NODE 3919 33.81416 0.5 -33.57064
NODE 3920 33.81416 0.5 -34.07064
NODE 3921 33.81416 0.5 -34.57064
NODE 3922 33.81416 0.5 -35.07064
NODE 3923 33.81416 0.5 -35.57064
NODE 3924 33.81416 0.5 -36.07064
NODE 3925 33.81416 0.5 -36.57064
NODE 3926 33.81416 0.5 -37.07064
NODE 3927 33.81416 0.5 -37.57064
NODE 3928 33.81416 0.5 -38.07064
NODE 3929 33.81416 0.5 -38.57064
NODE 3930 34.31416 0.5 13.92936
NODE 3931 34.31416 0.5 13.42936
NODE 3932 34.31416 0.5 12.92936
NODE 3933 34.31416 0.5 12.42936
NODE 3934 34.31416 0.5 11.92936
NODE 3935 34.31416 0.5 11.42936
NODE 3936 34.31416 0.5 -8.070641
NODE 3937 34.31416 0.5 -8.570641
NODE 3938 34.31416 0.5 -9.070641
NODE 3939 34.31416 0.5 -9.570641
NODE 3940 34.31416 0.5 -10.07064
NODE 3941 34.31416 0.5 -10.57064
NODE 3942 34.31416 0.5 -11.07064
NODE 3943 34.31416 0.5 -11.57064
NODE 3944 34.31416 0.5 -12.07064
NODE 3945 34.31416 0.5 -12.57064
NODE 3946 34.31416 0.5 -13.07064
NODE 3947 34.31416 0.5 -13.57064
NODE 3948 34.31416 0.5 -14.07064
NODE 3949 34.31416 0.5 -14.57064
NODE 3950 34.31416 0.5 -15.07064
NODE 3951 34.31416 0.5 -15.57064
NODE 3952 34.31416 0.5 -16.07064
NODE 3953 34.31416 0.5 -16.57064
NODE 3954 34.31416 0.5 -17.07064
NODE 3955 34.31416 0.5 -17.57064
NODE 3956 34.31416 0.5 -18.07064
NODE 3957 34.31416 0.5 -18.57064
NODE 3958 34.31416 0.5 -19.07064
NODE 3959 34.31416 0.5 -19.57064
NODE 3960 34.31416 0.5 -20.07064
NODE 3961 34.31416 0.5 -20.57064
NODE 3962 34.31416 0.5 -21.07064
NODE 3963 34.31416 0.5 -21.57064
NODE 3964 34.31416 0.5 -22.07064
NODE 3965 34.31416 0.5 -22.57064
NODE 3966 34.31416 0.5 -23.07064
NODE 3967 34.31416 0.5 -23.57064
NODE 3968 34.31416 0.5 -24.07064
NODE 3969 34.31416 0.5 -24.57064
NODE 3970 34.31416 0.5 -25.07064
NODE 3971 34.31416 0.5 -25.57064
NODE 3972 34.31416 0.5 -26.07064
NODE 3973 34.31416 0.5 -26.57064
NODE 3974 34.31416 0.5 -27.07064
NODE 3975 34.31416 0.5 -27.57064
NODE 3976 34.31416 0.5 -28.07064
NODE 3977 34.31416 0.5 -28.57064
NODE 3978 34.31416 0.5 -29.07064
NODE 3979 34.31416 0.5 -29.57064
NODE 3980 34.31416 0.5 -30.07064
NODE 3981 34.31416 0.5 -30.57064
NODE 3982 34.31416 0.5 -31.07064
NODE 3983 34.31416 0.5 -31.57064
NODE 3984 34.31416 0.5 -32.07064
NODE 3985 34.31416 0.5 -32.57064
NODE 3986 34.31416 0.5 -33.07064
NODE 3987 34.31416 0.5 -33.57064
NODE 3988 34.31416 0.5 -34.07064
NODE 3989 34.31416 0.5 -34.57064
NODE 3990 34.31416 0.5 -35.07064
NODE 3991 34.31416 0.5 -35.57064
NODE 3992 34.31416 0.5 -36.07064
NODE 3993 34.31416 0.5 -36.57064
NODE 3994 34.31416 0.5 -37.07064
NODE 3995 34.31416 0.5 -37.57064
NODE 3996 34.31416 0.5 -38.07064
NODE 3997 34.31416 0.5 -38.57064
NODE 3998 34.81416 0.5 13.92936
NODE 3999 34.81416 0.5 13.42936
NODE 4000 34.81416 0.5 12.92936
NODE 4001 34.81416 0.5 12.42936
NODE 4002 34.81416 0.5 11.92936
NODE 4003 34.81416 0.5 11.42936
NODE 4004 34.81416 0.5 -8.070641
NODE 4005 34.81416 0.5 -8.570641
NODE 4006 34.81416 0.5 -9.070641
NODE 4007 34.81416 0.5 -9.570641
NODE 4008 34.81416 0.5 -10.07064
NODE 4009 34.81416 0.5 -10.57064
NODE 4010 34.81416 0.5 -11.07064
NODE 4011 34.81416 0.5 -11.57064
NODE 4012 34.81416 0.5 -12.07064
NODE 4013 34.81416 0.5 -12.57064
NODE 4014 34.81416 0.5 -13.07064
NODE 4015 34.81416 0.5 -13.57064
NODE 4016 34.81416 0.5 -14.07064
NODE 4017 34.81416 0.5 -14.57064
NODE 4018 34.81416 0.5 -15.07064
NODE 4019 34.81416 0.5 -15.57064
NODE 4020 34.81416 0.5 -16.07064
NODE 4021 34.81416 0.5 -16.57064
NODE 4022 34.81416 0.5 -17.07064
NODE 4023 34.81416 0.5 -17.57064
NODE 4024 34.81416 0.5 -18.07064
NODE 4025 34.81416 0.5 -18.57064
NODE 4026 34.81416 0.5 -19.07064
NODE 4027 34.81416 0.5 -19.57064
NODE 4028 34.81416 0.5 -20.07064
NODE 4029 34.81416 0.5 -20.57064
NODE 4030 34.81416 0.5 -21.07064
NODE 4031 34.81416 0.5 -21.57064
NODE 4032 34.81416 0.5 -22.07064
NODE 4033 34.81416 0.5 -22.57064
NODE 4034 34.81416 0.5 -23.07064
NODE 4035 34.81416 0.5 -23.57064
NODE 4036 34.81416 0.5 -24.07064
NODE 4037 34.81416 0.5 -24.57064
NODE 4038 34.81416 0.5 -25.07064
NODE 4039 34.81416 0.5 -25.57064
NODE 4040 34.81416 0.5 -26.07064
NODE 4041 34.81416 0.5 -26.57064
NODE 4042 34.81416 0.5 -27.07064
NODE 4043 34.81416 0.5 -27.57064
NODE 4044 34.81416 0.5 -28.07064
NODE 4045 34.81416 0.5 -28.57064
NODE 4046 34.81416 0.5 -29.07064
NODE 4047 34.81416 0.5 -29.57064
NODE 4048 34.81416 0.5 -30.07064
NODE 4049 34.81416 0.5 -30.57064
NODE 4050 34.81416 0.5 -31.07064
NODE 4051 34.81416 0.5 -31.57064
NODE 4052 34.81416 0.5 -32.07064
NODE 4053 34.81416 0.5 -32.57064
NODE 4054 34.81416 0.5 -33.07064
NODE 4055 34.81416 0.5 -33.57064
NODE 4056 34.81416 0.5 -34.07064
NODE 4057 34.81416 0.5 -34.57064
NODE 4058 34.81416 0.5 -35.07064
NODE 4059 34.81416 0.5 -35.57064
NODE 4060 34.81416 0.5 -36.07064
NODE 4061 34.81416 0.5 -36.57064
NODE 4062 34.81416 0.5 -37.07064
NODE 4063 34.81416 0.5 -37.57064
NODE 4064 34.81416 0.5 -38.07064
NODE 4065 34.81416 0.5 -38.57064
NODE 4066 35.31416 0.5 13.92936
NODE 4067 35.31416 0.5 13.42936
NODE 4068 35.31416 0.5 12.92936
NODE 4069 35.31416 0.5 12.42936
NODE 4070 35.31416 0.5 11.92936
NODE 4071 35.31416 0.5 11.42936
NODE 4072 35.31416 0.5 -8.070641
NODE 4073 35.31416 0.5 -8.570641
NODE 4074 35.31416 0.5 -9.070641
NODE 4075 35.31416 0.5 -9.570641
NODE 4076 35.31416 0.5 -10.07064
NODE 4077 35.31416 0.5 -10.57064
NODE 4078 35.31416 0.5 -11.07064
NODE 4079 35.31416 0.5 -11.57064
NODE 4080 35.31416 0.5 -12.07064
NODE 4081 35.31416 0.5 -12.57064
NODE 4082 35.31416 0.5 -13.07064
NODE 4083 35.31416 0.5 -13.57064
NODE 4084 35.31416 0.5 -14.07064
NODE 4085 35.31416 0.5 -14.57064
NODE 4086 35.31416 0.5 -15.07064
NODE 4087 35.31416 0.5 -15.57064
NODE 4088 35.31416 0.5 -16.07064
NODE 4089 35.31416 0.5 -16.57064
NODE 4090 35.31416 0.5 -17.07064
NODE 4091 35.31416 0.5 -17.57064
NODE 4092 35.31416 0.5 -18.07064
NODE 4093 35.31416 0.5 -18.57064
NODE 4094 35.31416 0.5 -19.07064
NODE 4095 35.31416 0.5 -19.57064
NODE 4096 35.31416 0.5 -20.07064
NODE 4097 35.31416 0.5 -20.57064
NODE 4098 35.31416 0.5 -21.07064
NODE 4099 35.31416 0.5 -21.57064
NODE 4100 35.31416 0.5 -22.07064
NODE 4101 35.31416 0.5 -22.57064
NODE 4102 35.31416 0.5 -23.07064
NODE 4103 35.31416 0.5 -23.57064
NODE 4104 35.31416 0.5 -24.07064
NODE 4105 35.31416 0.5 -24.57064
NODE 4106 35.31416 0.5 -25.07064
NODE 4107 35.31416 0.5 -25.57064
NODE 4108 35.31416 0.5 -26.07064
NODE 4109 35.31416 0.5 -26.57064
NODE 4110 35.31416 0.5 -27.07064
NODE 4111 35.31416 0.5 -27.57064
NODE 4112 35.31416 0.5 -28.07064
NODE 4113 35.31416 0.5 -28.57064
NODE 4114 35.31416 0.5 -29.07064
NODE 4115 35.31416 0.5 -29.57064
NODE 4116 35.31416 0.5 -30.07064
NODE 4117 35.31416 0.5 -30.57064
NODE 4118 35.31416 0.5 -31.07064
NODE 4119 35.31416 0.5 -31.57064
NODE 4120 35.31416 0.5 -32.07064
NODE 4121 35.31416 0.5 -32.57064
NODE 4122 35.31416 0.5 -33.07064
NODE 4123 35.31416 0.5 -33.57064
NODE 4124 35.31416 0.5 -34.07064
NODE 4125 35.31416 0.5 -34.57064
NODE 4126 35.31416 0.5 -35.07064
NODE 4127 35.31416 0.5 -35.57064
NODE 4128 35.31416 0.5 -36.07064
NODE 4129 35.31416 0.5 -36.57064
NODE 4130 35.31416 0.5 -37.07064
NODE 4131 35.31416 0.5 -37.57064
NODE 4132 35.31416 0.5 -38.07064
NODE 4133 35.31416 0.5 -38.57064
NODE 4134 35.81416 0.5 13.92936
NODE 4135 35.81416 0.5 13.42936
NODE 4136 35.81416 0.5 12.92936
NODE 4137 35.81416 0.5 12.42936
NODE 4138 35.81416 0.5 11.92936
NODE 4139 35.81416 0.5 11.42936
NODE 4140 35.81416 0.5 -8.070641
NODE 4141 35.81416 0.5 -8.570641
NODE 4142 35.81416 0.5 -9.070641
NODE 4143 35.81416 0.5 -9.570641
NODE 4144 35.81416 0.5 -10.07064
NODE 4145 35.81416 0.5 -10.57064
NODE 4146 35.81416 0.5 -11.07064
NODE 4147 35.81416 0.5 -11.57064
NODE 4148 35.81416 0.5 -12.07064
NODE 4149 35.81416 0.5 -12.57064
NODE 4150 35.81416 0.5 -13.07064
NODE 4151 35.81416 0.5 -13.57064
NODE 4152 35.81416 0.5 -14.07064
NODE 4153 35.81416 0.5 -14.57064
NODE 4154 35.81416 0.5 -15.07064
NODE 4155 35.81416 0.5 -15.57064
NODE 4156 35.81416 0.5 -16.07064
NODE 4157 35.81416 0.5 -16.57064
NODE 4158 35.81416 0.5 -17.07064
NODE 4159 35.81416 0.5 -17.57064
NODE 4160 35.81416 0.5 -18.07064
NODE 4161 35.81416 0.5 -18.57064
NODE 4162 35.81416 0.5 -19.07064
NODE 4163 35.81416 0.5 -19.57064
NODE 4164 35.81416 0.5 -20.07064
NODE 4165 35.81416 0.5 -20.57064
NODE 4166 35.81416 0.5 -21.07064
NODE 4167 35.81416 0.5 -21.57064
NODE 4168 35.81416 0.5 -22.07064
NODE 4169 35.81416 0.5 -22.57064
NODE 4170 35.81416 0.5 -23.07064
NODE 4171 35.81416 0.5 -23.57064
NODE 4172 35.81416 0.5 -24.07064
NODE 4173 35.81416 0.5 -24.57064
NODE 4174 35.81416 0.5 -25.07064
NODE 4175 35.81416 0.5 -25.57064
NODE 4176 35.81416 0.5 -26.07064
NODE 4177 35.81416 0.5 -26.57064
NODE 4178 35.81416 0.5 -27.07064
NODE 4179 35.81416 0.5 -27.57064
NODE 4180 35.81416 0.5 -28.07064
NODE 4181 35.81416 0.5 -28.57064
NODE 4182 35.81416 0.5 -29.07064
NODE 4183 35.81416 0.5 -29.57064
NODE 4184 35.81416 0.5 -30.07064
NODE 4185 35.81416 0.5 -30.57064
NODE 4186 35.81416 0.5 -31.07064
NODE 4187 35.81416 0.5 -31.57064
NODE 4188 35.81416 0.5 -32.07064
NODE 4189 35.81416 0.5 -32.57064
NODE 4190 35.81416 0.5 -33.07064
NODE 4191 35.81416 0.5 -33.57064
NODE 4192 35.81416 0.5 -34.07064
NODE 4193 35.81416 0.5 -34.57064
NODE 4194 35.81416 0.5 -35.07064
NODE 4195 35.81416 0.5 -35.57064
NODE 4196 35.81416 0.5 -36.07064
NODE 4197 35.81416 0.5 -36.57064
NODE 4198 35.81416 0.5 -37.07064
NODE 4199 35.81416 0.5 -37.57064
NODE 4200 35.81416 0.5 -38.07064
NODE 4201 35.81416 0.5 -38.57064
NODE 4202 36.31416 0.5 13.92936
NODE 4203 36.31416 0.5 13.42936
NODE 4204 36.31416 0.5 12.92936
NODE 4205 36.31416 0.5 12.42936
NODE 4206 36.31416 0.5 11.92936
NODE 4207 36.31416 0.5 11.42936
NODE 4208 36.31416 0.5 -8.070641
NODE 4209 36.31416 0.5 -8.570641
NODE 4210 36.31416 0.5 -9.070641
NODE 4211 36.31416 0.5 -9.570641
NODE 4212 36.31416 0.5 -10.07064
NODE 4213 36.31416 0.5 -10.57064
NODE 4214 36.31416 0.5 -11.07064
NODE 4215 36.31416 0.5 -11.57064
NODE 4216 36.31416 0.5 -12.07064
NODE 4217 36.31416 0.5 -12.57064
NODE 4218 36.31416 0.5 -13.07064
NODE 4219 36.31416 0.5 -13.57064
NODE 4220 36.31416 0.5 -14.07064
NODE 4221 36.31416 0.5 -14.57064
NODE 4222 36.31416 0.5 -15.07064
NODE 4223 36.31416 0.5 -15.57064
NODE 4224 36.31416 0.5 -16.07064
NODE 4225 36.31416 0.5 -16.57064
NODE 4226 36.31416 0.5 -17.07064
NODE 4227 36.31416 0.5 -17.57064
NODE 4228 36.31416 0.5 -18.07064
NODE 4229 36.31416 0.5 -18.57064
NODE 4230 36.31416 0.5 -19.07064
NODE 4231 36.31416 0.5 -19.57064
NODE 4232 36.31416 0.5 -20.07064
NODE 4233 36.31416 0.5 -20.57064
NODE 4234 36.31416 0.5 -21.07064
NODE 4235 36.31416 0.5 -21.57064
NODE 4236 36.31416 0.5 -22.07064
NODE 4237 36.31416 0.5 -22.57064
NODE 4238 36.31416 0.5 -23.07064
NODE 4239 36.31416 0.5 -23.57064
NODE 4240 36.31416 0.5 -24.07064
NODE 4241 36.31416 0.5 -24.57064
NODE 4242 36.31416 0.5 -25.07064
NODE 4243 36.31416 0.5 -25.57064
NODE 4244 36.31416 0.5 -26.07064
NODE 4245 36.31416 0.5 -26.57064
NODE 4246 36.31416 0.5 -27.07064
NODE 4247 36.31416 0.5 -27.57064
NODE 4248 36.31416 0.5 -28.07064
NODE 4249 36.31416 0.5 -28.57064
NODE 4250 36.31416 0.5 -29.07064
NODE 4251 36.31416 0.5 -29.57064
NODE 4252 36.31416 0.5 -30.07064
NODE 4253 36.31416 0.5 -30.57064
NODE 4254 36.31416 0.5 -31.07064
NODE 4255 36.31416 0.5 -31.57064
NODE 4256 36.31416 0.5 -32.07064
NODE 4257 36.31416 0.5 -32.57064
NODE 4258 36.31416 0.5 -33.07064
NODE 4259 36.31416 0.5 -33.57064
NODE 4260 36.31416 0.5 -34.07064
NODE 4261 36.31416 0.5 -34.57064
NODE 4262 36.31416 0.5 -35.07064
NODE 4263 36.31416 0.5 -35.57064
NODE 4264 36.31416 0.5 -36.07064
NODE 4265 36.31416 0.5 -36.57064
NODE 4266 36.31416 0.5 -37.07064
NODE 4267 36.31416 0.5 -37.57064
NODE 4268 36.31416 0.5 -38.07064
NODE 4269 36.31416 0.5 -38.57064
NODE 4270 36.81416 0.5 13.92936
NODE 4271 36.81416 0.5 13.42936
NODE 4272 36.81416 0.5 12.92936
NODE 4273 36.81416 0.5 12.42936
NODE 4274 36.81416 0.5 11.92936
NODE 4275 36.81416 0.5 11.42936
NODE 4276 36.81416 0.5 -8.070641
NODE 4277 36.81416 0.5 -8.570641
NODE 4278 36.81416 0.5 -9.070641
NODE 4279 36.81416 0.5 -9.570641
NODE 4280 36.81416 0.5 -10.07064
NODE 4281 36.81416 0.5 -10.57064
NODE 4282 36.81416 0.5 -11.07064
NODE 4283 36.81416 0.5 -11.57064
NODE 4284 36.81416 0.5 -12.07064
NODE 4285 36.81416 0.5 -12.57064
NODE 4286 36.81416 0.5 -13.07064
NODE 4287 36.81416 0.5 -13.57064
NODE 4288 36.81416 0.5 -14.07064
NODE 4289 36.81416 0.5 -14.57064
NODE 4290 36.81416 0.5 -15.07064
NODE 4291 36.81416 0.5 -15.57064
NODE 4292 36.81416 0.5 -16.07064
NODE 4293 36.81416 0.5 -16.57064
NODE 4294 36.81416 0.5 -17.07064
NODE 4295 36.81416 0.5 -17.57064
NODE 4296 36.81416 0.5 -18.07064
NODE 4297 36.81416 0.5 -18.57064
NODE 4298 36.81416 0.5 -19.07064
NODE 4299 36.81416 0.5 -19.57064
NODE 4300 36.81416 0.5 -20.07064
NODE 4301 36.81416 0.5 -20.57064
NODE 4302 36.81416 0.5 -21.07064
NODE 4303 36.81416 0.5 -21.57064
NODE 4304 36.81416 0.5 -22.07064
NODE 4305 36.81416 0.5 -22.57064
NODE 4306 36.81416 0.5 -23.07064
NODE 4307 36.81416 0.5 -23.57064
NODE 4308 36.81416 0.5 -24.07064
NODE 4309 36.81416 0.5 -24.57064
NODE 4310 36.81416 0.5 -25.07064
NODE 4311 36.81416 0.5 -25.57064
NODE 4312 36.81416 0.5 -26.07064
NODE 4313 36.81416 0.5 -26.57064
NODE 4314 36.81416 0.5 -27.07064
NODE 4315 36.81416 0.5 -27.57064
NODE 4316 36.81416 0.5 -28.07064
NODE 4317 36.81416 0.5 -28.57064
NODE 4318 36.81416 0.5 -29.07064
NODE 4319 36.81416 0.5 -29.57064
NODE 4320 36.81416 0.5 -30.07064
NODE 4321 36.81416 0.5 -30.57064
NODE 4322 36.81416 0.5 -31.07064
NODE 4323 36.81416 0.5 -31.57064
NODE 4324 36.81416 0.5 -32.07064
NODE 4325 36.81416 0.5 -32.57064
NODE 4326 36.81416 0.5 -33.07064
NODE 4327 36.81416 0.5 -33.57064
NODE 4328 36.81416 0.5 -34.07064
NODE 4329 36.81416 0.5 -34.57064
NODE 4330 36.81416 0.5 -35.07064
NODE 4331 36.81416 0.5 -35.57064
NODE 4332 36.81416 0.5 -36.07064
NODE 4333 36.81416 0.5 -36.57064
NODE 4334 36.81416 0.5 -37.07064
NODE 4335 36.81416 0.5 -37.57064
NODE 4336 36.81416 0.5 -38.07064
NODE 4337 36.81416 0.5 -38.57064
NODE 4338 37.31416 0.5 13.92936
NODE 4339 37.31416 0.5 13.42936
NODE 4340 37.31416 0.5 12.92936
NODE 4341 37.31416 0.5 12.42936
NODE 4342 37.31416 0.5 11.92936
NODE 4343 37.31416 0.5 11.42936
NODE 4344 37.31416 0.5 -8.070641
NODE 4345 37.31416 0.5 -8.570641
NODE 4346 37.31416 0.5 -9.070641
NODE 4347 37.31416 0.5 -9.570641
NODE 4348 37.31416 0.5 -10.07064
NODE 4349 37.31416 0.5 -10.57064
NODE 4350 37.31416 0.5 -11.07064
NODE 4351 37.31416 0.5 -11.57064
NODE 4352 37.31416 0.5 -12.07064
NODE 4353 37.31416 0.5 -12.57064
NODE 4354 37.31416 0.5 -13.07064
NODE 4355 37.31416 0.5 -13.57064
NODE 4356 37.31416 0.5 -14.07064
NODE 4357 37.31416 0.5 -14.57064
NODE 4358 37.31416 0.5 -15.07064
NODE 4359 37.31416 0.5 -15.57064
NODE 4360 37.31416 0.5 -16.07064
NODE 4361 37.31416 0.5 -16.57064
NODE 4362 37.31416 0.5 -17.07064
NODE 4363 37.31416 0.5 -17.57064
NODE 4364 37.31416 0.5 -18.07064
NODE 4365 37.31416 0.5 -18.57064
NODE 4366 37.31416 0.5 -19.07064
NODE 4367 37.31416 0.5 -19.57064
NODE 4368 37.31416 0.5 -20.07064
NODE 4369 37.31416 0.5 -20.57064
NODE 4370 37.31416 0.5 -21.07064
NODE 4371 37.31416 0.5 -21.57064
NODE 4372 37.31416 0.5 -22.07064
NODE 4373 37.31416 0.5 -22.57064
NODE 4374 37.31416 0.5 -23.07064
NODE 4375 37.31416 0.5 -23.57064
NODE 4376 37.31416 0.5 -24.07064
NODE 4377 37.31416 0.5 -24.57064
NODE 4378 37.31416 0.5 -25.07064
NODE 4379 37.31416 0.5 -25.57064
NODE 4380 37.31416 0.5 -26.07064
NODE 4381 37.31416 0.5 -26.57064
NODE 4382 37.31416 0.5 -27.07064
NODE 4383 37.31416 0.5 -27.57064
NODE 4384 37.31416 0.5 -28.07064
NODE 4385 37.31416 0.5 -28.57064
NODE 4386 37.31416 0.5 -29.07064
NODE 4387 37.31416 0.5 -29.57064
NODE 4388 37.31416 0.5 -30.07064
NODE 4389 37.31416 0.5 -30.57064
NODE 4390 37.31416 0.5 -31.07064
NODE 4391 37.31416 0.5 -31.57064
NODE 4392 37.31416 0.5 -32.07064
NODE 4393 37.31416 0.5 -32.57064
NODE 4394 37.31416 0.5 -33.07064
NODE 4395 37.31416 0.5 -33.57064
NODE 4396 37.31416 0.5 -34.07064
NODE 4397 37.31416 0.5 -34.57064
NODE 4398 37.31416 0.5 -35.07064
NODE 4399 37.31416 0.5 -35.57064
NODE 4400 37.31416 0.5 -36.07064
NODE 4401 37.31416 0.5 -36.57064
NODE 4402 37.31416 0.5 -37.07064
NODE 4403 37.31416 0.5 -37.57064
NODE 4404 37.31416 0.5 -38.07064
NODE 4405 37.31416 0.5 -38.57064
NODE 4406 37.81416 0.5 13.92936
NODE 4407 37.81416 0.5 13.42936
NODE 4408 37.81416 0.5 12.92936
NODE 4409 37.81416 0.5 12.42936
NODE 4410 37.81416 0.5 11.92936
NODE 4411 37.81416 0.5 11.42936
NODE 4412 37.81416 0.5 -8.070641
NODE 4413 37.81416 0.5 -8.570641
NODE 4414 37.81416 0.5 -9.070641
NODE 4415 37.81416 0.5 -9.570641
NODE 4416 37.81416 0.5 -10.07064
NODE 4417 37.81416 0.5 -10.57064
NODE 4418 37.81416 0.5 -11.07064
NODE 4419 37.81416 0.5 -11.57064
NODE 4420 37.81416 0.5 -12.07064
NODE 4421 37.81416 0.5 -12.57064
NODE 4422 37.81416 0.5 -13.07064
NODE 4423 37.81416 0.5 -13.57064
NODE 4424 37.81416 0.5 -14.07064
NODE 4425 37.81416 0.5 -14.57064
NODE 4426 37.81416 0.5 -15.07064
NODE 4427 37.81416 0.5 -15.57064
NODE 4428 37.81416 0.5 -16.07064
NODE 4429 37.81416 0.5 -16.57064
NODE 4430 37.81416 0.5 -17.07064
NODE 4431 37.81416 0.5 -17.57064
NODE 4432 37.81416 0.5 -18.07064
NODE 4433 37.81416 0.5 -18.57064
NODE 4434 37.81416 0.5 -19.07064
NODE 4435 37.81416 0.5 -19.57064
NODE 4436 37.81416 0.5 -20.07064
NODE 4437 37.81416 0.5 -20.57064
NODE 4438 37.81416 0.5 -21.07064
NODE 4439 37.81416 0.5 -21.57064
NODE 4440 37.81416 0.5 -22.07064
NODE 4441 37.81416 0.5 -22.57064
NODE 4442 37.81416 0.5 -23.07064
NODE 4443 37.81416 0.5 -23.57064
NODE 4444 37.81416 0.5 -24.07064
NODE 4445 37.81416 0.5 -24.57064
NODE 4446 37.81416 0.5 -25.07064
NODE 4447 37.81416 0.5 -25.57064
NODE 4448 37.81416 0.5 -26.07064
NODE 4449 37.81416 0.5 -26.57064
NODE 4450 37.81416 0.5 -27.07064
NODE 4451 37.81416 0.5 -27.57064
NODE 4452 37.81416 0.5 -28.07064
NODE 4453 37.81416 0.5 -28.57064
NODE 4454 37.81416 0.5 -29.07064
NODE 4455 37.81416 0.5 -29.57064
NODE 4456 37.81416 0.5 -30.07064
NODE 4457 37.81416 0.5 -30.57064
NODE 4458 37.81416 0.5 -31.07064
NODE 4459 37.81416 0.5 -31.57064
NODE 4460 37.81416 0.5 -32.07064
NODE 4461 37.81416 0.5 -32.57064
NODE 4462 37.81416 0.5 -33.07064
NODE 4463 37.81416 0.5 -33.57064
NODE 4464 37.81416 0.5 -34.07064
NODE 4465 37.81416 0.5 -34.57064
NODE 4466 37.81416 0.5 -35.07064
NODE 4467 37.81416 0.5 -35.57064
NODE 4468 37.81416 0.5 -36.07064
NODE 4469 37.81416 0.5 -36.57064
NODE 4470 37.81416 0.5 -37.07064
NODE 4471 37.81416 0.5 -37.57064
NODE 4472 37.81416 0.5 -38.07064
NODE 4473 37.81416 0.5 -38.57064
NODE 4474 38.31416 0.5 13.92936
NODE 4475 38.31416 0.5 13.42936
NODE 4476 38.31416 0.5 12.92936
NODE 4477 38.31416 0.5 12.42936
NODE 4478 38.31416 0.5 11.92936
NODE 4479 38.31416 0.5 11.42936
NODE 4480 38.31416 0.5 -8.070641
NODE 4481 38.31416 0.5 -8.570641
NODE 4482 38.31416 0.5 -9.070641
NODE 4483 38.31416 0.5 -9.570641
NODE 4484 38.31416 0.5 -10.07064
NODE 4485 38.31416 0.5 -10.57064
NODE 4486 38.31416 0.5 -11.07064
NODE 4487 38.31416 0.5 -11.57064
NODE 4488 38.31416 0.5 -12.07064
NODE 4489 38.31416 0.5 -12.57064
NODE 4490 38.31416 0.5 -13.07064
NODE 4491 38.31416 0.5 -13.57064
NODE 4492 38.31416 0.5 -14.07064
NODE 4493 38.31416 0.5 -14.57064
NODE 4494 38.31416 0.5 -15.07064
NODE 4495 38.31416 0.5 -15.57064
NODE 4496 38.31416 0.5 -16.07064
NODE 4497 38.31416 0.5 -16.57064
NODE 4498 38.31416 0.5 -17.07064
NODE 4499 38.31416 0.5 -17.57064
NODE 4500 38.31416 0.5 -18.07064
NODE 4501 38.31416 0.5 -18.57064
NODE 4502 38.31416 0.5 -19.07064
NODE 4503 38.31416 0.5 -19.57064
NODE 4504 38.31416 0.5 -20.07064
NODE 4505 38.31416 0.5 -20.57064
NODE 4506 38.31416 0.5 -21.07064
NODE 4507 38.31416 0.5 -21.57064
NODE 4508 38.31416 0.5 -22.07064
NODE 4509 38.31416 0.5 -22.57064
NODE 4510 38.31416 0.5 -23.07064
NODE 4511 38.31416 0.5 -23.57064
NODE 4512 38.31416 0.5 -24.07064
NODE 4513 38.31416 0.5 -24.57064
NODE 4514 38.31416 0.5 -25.07064
NODE 4515 38.31416 0.5 -25.57064
NODE 4516 38.31416 0.5 -26.07064
NODE 4517 38.31416 0.5 -26.57064
NODE 4518 38.31416 0.5 -27.07064
NODE 4519 38.31416 0.5 -27.57064
NODE 4520 38.31416 0.5 -28.07064
NODE 4521 38.31416 0.5 -28.57064
NODE 4522 38.31416 0.5 -29.07064
NODE 4523 38.31416 0.5 -29.57064
NODE 4524 38.31416 0.5 -30.07064
NODE 4525 38.31416 0.5 -30.57064
NODE 4526 38.31416 0.5 -31.07064
NODE 4527 38.31416 0.5 -31.57064
NODE 4528 38.31416 0.5 -32.07064
NODE 4529 38.31416 0.5 -32.57064
NODE 4530 38.31416 0.5 -33.07064
NODE 4531 38.31416 0.5 -33.57064
NODE 4532 38.31416 0.5 -34.07064
NODE 4533 38.31416 0.5 -34.57064
NODE 4534 38.31416 0.5 -35.07064
NODE 4535 38.31416 0.5 -35.57064
NODE 4536 38.31416 0.5 -36.07064
NODE 4537 38.31416 0.5 -36.57064
NODE 4538 38.31416 0.5 -37.07064
NODE 4539 38.31416 0.5 -37.57064
NODE 4540 38.31416 0.5 -38.07064
NODE 4541 38.31416 0.5 -38.57064
NODE 4542 38.81416 0.5 13.92936
NODE 4543 38.81416 0.5 13.42936
NODE 4544 38.81416 0.5 12.92936
NODE 4545 38.81416 0.5 12.42936
NODE 4546 38.81416 0.5 11.92936
NODE 4547 38.81416 0.5 11.42936
NODE 4548 38.81416 0.5 -8.070641
NODE 4549 38.81416 0.5 -8.570641
NODE 4550 38.81416 0.5 -9.070641
NODE 4551 38.81416 0.5 -9.570641
NODE 4552 38.81416 0.5 -10.07064
NODE 4553 38.81416 0.5 -10.57064
NODE 4554 38.81416 0.5 -11.07064
NODE 4555 38.81416 0.5 -11.57064
NODE 4556 38.81416 0.5 -12.07064
NODE 4557 38.81416 0.5 -12.57064
NODE 4558 38.81416 0.5 -13.07064
NODE 4559 38.81416 0.5 -13.57064
NODE 4560 38.81416 0.5 -14.07064
NODE 4561 38.81416 0.5 -14.57064
NODE 4562 38.81416 0.5 -15.07064
NODE 4563 38.81416 0.5 -15.57064
NODE 4564 38.81416 0.5 -16.07064
NODE 4565 38.81416 0.5 -16.57064
NODE 4566 38.81416 0.5 -17.07064
NODE 4567 38.81416 0.5 -17.57064
NODE 4568 38.81416 0.5 -18.07064
NODE 4569 38.81416 0.5 -18.57064
NODE 4570 38.81416 0.5 -19.07064
NODE 4571 38.81416 0.5 -19.57064
NODE 4572 38.81416 0.5 -20.07064
NODE 4573 38.81416 0.5 -20.57064
NODE 4574 38.81416 0.5 -21.07064
NODE 4575 38.81416 0.5 -21.57064
NODE 4576 38.81416 0.5 -22.07064
NODE 4577 38.81416 0.5 -22.57064
NODE 4578 38.81416 0.5 -23.07064
NODE 4579 38.81416 0.5 -23.57064
NODE 4580 38.81416 0.5 -24.07064
NODE 4581 38.81416 0.5 -24.57064
NODE 4582 38.81416 0.5 -25.07064
NODE 4583 38.81416 0.5 -25.57064
NODE 4584 38.81416 0.5 -26.07064
NODE 4585 38.81416 0.5 -26.57064
NODE 4586 38.81416 0.5 -27.07064
NODE 4587 38.81416 0.5 -27.57064
NODE 4588 38.81416 0.5 -28.07064
NODE 4589 38.81416 0.5 -28.57064
NODE 4590 38.81416 0.5 -29.07064
NODE 4591 38.81416 0.5 -29.57064
NODE 4592 38.81416 0.5 -30.07064
NODE 4593 38.81416 0.5 -30.57064
NODE 4594 38.81416 0.5 -31.07064
NODE 4595 38.81416 0.5 -31.57064
NODE 4596 38.81416 0.5 -32.07064
NODE 4597 38.81416 0.5 -32.57064
NODE 4598 38.81416 0.5 -33.07064
NODE 4599 38.81416 0.5 -33.57064
NODE 4600 38.81416 0.5 -34.07064
NODE 4601 38.81416 0.5 -34.57064
NODE 4602 38.81416 0.5 -35.07064
NODE 4603 38.81416 0.5 -35.57064
NODE 4604 38.81416 0.5 -36.07064
NODE 4605 38.81416 0.5 -36.57064
NODE 4606 38.81416 0.5 -37.07064
NODE 4607 38.81416 0.5 -37.57064
NODE 4608 38.81416 0.5 -38.07064
NODE 4609 38.81416 0.5 -38.57064
NODE 4610 39.31416 0.5 13.92936
NODE 4611 39.31416 0.5 13.42936
NODE 4612 39.31416 0.5 12.92936
NODE 4613 39.31416 0.5 12.42936
NODE 4614 39.31416 0.5 11.92936
NODE 4615 39.31416 0.5 11.42936
NODE 4616 39.31416 0.5 -8.070641
NODE 4617 39.31416 0.5 -8.570641
NODE 4618 39.31416 0.5 -9.070641
NODE 4619 39.31416 0.5 -9.570641
NODE 4620 39.31416 0.5 -10.07064
NODE 4621 39.31416 0.5 -10.57064
NODE 4622 39.31416 0.5 -11.07064
NODE 4623 39.31416 0.5 -11.57064
NODE 4624 39.31416 0.5 -12.07064
NODE 4625 39.31416 0.5 -12.57064
NODE 4626 39.31416 0.5 -13.07064
NODE 4627 39.31416 0.5 -13.57064
NODE 4628 39.31416 0.5 -14.07064
NODE 4629 39.31416 0.5 -14.57064
NODE 4630 39.31416 0.5 -15.07064
NODE 4631 39.31416 0.5 -15.57064
NODE 4632 39.31416 0.5 -16.07064
NODE 4633 39.31416 0.5 -16.57064
NODE 4634 39.31416 0.5 -17.07064
NODE 4635 39.31416 0.5 -17.57064
NODE 4636 39.31416 0.5 -18.07064
NODE 4637 39.31416 0.5 -18.57064
NODE 4638 39.31416 0.5 -19.07064
NODE 4639 39.31416 0.5 -19.57064
NODE 4640 39.31416 0.5 -20.07064
NODE 4641 39.31416 0.5 -20.57064
NODE 4642 39.31416 0.5 -21.07064
NODE 4643 39.31416 0.5 -21.57064
NODE 4644 39.31416 0.5 -22.07064
NODE 4645 39.31416 0.5 -22.57064
NODE 4646 39.31416 0.5 -23.07064
NODE 4647 39.31416 0.5 -23.57064
NODE 4648 39.31416 0.5 -24.07064
NODE 4649 39.31416 0.5 -24.57064
NODE 4650 39.31416 0.5 -25.07064
NODE 4651 39.31416 0.5 -25.57064
NODE 4652 39.31416 0.5 -26.07064
NODE 4653 39.31416 0.5 -26.57064
NODE 4654 39.31416 0.5 -27.07064
NODE 4655 39.31416 0.5 -27.57064
NODE 4656 39.31416 0.5 -28.07064
NODE 4657 39.31416 0.5 -28.57064
NODE 4658 39.31416 0.5 -29.07064
NODE 4659 39.31416 0.5 -29.57064
NODE 4660 39.31416 0.5 -30.07064
NODE 4661 39.31416 0.5 -30.57064
NODE 4662 39.31416 0.5 -31.07064
NODE 4663 39.31416 0.5 -31.57064
NODE 4664 39.31416 0.5 -32.07064
NODE 4665 39.31416 0.5 -32.57064
NODE 4666 39.31416 0.5 -33.07064
NODE 4667 39.31416 0.5 -33.57064
NODE 4668 39.31416 0.5 -34.07064
NODE 4669 39.31416 0.5 -34.57064
NODE 4670 39.31416 0.5 -35.07064
NODE 4671 39.31416 0.5 -35.57064
NODE 4672 39.31416 0.5 -36.07064
NODE 4673 39.31416 0.5 -36.57064
NODE 4674 39.31416 0.5 -37.07064
NODE 4675 39.31416 0.5 -37.57064
NODE 4676 39.31416 0.5 -38.07064
NODE 4677 39.31416 0.5 -38.57064
NODE 4678 39.81416 0.5 13.92936
NODE 4679 39.81416 0.5 13.42936
NODE 4680 39.81416 0.5 12.92936
NODE 4681 39.81416 0.5 12.42936
NODE 4682 39.81416 0.5 11.92936
NODE 4683 39.81416 0.5 11.42936
NODE 4684 39.81416 0.5 -8.070641
NODE 4685 39.81416 0.5 -8.570641
NODE 4686 39.81416 0.5 -9.070641
NODE 4687 39.81416 0.5 -9.570641
NODE 4688 39.81416 0.5 -10.07064
NODE 4689 39.81416 0.5 -10.57064
NODE 4690 39.81416 0.5 -11.07064
NODE 4691 39.81416 0.5 -11.57064
NODE 4692 39.81416 0.5 -12.07064
NODE 4693 39.81416 0.5 -12.57064
NODE 4694 39.81416 0.5 -13.07064
NODE 4695 39.81416 0.5 -13.57064
NODE 4696 39.81416 0.5 -14.07064
NODE 4697 39.81416 0.5 -14.57064
NODE 4698 39.81416 0.5 -15.07064
NODE 4699 39.81416 0.5 -15.57064
NODE 4700 39.81416 0.5 -16.07064
NODE 4701 39.81416 0.5 -16.57064
NODE 4702 39.81416 0.5 -17.07064
NODE 4703 39.81416 0.5 -17.57064
NODE 4704 39.81416 0.5 -18.07064
NODE 4705 39.81416 0.5 -18.57064
NODE 4706 39.81416 0.5 -19.07064
NODE 4707 39.81416 0.5 -19.57064
NODE 4708 39.81416 0.5 -20.07064
NODE 4709 39.81416 0.5 -20.57064
NODE 4710 39.81416 0.5 -21.07064
NODE 4711 39.81416 0.5 -21.57064
NODE 4712 39.81416 0.5 -22.07064
NODE 4713 39.81416 0.5 -22.57064
NODE 4714 39.81416 0.5 -23.07064
NODE 4715 39.81416 0.5 -23.57064
NODE 4716 39.81416 0.5 -24.07064
NODE 4717 39.81416 0.5 -24.57064
NODE 4718 39.81416 0.5 -25.07064
NODE 4719 39.81416 0.5 -25.57064
NODE 4720 39.81416 0.5 -26.07064
NODE 4721 39.81416 0.5 -26.57064
NODE 4722 39.81416 0.5 -27.07064
NODE 4723 39.81416 0.5 -27.57064
NODE 4724 39.81416 0.5 -28.07064
NODE 4725 39.81416 0.5 -28.57064
NODE 4726 39.81416 0.5 -29.07064
NODE 4727 39.81416 0.5 -29.57064
NODE 4728 39.81416 0.5 -30.07064
NODE 4729 39.81416 0.5 -30.57064
NODE 4730 39.81416 0.5 -31.07064
NODE 4731 39.81416 0.5 -31.57064
NODE 4732 39.81416 0.5 -32.07064
NODE 4733 39.81416 0.5 -32.57064
NODE 4734 39.81416 0.5 -33.07064
NODE 4735 39.81416 0.5 -33.57064
NODE 4736 39.81416 0.5 -34.07064
NODE 4737 39.81416 0.5 -34.57064
NODE 4738 39.81416 0.5 -35.07064
NODE 4739 39.81416 0.5 -35.57064
NODE 4740 39.81416 0.5 -36.07064
NODE 4741 39.81416 0.5 -36.57064
NODE 4742 39.81416 0.5 -37.07064
NODE 4743 39.81416 0.5 -37.57064
NODE 4744 39.81416 0.5 -38.07064
NODE 4745 39.81416 0.5 -38.57064
NODE 4746 40.31416 0.5 13.92936
NODE 4747 40.31416 0.5 13.42936
NODE 4748 40.31416 0.5 12.92936
NODE 4749 40.31416 0.5 12.42936
NODE 4750 40.31416 0.5 11.92936
NODE 4751 40.31416 0.5 11.42936
NODE 4752 40.31416 0.5 -8.070641
NODE 4753 40.31416 0.5 -8.570641
NODE 4754 40.31416 0.5 -9.070641
NODE 4755 40.31416 0.5 -9.570641
NODE 4756 40.31416 0.5 -10.07064
NODE 4757 40.31416 0.5 -10.57064
NODE 4758 40.31416 0.5 -11.07064
NODE 4759 40.31416 0.5 -11.57064
NODE 4760 40.31416 0.5 -12.07064
NODE 4761 40.31416 0.5 -12.57064
NODE 4762 40.31416 0.5 -13.07064
NODE 4763 40.31416 0.5 -13.57064
NODE 4764 40.31416 0.5 -14.07064
NODE 4765 40.31416 0.5 -14.57064
NODE 4766 40.31416 0.5 -15.07064
NODE 4767 40.31416 0.5 -15.57064
NODE 4768 40.31416 0.5 -16.07064
NODE 4769 40.31416 0.5 -16.57064
NODE 4770 40.31416 0.5 -17.07064
NODE 4771 40.31416 0.5 -17.57064
NODE 4772 40.31416 0.5 -18.07064
NODE 4773 40.31416 0.5 -18.57064
NODE 4774 40.31416 0.5 -19.07064
NODE 4775 40.31416 0.5 -19.57064
NODE 4776 40.31416 0.5 -20.07064
NODE 4777 40.31416 0.5 -20.57064
NODE 4778 40.31416 0.5 -21.07064
NODE 4779 40.31416 0.5 -21.57064
NODE 4780 40.31416 0.5 -22.07064
NODE 4781 40.31416 0.5 -22.57064
NODE 4782 40.31416 0.5 -23.07064
NODE 4783 40.31416 0.5 -23.57064
NODE 4784 40.31416 0.5 -24.07064
NODE 4785 40.31416 0.5 -24.57064
NODE 4786 40.31416 0.5 -25.07064
NODE 4787 40.31416 0.5 -25.57064
NODE 4788 40.31416 0.5 -26.07064
NODE 4789 40.31416 0.5 -26.57064
NODE 4790 40.31416 0.5 -27.07064
NODE 4791 40.31416 0.5 -27.57064
NODE 4792 40.31416 0.5 -28.07064
NODE 4793 40.31416 0.5 -28.57064
NODE 4794 40.31416 0.5 -29.07064
NODE 4795 40.31416 0.5 -29.57064
NODE 4796 40.31416 0.5 -30.07064
NODE 4797 40.31416 0.5 -30.57064
NODE 4798 40.31416 0.5 -31.07064
NODE 4799 40.31416 0.5 -31.57064
NODE 4800 40.31416 0.5 -32.07064
NODE 4801 40.31416 0.5 -32.57064
NODE 4802 40.31416 0.5 -33.07064
NODE 4803 40.31416 0.5 -33.57064
NODE 4804 40.31416 0.5 -34.07064
NODE 4805 40.31416 0.5 -34.57064
NODE 4806 40.31416 0.5 -35.07064
NODE 4807 40.31416 0.5 -35.57064
NODE 4808 40.31416 0.5 -36.07064
NODE 4809 40.31416 0.5 -36.57064
NODE 4810 40.31416 0.5 -37.07064
NODE 4811 40.31416 0.5 -37.57064
NODE 4812 40.31416 0.5 -38.07064
NODE 4813 40.31416 0.5 -38.57064
NODE 4814 40.81416 0.5 13.92936
NODE 4815 40.81416 0.5 13.42936
NODE 4816 40.81416 0.5 12.92936
NODE 4817 40.81416 0.5 12.42936
NODE 4818 40.81416 0.5 11.92936
NODE 4819 40.81416 0.5 11.42936
NODE 4820 40.81416 0.5 -8.070641
NODE 4821 40.81416 0.5 -8.570641
NODE 4822 40.81416 0.5 -9.070641
NODE 4823 40.81416 0.5 -9.570641
NODE 4824 40.81416 0.5 -10.07064
NODE 4825 40.81416 0.5 -10.57064
NODE 4826 40.81416 0.5 -11.07064
NODE 4827 40.81416 0.5 -11.57064
NODE 4828 40.81416 0.5 -12.07064
NODE 4829 40.81416 0.5 -12.57064
NODE 4830 40.81416 0.5 -13.07064
NODE 4831 40.81416 0.5 -13.57064
NODE 4832 40.81416 0.5 -14.07064
NODE 4833 40.81416 0.5 -14.57064
NODE 4834 40.81416 0.5 -15.07064
NODE 4835 40.81416 0.5 -15.57064
NODE 4836 40.81416 0.5 -16.07064
NODE 4837 40.81416 0.5 -16.57064
NODE 4838 40.81416 0.5 -17.07064
NODE 4839 40.81416 0.5 -17.57064
NODE 4840 40.81416 0.5 -18.07064
NODE 4841 40.81416 0.5 -18.57064
NODE 4842 40.81416 0.5 -19.07064
NODE 4843 40.81416 0.5 -19.57064
NODE 4844 40.81416 0.5 -20.07064
NODE 4845 40.81416 0.5 -20.57064
NODE 4846 40.81416 0.5 -21.07064
NODE 4847 40.81416 0.5 -21.57064
NODE 4848 40.81416 0.5 -22.07064
NODE 4849 40.81416 0.5 -22.57064
NODE 4850 40.81416 0.5 -23.07064
NODE 4851 40.81416 0.5 -23.57064
NODE 4852 40.81416 0.5 -24.07064
NODE 4853 40.81416 0.5 -24.57064
NODE 4854 40.81416 0.5 -25.07064
NODE 4855 40.81416 0.5 -25.57064
NODE 4856 40.81416 0.5 -26.07064
NODE 4857 40.81416 0.5 -26.57064
NODE 4858 40.81416 0.5 -27.07064
NODE 4859 40.81416 0.5 -27.57064
NODE 4860 40.81416 0.5 -28.07064
NODE 4861 40.81416 0.5 -28.57064
NODE 4862 40.81416 0.5 -29.07064
NODE 4863 40.81416 0.5 -29.57064
NODE 4864 40.81416 0.5 -30.07064
NODE 4865 40.81416 0.5 -30.57064
NODE 4866 40.81416 0.5 -31.07064
NODE 4867 40.81416 0.5 -31.57064
NODE 4868 40.81416 0.5 -32.07064
NODE 4869 40.81416 0.5 -32.57064
NODE 4870 40.81416 0.5 -33.07064
NODE 4871 40.81416 0.5 -33.57064
NODE 4872 40.81416 0.5 -34.07064
NODE 4873 40.81416 0.5 -34.57064
NODE 4874 40.81416 0.5 -35.07064
NODE 4875 40.81416 0.5 -35.57064
NODE 4876 40.81416 0.5 -36.07064
NODE 4877 40.81416 0.5 -36.57064
NODE 4878 40.81416 0.5 -37.07064
NODE 4879 40.81416 0.5 -37.57064
NODE 4880 40.81416 0.5 -38.07064
NODE 4881 40.81416 0.5 -38.57064
NODE 4882 41.31416 0.5 13.92936
NODE 4883 41.31416 0.5 13.42936
NODE 4884 41.31416 0.5 12.92936
NODE 4885 41.31416 0.5 12.42936
NODE 4886 41.31416 0.5 11.92936
NODE 4887 41.31416 0.5 11.42936
NODE 4888 41.31416 0.5 -8.070641
NODE 4889 41.31416 0.5 -8.570641
NODE 4890 41.31416 0.5 -9.070641
NODE 4891 41.31416 0.5 -9.570641
NODE 4892 41.31416 0.5 -10.07064
NODE 4893 41.31416 0.5 -10.57064
NODE 4894 41.31416 0.5 -11.07064
NODE 4895 41.31416 0.5 -11.57064
NODE 4896 41.31416 0.5 -12.07064
NODE 4897 41.31416 0.5 -12.57064
NODE 4898 41.31416 0.5 -13.07064
NODE 4899 41.31416 0.5 -13.57064
NODE 4900 41.31416 0.5 -14.07064
NODE 4901 41.31416 0.5 -14.57064
NODE 4902 41.31416 0.5 -15.07064
NODE 4903 41.31416 0.5 -15.57064
NODE 4904 41.31416 0.5 -16.07064
NODE 4905 41.31416 0.5 -16.57064
NODE 4906 41.31416 0.5 -17.07064
NODE 4907 41.31416 0.5 -17.57064
NODE 4908 41.31416 0.5 -18.07064
NODE 4909 41.31416 0.5 -18.57064
NODE 4910 41.31416 0.5 -19.07064
NODE 4911 41.31416 0.5 -19.57064
NODE 4912 41.31416 0.5 -20.07064
NODE 4913 41.31416 0.5 -20.57064
NODE 4914 41.31416 0.5 -21.07064
NODE 4915 41.31416 0.5 -21.57064
NODE 4916 41.31416 0.5 -22.07064
NODE 4917 41.31416 0.5 -22.57064
NODE 4918 41.31416 0.5 -23.07064
NODE 4919 41.31416 0.5 -23.57064
NODE 4920 41.31416 0.5 -24.07064
NODE 4921 41.31416 0.5 -24.57064
NODE 4922 41.31416 0.5 -25.07064
NODE 4923 41.31416 0.5 -25.57064
NODE 4924 41.31416 0.5 -26.07064
NODE 4925 41.31416 0.5 -26.57064
NODE 4926 41.31416 0.5 -27.07064
NODE 4927 41.31416 0.5 -27.57064
NODE 4928 41.31416 0.5 -28.07064
NODE 4929 41.31416 0.5 -28.57064
NODE 4930 41.31416 0.5 -29.07064
NODE 4931 41.31416 0.5 -29.57064
NODE 4932 41.31416 0.5 -30.07064
NODE 4933 41.31416 0.5 -30.57064
NODE 4934 41.31416 0.5 -31.07064
NODE 4935 41.31416 0.5 -31.57064
NODE 4936 41.31416 0.5 -32.07064
NODE 4937 41.31416 0.5 -32.57064
NODE 4938 41.31416 0.5 -33.07064
NODE 4939 41.31416 0.5 -33.57064
NODE 4940 41.31416 0.5 -34.07064
NODE 4941 41.31416 0.5 -34.57064
NODE 4942 41.31416 0.5 -35.07064
NODE 4943 41.31416 0.5 -35.57064
NODE 4944 41.31416 0.5 -36.07064
NODE 4945 41.31416 0.5 -36.57064
NODE 4946 41.31416 0.5 -37.07064
NODE 4947 41.31416 0.5 -37.57064
NODE 4948 41.31416 0.5 -38.07064
NODE 4949 41.31416 0.5 -38.57064
NODE 4950 41.81416 0.5 13.92936
NODE 4951 41.81416 0.5 13.42936
NODE 4952 41.81416 0.5 12.92936
NODE 4953 41.81416 0.5 12.42936
NODE 4954 41.81416 0.5 11.92936
NODE 4955 41.81416 0.5 11.42936
NODE 4956 41.81416 0.5 -8.070641
NODE 4957 41.81416 0.5 -8.570641
NODE 4958 41.81416 0.5 -9.070641
NODE 4959 41.81416 0.5 -9.570641
NODE 4960 41.81416 0.5 -10.07064
NODE 4961 41.81416 0.5 -10.57064
NODE 4962 41.81416 0.5 -11.07064
NODE 4963 41.81416 0.5 -11.57064
NODE 4964 41.81416 0.5 -12.07064
NODE 4965 41.81416 0.5 -12.57064
NODE 4966 41.81416 0.5 -13.07064
NODE 4967 41.81416 0.5 -13.57064
NODE 4968 41.81416 0.5 -14.07064
NODE 4969 41.81416 0.5 -14.57064
NODE 4970 41.81416 0.5 -15.07064
NODE 4971 41.81416 0.5 -15.57064
NODE 4972 41.81416 0.5 -16.07064
NODE 4973 41.81416 0.5 -16.57064
NODE 4974 41.81416 0.5 -17.07064
NODE 4975 41.81416 0.5 -17.57064
NODE 4976 41.81416 0.5 -18.07064
NODE 4977 41.81416 0.5 -18.57064
NODE 4978 41.81416 0.5 -19.07064
NODE 4979 41.81416 0.5 -19.57064
NODE 4980 41.81416 0.5 -20.07064
NODE 4981 41.81416 0.5 -20.57064
NODE 4982 41.81416 0.5 -21.07064
NODE 4983 41.81416 0.5 -21.57064
NODE 4984 41.81416 0.5 -22.07064
NODE 4985 41.81416 0.5 -22.57064
NODE 4986 41.81416 0.5 -23.07064
NODE 4987 41.81416 0.5 -23.57064
NODE 4988 41.81416 0.5 -24.07064
NODE 4989 41.81416 0.5 -24.57064
NODE 4990 41.81416 0.5 -25.07064
NODE 4991 41.81416 0.5 -25.57064
NODE 4992 41.81416 0.5 -26.07064
NODE 4993 41.81416 0.5 -26.57064
NODE 4994 41.81416 0.5 -27.07064
NODE 4995 41.81416 0.5 -27.57064
NODE 4996 41.81416 0.5 -28.07064
NODE 4997 41.81416 0.5 -28.57064
NODE 4998 41.81416 0.5 -29.07064
NODE 4999 41.81416 0.5 -29.57064
NODE 5000 41.81416 0.5 -30.07064
NODE 5001 41.81416 0.5 -30.57064
NODE 5002 41.81416 0.5 -31.07064
NODE 5003 41.81416 0.5 -31.57064
NODE 5004 41.81416 0.5 -32.07064
NODE 5005 41.81416 0.5 -32.57064
NODE 5006 41.81416 0.5 -33.07064
NODE 5007 41.81416 0.5 -33.57064
NODE 5008 41.81416 0.5 -34.07064
NODE 5009 41.81416 0.5 -34.57064
NODE 5010 41.81416 0.5 -35.07064
NODE 5011 41.81416 0.5 -35.57064
NODE 5012 41.81416 0.5 -36.07064
NODE 5013 41.81416 0.5 -36.57064
NODE 5014 41.81416 0.5 -37.07064
NODE 5015 41.81416 0.5 -37.57064
NODE 5016 41.81416 0.5 -38.07064
NODE 5017 41.81416 0.5 -38.57064
NODE 5018 42.31416 0.5 13.92936
NODE 5019 42.31416 0.5 13.42936
NODE 5020 42.31416 0.5 12.92936
NODE 5021 42.31416 0.5 12.42936
NODE 5022 42.31416 0.5 11.92936
NODE 5023 42.31416 0.5 11.42936
NODE 5024 42.31416 0.5 -8.070641
NODE 5025 42.31416 0.5 -8.570641
NODE 5026 42.31416 0.5 -9.070641
NODE 5027 42.31416 0.5 -9.570641
NODE 5028 42.31416 0.5 -10.07064
NODE 5029 42.31416 0.5 -10.57064
NODE 5030 42.31416 0.5 -11.07064
NODE 5031 42.31416 0.5 -11.57064
NODE 5032 42.31416 0.5 -12.07064
NODE 5033 42.31416 0.5 -12.57064
NODE 5034 42.31416 0.5 -13.07064
NODE 5035 42.31416 0.5 -13.57064
NODE 5036 42.31416 0.5 -14.07064
NODE 5037 42.31416 0.5 -14.57064
NODE 5038 42.31416 0.5 -15.07064
NODE 5039 42.31416 0.5 -15.57064
NODE 5040 42.31416 0.5 -16.07064
NODE 5041 42.31416 0.5 -16.57064
NODE 5042 42.31416 0.5 -17.07064
NODE 5043 42.31416 0.5 -17.57064
NODE 5044 42.31416 0.5 -18.07064
NODE 5045 42.31416 0.5 -18.57064
NODE 5046 42.31416 0.5 -19.07064
NODE 5047 42.31416 0.5 -19.57064
NODE 5048 42.31416 0.5 -20.07064
NODE 5049 42.31416 0.5 -20.57064
NODE 5050 42.31416 0.5 -21.07064
NODE 5051 42.31416 0.5 -21.57064
NODE 5052 42.31416 0.5 -22.07064
NODE 5053 42.31416 0.5 -22.57064
NODE 5054 42.31416 0.5 -23.07064
NODE 5055 42.31416 0.5 -23.57064
NODE 5056 42.31416 0.5 -24.07064
NODE 5057 42.31416 0.5 -24.57064
NODE 5058 42.31416 0.5 -25.07064
NODE 5059 42.31416 0.5 -25.57064
NODE 5060 42.31416 0.5 -26.07064
NODE 5061 42.31416 0.5 -26.57064
NODE 5062 42.31416 0.5 -27.07064
NODE 5063 42.31416 0.5 -27.57064
NODE 5064 42.31416 0.5 -28.07064
NODE 5065 42.31416 0.5 -28.57064
NODE 5066 42.31416 0.5 -29.07064
NODE 5067 42.31416 0.5 -29.57064
NODE 5068 42.31416 0.5 -30.07064
NODE 5069 42.31416 0.5 -30.57064
NODE 5070 42.31416 0.5 -31.07064
NODE 5071 42.31416 0.5 -31.57064
NODE 5072 42.31416 0.5 -32.07064
NODE 5073 42.31416 0.5 -32.57064
NODE 5074 42.31416 0.5 -33.07064
NODE 5075 42.31416 0.5 -33.57064
NODE 5076 42.31416 0.5 -34.07064
NODE 5077 42.31416 0.5 -34.57064
NODE 5078 42.31416 0.5 -35.07064
NODE 5079 42.31416 0.5 -35.57064
NODE 5080 42.31416 0.5 -36.07064
NODE 5081 42.31416 0.5 -36.57064
NODE 5082 42.31416 0.5 -37.07064
NODE 5083 42.31416 0.5 -37.57064
NODE 5084 42.31416 0.5 -38.07064
NODE 5085 42.31416 0.5 -38.57064
NODE 5086 42.81416 0.5 13.92936
NODE 5087 42.81416 0.5 13.42936
NODE 5088 42.81416 0.5 12.92936
NODE 5089 42.81416 0.5 12.42936
NODE 5090 42.81416 0.5 11.92936
NODE 5091 42.81416 0.5 11.42936
NODE 5092 42.81416 0.5 -8.070641
NODE 5093 42.81416 0.5 -8.570641
NODE 5094 42.81416 0.5 -9.070641
NODE 5095 42.81416 0.5 -9.570641
NODE 5096 42.81416 0.5 -10.07064
NODE 5097 42.81416 0.5 -10.57064
NODE 5098 42.81416 0.5 -11.07064
NODE 5099 42.81416 0.5 -11.57064
NODE 5100 42.81416 0.5 -12.07064
NODE 5101 42.81416 0.5 -12.57064
NODE 5102 42.81416 0.5 -13.07064
NODE 5103 42.81416 0.5 -13.57064
NODE 5104 42.81416 0.5 -14.07064
NODE 5105 42.81416 0.5 -14.57064
NODE 5106 42.81416 0.5 -15.07064
NODE 5107 42.81416 0.5 -15.57064
NODE 5108 42.81416 0.5 -16.07064
NODE 5109 42.81416 0.5 -16.57064
NODE 5110 42.81416 0.5 -17.07064
NODE 5111 42.81416 0.5 -17.57064
NODE 5112 42.81416 0.5 -18.07064
NODE 5113 42.81416 0.5 -18.57064
NODE 5114 42.81416 0.5 -19.07064
NODE 5115 42.81416 0.5 -19.57064
NODE 5116 42.81416 0.5 -20.07064
NODE 5117 42.81416 0.5 -20.57064
NODE 5118 42.81416 0.5 -21.07064
NODE 5119 42.81416 0.5 -21.57064
NODE 5120 42.81416 0.5 -22.07064
NODE 5121 42.81416 0.5 -22.57064
NODE 5122 42.81416 0.5 -23.07064
NODE 5123 42.81416 0.5 -23.57064
NODE 5124 42.81416 0.5 -24.07064
NODE 5125 42.81416 0.5 -24.57064
NODE 5126 42.81416 0.5 -25.07064
NODE 5127 42.81416 0.5 -25.57064
NODE 5128 42.81416 0.5 -26.07064
NODE 5129 42.81416 0.5 -26.57064
NODE 5130 42.81416 0.5 -27.07064
NODE 5131 42.81416 0.5 -27.57064
NODE 5132 42.81416 0.5 -28.07064
NODE 5133 42.81416 0.5 -28.57064
NODE 5134 42.81416 0.5 -29.07064
NODE 5135 42.81416 0.5 -29.57064
NODE 5136 42.81416 0.5 -30.07064
NODE 5137 42.81416 0.5 -30.57064
NODE 5138 42.81416 0.5 -31.07064
NODE 5139 42.81416 0.5 -31.57064
NODE 5140 42.81416 0.5 -32.07064
NODE 5141 42.81416 0.5 -32.57064
NODE 5142 42.81416 0.5 -33.07064
NODE 5143 42.81416 0.5 -33.57064
NODE 5144 42.81416 0.5 -34.07064
NODE 5145 42.81416 0.5 -34.57064
NODE 5146 42.81416 0.5 -35.07064
NODE 5147 42.81416 0.5 -35.57064
NODE 5148 42.81416 0.5 -36.07064
NODE 5149 42.81416 0.5 -36.57064
NODE 5150 42.81416 0.5 -37.07064
NODE 5151 42.81416 0.5 -37.57064
NODE 5152 42.81416 0.5 -38.07064
NODE 5153 42.81416 0.5 -38.57064
NODE 5154 43.31416 0.5 13.92936
NODE 5155 43.31416 0.5 13.42936
NODE 5156 43.31416 0.5 12.92936
NODE 5157 43.31416 0.5 12.42936
NODE 5158 43.31416 0.5 11.92936
NODE 5159 43.31416 0.5 11.42936
NODE 5160 43.31416 0.5 -8.070641
NODE 5161 43.31416 0.5 -8.570641
NODE 5162 43.31416 0.5 -9.070641
NODE 5163 43.31416 0.5 -9.570641
NODE 5164 43.31416 0.5 -10.07064
NODE 5165 43.31416 0.5 -10.57064
NODE 5166 43.31416 0.5 -11.07064
NODE 5167 43.31416 0.5 -11.57064
NODE 5168 43.31416 0.5 -12.07064
NODE 5169 43.31416 0.5 -12.57064
NODE 5170 43.31416 0.5 -13.07064
NODE 5171 43.31416 0.5 -13.57064
NODE 5172 43.31416 0.5 -14.07064
NODE 5173 43.31416 0.5 -14.57064
NODE 5174 43.31416 0.5 -15.07064
NODE 5175 43.31416 0.5 -15.57064
NODE 5176 43.31416 0.5 -16.07064
NODE 5177 43.31416 0.5 -16.57064
NODE 5178 43.31416 0.5 -17.07064
NODE 5179 43.31416 0.5 -17.57064
NODE 5180 43.31416 0.5 -18.07064
NODE 5181 43.31416 0.5 -18.57064
NODE 5182 43.31416 0.5 -19.07064
NODE 5183 43.31416 0.5 -19.57064
NODE 5184 43.31416 0.5 -20.07064
NODE 5185 43.31416 0.5 -20.57064
NODE 5186 43.31416 0.5 -21.07064
NODE 5187 43.31416 0.5 -21.57064
NODE 5188 43.31416 0.5 -22.07064
NODE 5189 43.31416 0.5 -22.57064
NODE 5190 43.31416 0.5 -23.07064
NODE 5191 43.31416 0.5 -23.57064
NODE 5192 43.31416 0.5 -24.07064
NODE 5193 43.31416 0.5 -24.57064
NODE 5194 43.31416 0.5 -25.07064
NODE 5195 43.31416 0.5 -25.57064
NODE 5196 43.31416 0.5 -26.07064
NODE 5197 43.31416 0.5 -26.57064
NODE 5198 43.31416 0.5 -27.07064
NODE 5199 43.31416 0.5 -27.57064
NODE 5200 43.31416 0.5 -28.07064
NODE 5201 43.31416 0.5 -28.57064
NODE 5202 43.31416 0.5 -29.07064
NODE 5203 43.31416 0.5 -29.57064
NODE 5204 43.31416 0.5 -30.07064
NODE 5205 43.31416 0.5 -30.57064
NODE 5206 43.31416 0.5 -31.07064
NODE 5207 43.31416 0.5 -31.57064
NODE 5208 43.31416 0.5 -32.07064
NODE 5209 43.31416 0.5 -32.57064
NODE 5210 43.31416 0.5 -33.07064
NODE 5211 43.31416 0.5 -33.57064
NODE 5212 43.31416 0.5 -34.07064
NODE 5213 43.31416 0.5 -34.57064
NODE 5214 43.31416 0.5 -35.07064
NODE 5215 43.31416 0.5 -35.57064
NODE 5216 43.31416 0.5 -36.07064
NODE 5217 43.31416 0.5 -36.57064
NODE 5218 43.31416 0.5 -37.07064
NODE 5219 43.31416 0.5 -37.57064
NODE 5220 43.31416 0.5 -38.07064
NODE 5221 43.31416 0.5 -38.57064
NODE 5222 43.81416 0.5 13.92936
NODE 5223 43.81416 0.5 13.42936
NODE 5224 43.81416 0.5 12.92936
NODE 5225 43.81416 0.5 12.42936
NODE 5226 43.81416 0.5 11.92936
NODE 5227 43.81416 0.5 11.42936
NODE 5228 43.81416 0.5 -8.070641
NODE 5229 43.81416 0.5 -8.570641
NODE 5230 43.81416 0.5 -9.070641
NODE 5231 43.81416 0.5 -9.570641
NODE 5232 43.81416 0.5 -10.07064
NODE 5233 43.81416 0.5 -10.57064
NODE 5234 43.81416 0.5 -11.07064
NODE 5235 43.81416 0.5 -11.57064
NODE 5236 43.81416 0.5 -12.07064
NODE 5237 43.81416 0.5 -12.57064
NODE 5238 43.81416 0.5 -13.07064
NODE 5239 43.81416 0.5 -13.57064
NODE 5240 43.81416 0.5 -14.07064
NODE 5241 43.81416 0.5 -14.57064
NODE 5242 43.81416 0.5 -15.07064
NODE 5243 43.81416 0.5 -15.57064
NODE 5244 43.81416 0.5 -16.07064
NODE 5245 43.81416 0.5 -16.57064
NODE 5246 43.81416 0.5 -17.07064
NODE 5247 43.81416 0.5 -17.57064
NODE 5248 43.81416 0.5 -18.07064
NODE 5249 43.81416 0.5 -18.57064
NODE 5250 43.81416 0.5 -19.07064
NODE 5251 43.81416 0.5 -19.57064
NODE 5252 43.81416 0.5 -20.07064
NODE 5253 43.81416 0.5 -20.57064
NODE 5254 43.81416 0.5 -21.07064
NODE 5255 43.81416 0.5 -21.57064
NODE 5256 43.81416 0.5 -22.07064
NODE 5257 43.81416 0.5 -22.57064
NODE 5258 43.81416 0.5 -23.07064
NODE 5259 43.81416 0.5 -23.57064
NODE 5260 43.81416 0.5 -24.07064
NODE 5261 43.81416 0.5 -24.57064
NODE 5262 43.81416 0.5 -25.07064
NODE 5263 43.81416 0.5 -25.57064
NODE 5264 43.81416 0.5 -26.07064
NODE 5265 43.81416 0.5 -26.57064
NODE 5266 43.81416 0.5 -27.07064
NODE 5267 43.81416 0.5 -27.57064
NODE 5268 43.81416 0.5 -28.07064
NODE 5269 43.81416 0.5 -28.57064
NODE 5270 43.81416 0.5 -29.07064
NODE 5271 43.81416 0.5 -29.57064
NODE 5272 43.81416 0.5 -30.07064
NODE 5273 43.81416 0.5 -30.57064
NODE 5274 43.81416 0.5 -31.07064
NODE 5275 43.81416 0.5 -31.57064
NODE 5276 43.81416 0.5 -32.07064
NODE 5277 43.81416 0.5 -32.57064
NODE 5278 43.81416 0.5 -33.07064
NODE 5279 43.81416 0.5 -33.57064
NODE 5280 43.81416 0.5 -34.07064
NODE 5281 43.81416 0.5 -34.57064
NODE 5282 43.81416 0.5 -35.07064
NODE 5283 43.81416 0.5 -35.57064
NODE 5284 43.81416 0.5 -36.07064
NODE 5285 43.81416 0.5 -36.57064
NODE 5286 43.81416 0.5 -37.07064
NODE 5287 43.81416 0.5 -37.57064
NODE 5288 43.81416 0.5 -38.07064
NODE 5289 43.81416 0.5 -38.57064
NODE 5290 44.31416 0.5 13.92936
NODE 5291 44.31416 0.5 13.42936
NODE 5292 44.31416 0.5 12.92936
NODE 5293 44.31416 0.5 12.42936
NODE 5294 44.31416 0.5 11.92936
NODE 5295 44.31416 0.5 11.42936
NODE 5296 44.31416 0.5 -8.070641
NODE 5297 44.31416 0.5 -8.570641
NODE 5298 44.31416 0.5 -9.070641
NODE 5299 44.31416 0.5 -9.570641
NODE 5300 44.31416 0.5 -10.07064
NODE 5301 44.31416 0.5 -10.57064
NODE 5302 44.31416 0.5 -11.07064
NODE 5303 44.31416 0.5 -11.57064
NODE 5304 44.31416 0.5 -12.07064
NODE 5305 44.31416 0.5 -12.57064
NODE 5306 44.31416 0.5 -13.07064
NODE 5307 44.31416 0.5 -13.57064
NODE 5308 44.31416 0.5 -14.07064
NODE 5309 44.31416 0.5 -14.57064
NODE 5310 44.31416 0.5 -15.07064
NODE 5311 44.31416 0.5 -15.57064
NODE 5312 44.31416 0.5 -16.07064
NODE 5313 44.31416 0.5 -16.57064
NODE 5314 44.31416 0.5 -17.07064
NODE 5315 44.31416 0.5 -17.57064
NODE 5316 44.31416 0.5 -18.07064
NODE 5317 44.31416 0.5 -18.57064
NODE 5318 44.31416 0.5 -19.07064
NODE 5319 44.31416 0.5 -19.57064
NODE 5320 44.31416 0.5 -20.07064
NODE 5321 44.31416 0.5 -20.57064
NODE 5322 44.31416 0.5 -21.07064
NODE 5323 44.31416 0.5 -21.57064
NODE 5324 44.31416 0.5 -22.07064
NODE 5325 44.31416 0.5 -22.57064
NODE 5326 44.31416 0.5 -23.07064
NODE 5327 44.31416 0.5 -23.57064
NODE 5328 44.31416 0.5 -24.07064
NODE 5329 44.31416 0.5 -24.57064
NODE 5330 44.31416 0.5 -25.07064
NODE 5331 44.31416 0.5 -25.57064
NODE 5332 44.31416 0.5 -26.07064
NODE 5333 44.31416 0.5 -26.57064
NODE 5334 44.31416 0.5 -27.07064
NODE 5335 44.31416 0.5 -27.57064
NODE 5336 44.31416 0.5 -28.07064
NODE 5337 44.31416 0.5 -28.57064
NODE 5338 44.31416 0.5 -29.07064
NODE 5339 44.31416 0.5 -29.57064
NODE 5340 44.31416 0.5 -30.07064
NODE 5341 44.31416 0.5 -30.57064
NODE 5342 44.31416 0.5 -31.07064
NODE 5343 44.31416 0.5 -31.57064
NODE 5344 44.31416 0.5 -32.07064
NODE 5345 44.31416 0.5 -32.57064
NODE 5346 44.31416 0.5 -33.07064
NODE 5347 44.31416 0.5 -33.57064
NODE 5348 44.31416 0.5 -34.07064
NODE 5349 44.31416 0.5 -34.57064
NODE 5350 44.31416 0.5 -35.07064
NODE 5351 44.31416 0.5 -35.57064
NODE 5352 44.31416 0.5 -36.07064
NODE 5353 44.31416 0.5 -36.57064
NODE 5354 44.31416 0.5 -37.07064
NODE 5355 44.31416 0.5 -37.57064
NODE 5356 44.31416 0.5 -38.07064
NODE 5357 44.31416 0.5 -38.57064
CONN 0 1 6
CONN 1 0 2 7
CONN 2 1 3 8
CONN 3 2 4 9
CONN 4 3 5 10
CONN 5 4 11
CONN 6 0 7 12
CONN 7 1 6 8 13
CONN 8 2 7 9 14
CONN 9 3 8 10 15
CONN 10 4 9 11 16
CONN 11 5 10 17
CONN 12 6 13 18
CONN 13 7 12 14 19
CONN 14 8 13 15 20
CONN 15 9 14 16 21
CONN 16 10 15 17 22
CONN 17 11 16 23
CONN 18 12 19 24
CONN 19 13 18 20 25
CONN 20 14 19 21 26
CONN 21 15 20 22 27
CONN 22 16 21 23 28
CONN 23 17 22 29
CONN 24 18 25 30
CONN 25 19 24 26 31
CONN 26 20 25 27 32
CONN 27 21 26 28 33
CONN 28 22 27 29 34
CONN 29 23 28 35
CONN 30 24 31 36
CONN 31 25 30 32 37
CONN 32 26 31 33 38
CONN 33 27 32 34 39
CONN 34 28 33 35 40
CONN 35 29 34 41
CONN 36 30 37 42
CONN 37 31 36 38 43
CONN 38 32 37 39 44
CONN 39 33 38 40 45
CONN 40 34 39 41 46
CONN 41 35 40 47
CONN 42 36 43 48
CONN 43 37 42 44 49
CONN 44 38 43 45 50
CONN 45 39 44 46 51
CONN 46 40 45 47 52
CONN 47 41 46 53
CONN 48 42 49 54
CONN 49 43 48 50 55
CONN 50 44 49 51 56
CONN 51 45 50 52 57
CONN 52 46 51 53 58
CONN 53 47 52 59
CONN 54 48 55 60
CONN 55 49 54 56 61
CONN 56 50 55 57 62
CONN 57 51 56 58 63
CONN 58 52 57 59 64
CONN 59 53 58 65
CONN 60 54 61 66
CONN 61 55 60 62 67
CONN 62 56 61 63 68
CONN 63 57 62 64 69
CONN 64 58 63 65 70
CONN 65 59 64 71
CONN 66 60 67 72
CONN 67 61 66 68 73
CONN 68 62 67 69 74
CONN 69 63 68 70 75
CONN 70 64 69 71 76
CONN 71 65 70 77
CONN 72 66 73 78
CONN 73 67 72 74 79
CONN 74 68 73 75 80
CONN 75 69 74 76 81
CONN 76 70 75 77 82
CONN 77 71 76 83
CONN 78 72 79 84
CONN 79 73 78 80 85
CONN 80 74 79 81 86
CONN 81 75 80 82 87
CONN 82 76 81 83 88
CONN 83 77 82 89
CONN 84 78 85 90
CONN 85 79 84 86 91
CONN 86 80 85 87 92
CONN 87 81 86 88 93
CONN 88 82 87 89 94
CONN 89 83 88 95
CONN 90 84 91 96
CONN 91 85 90 92 97
CONN 92 86 91 93 98
CONN 93 87 92 94 99
CONN 94 88 93 95 100
CONN 95 89 94 101
CONN 96 90 97 102
CONN 97 91 96 98 103
CONN 98 92 97 99 104
CONN 99 93 98 100 105
CONN 100 94 99 101 106
CONN 101 95 100 107
CONN 102 96 103 108
CONN 103 97 102 104 109
CONN 104 98 103 105 110
CONN 105 99 104 106 111
CONN 106 100 105 107 112
CONN 107 101 106 113
CONN 108 102 109 114
CONN 109 103 108 110 115
CONN 110 104 109 111 116
CONN 111 105 110 112 117
CONN 112 106 111 113 118
CONN 113 107 112 119
CONN 114 108 115 120
CONN 115 109 114 116 121
CONN 116 110 115 117 122
CONN 117 111 116 118 123
CONN 118 112 117 119 124
CONN 119 113 118 125
CONN 120 114 121 126
CONN 121 115 120 122 127
CONN 122 116 121 123 128
CONN 123 117 122 124 129
CONN 124 118 123 125 130
CONN 125 119 124 131
CONN 126 120 127 132
CONN 127 121 126 128 133
CONN 128 122 127 129 134
CONN 129 123 128 130 135
CONN 130 124 129 131 136
CONN 131 125 130 137
CONN 132 126 133 138
CONN 133 127 132 134 139
CONN 134 128 133 135 140
CONN 135 129 134 136 141
CONN 136 130 135 137 142
CONN 137 131 136 143
CONN 138 132 139 144
CONN 139 133 138 140 145
CONN 140 134 139 141 146
CONN 141 135 140 142 147
CONN 142 136 141 143 148
CONN 143 137 142 149
CONN 144 138 145 150
CONN 145 139 144 146 151
CONN 146 140 145 147 152
CONN 147 141 146 148 153
CONN 148 142 147 149 154
CONN 149 143 148 155
CONN 150 144 151 156
CONN 151 145 150 152 157
CONN 152 146 151 153 158
CONN 153 147 152 154 159
CONN 154 148 153 155 160
CONN 155 149 154 161
CONN 156 150 157 162
CONN 157 151 156 158 163
CONN 158 152 157 159 164
CONN 159 153 158 160 165
CONN 160 154 159 161 166
CONN 161 155 160 167
CONN 162 156 163 168
CONN 163 157 162 164 169
CONN 164 158 163 165 170
CONN 165 159 164 166 171
CONN 166 160 165 167 172
CONN 167 161 166 173
CONN 168 162 169 174
CONN 169 163 168 170 175
CONN 170 164 169 171 176
CONN 171 165 170 172 177
CONN 172 166 171 173 178
CONN 173 167 172 179
CONN 174 168 175 180
CONN 175 169 174 176 181
CONN 176 170 175 177 182
CONN 177 171 176 178 183
CONN 178 172 177 179 184
CONN 179 173 178 185
CONN 180 174 181 186
CONN 181 175 180 182 187
CONN 182 176 181 183 188
CONN 183 177 182 184 189
CONN 184 178 183 185 190
CONN 185 179 184 191
CONN 186 180 187 192
CONN 187 181 186 188 193
CONN 188 182 187 189 194
CONN 189 183 188 190 195
CONN 190 184 189 191 196
CONN 191 185 190 197
CONN 192 186 193 198
CONN 193 187 192 194 199
CONN 194 188 193 195 200
CONN 195 189 194 196 201
CONN 196 190 195 197 202
CONN 197 191 196 203
CONN 198 192 199 204
CONN 199 193 198 200 205
CONN 200 194 199 201 206
CONN 201 195 200 202 207
CONN 202 196 201 203 208
CONN 203 197 202 209
CONN 204 198 205 210
CONN 205 199 204 206 211
CONN 206 200 205 207 212
CONN 207 201 206 208 213
CONN 208 202 207 209 214
CONN 209 203 208 215
CONN 210 204 211 216
CONN 211 205 210 212 217
CONN 212 206 211 213 218
CONN 213 207 212 214 219
CONN 214 208 213 215 220
CONN 215 209 214 221
CONN 216 210 217 222
CONN 217 211 216 218 223
CONN 218 212 217 219 224
CONN 219 213 218 220 225
CONN 220 214 219 221 226
CONN 221 215 220 227
CONN 222 216 223 228
CONN 223 217 222 224 229
CONN 224 218 223 225 230
CONN 225 219 224 226 231
CONN 226 220 225 227 232
CONN 227 221 226 233
CONN 228 222 229 234
CONN 229 223 228 230 235
CONN 230 224 229 231 236
CONN 231 225 230 232 237
CONN 232 226 231 233 238
CONN 233 227 232 239
CONN 234 228 235 240
CONN 235 229 234 236 241
CONN 236 230 235 237 242
CONN 237 231 236 238 243
CONN 238 232 237 239 244
CONN 239 233 238 245
CONN 240 234 241 246
CONN 241 235 240 242 247
CONN 242 236 241 243 248
CONN 243 237 242 244 249
CONN 244 238 243 245 250
CONN 245 239 244 251
CONN 246 240 247 252
CONN 247 241 246 248 253
CONN 248 242 247 249 254
CONN 249 243 248 250 255
CONN 250 244 249 251 256
CONN 251 245 250 257
CONN 252 246 253 258
CONN 253 247 252 254 259
CONN 254 248 253 255 260
CONN 255 249 254 256 261
CONN 256 250 255 257 262
CONN 257 251 256 263
CONN 258 252 259 264
CONN 259 253 258 260 265
CONN 260 254 259 261 266
CONN 261 255 260 262 267
CONN 262 256 261 263 268
CONN 263 257 262 269
CONN 264 258 265 270
CONN 265 259 264 266 271
CONN 266 260 265 267 272
CONN 267 261 266 268 273
CONN 268 262 267 269 274
CONN 269 263 268 275
CONN 270 264 271 276
CONN 271 265 270 272 277
CONN 272 266 271 273 278
CONN 273 267 272 274 279
CONN 274 268 273 275 280
CONN 275 269 274 281
CONN 276 270 277 282
CONN 277 271 276 278 283
CONN 278 272 277 279 284
CONN 279 273 278 280 285
CONN 280 274 279 281 286
CONN 281 275 280 287
CONN 282 276 283 288
CONN 283 277 282 284 289
CONN 284 278 283 285 290
CONN 285 279 284 286 291
CONN 286 280 285 287 292
CONN 287 281 286 293
CONN 288 282 289 294
CONN 289 283 288 290 295
CONN 290 284 289 291 296
CONN 291 285 290 292 297
CONN 292 286 291 293 298
CONN 293 287 292 299
CONN 294 288 295 300
CONN 295 289 294 296 301
CONN 296 290 295 297 302
CONN 297 291 296 298 303
CONN 298 292 297 299 304
CONN 299 293 298 305
CONN 300 294 301 306
CONN 301 295 300 302 307
CONN 302 296 301 303 308
CONN 303 297 302 304 309
CONN 304 298 303 305 310
CONN 305 299 304 311
CONN 306 300 307 312
CONN 307 301 306 308 313
CONN 308 302 307 309 314
CONN 309 303 308 310 315
CONN 310 304 309 311 316
CONN 311 305 310 317
CONN 312 306 313 318
CONN 313 307 312 314 319
CONN 314 308 313 315 320
CONN 315 309 314 316 321
CONN 316 310 315 317 322
CONN 317 311 316 323
CONN 318 312 319 324
CONN 319 313 318 320 325
CONN 320 314 319 321 326
CONN 321 315 320 322 327
CONN 322 316 321 323 328
CONN 323 317 322 329
CONN 324 318 325 330
CONN 325 319 324 326 331
CONN 326 320 325 327 332
CONN 327 321 326 328 333
CONN 328 322 327 329 334
CONN 329 323 328 335
CONN 330 324 331 336
CONN 331 325 330 332 337
CONN 332 326 331 333 338
CONN 333 327 332 334 339
CONN 334 328 333 335 340
CONN 335 329 334 341
CONN 336 330 337 342
CONN 337 331 336 338 343
CONN 338 332 337 339 344
CONN 339 333 338 340 345
CONN 340 334 339 341 346
CONN 341 335 340 347
CONN 342 336 343 348
CONN 343 337 342 344 349
CONN 344 338 343 345 350
CONN 345 339 344 346 351
CONN 346 340 345 347 352
CONN 347 341 346 353
CONN 348 342 349 354
CONN 349 343 348 350 355
CONN 350 344 349 351 356
CONN 351 345 350 352 357
CONN 352 346 351 353 358
CONN 353 347 352 359
CONN 354 348 355 360
CONN 355 349 354 356 361
CONN 356 350 355 357 362
CONN 357 351 356 358 363
CONN 358 352 357 359 364
CONN 359 353 358 365
CONN 360 354 361 366
CONN 361 355 360 362 367
CONN 362 356 361 363 368
CONN 363 357 362 364 369
CONN 364 358 363 365 370
CONN 365 359 364 371
CONN 366 360 367 372
CONN 367 361 366 368 373
CONN 368 362 367 369 374
CONN 369 363 368 370 375
CONN 370 364 369 371 376
CONN 371 365 370 377
CONN 372 366 373
CONN 373 367 372 374 382
CONN 374 368 373 375 383
CONN 375 369 374 376 384
CONN 376 370 375 377 385
CONN 377 371 376 386
CONN 378 387 379
CONN 379 378 388 380
CONN 380 379 389 381
CONN 381 380 390
CONN 382 373 383 391
CONN 383 374 382 384 392
CONN 384 375 383 385 393
CONN 385 376 384 386 394
CONN 386 377 385 395
CONN 387 378 388 396
CONN 388 379 387 389 397
CONN 389 380 388 390 398
CONN 390 381 389 399
CONN 391 382 392 400
CONN 392 383 391 393 401
CONN 393 384 392 394 402
CONN 394 385 393 395 403
CONN 395 386 394 404
CONN 396 387 397 406
CONN 397 388 396 398 408
CONN 398 389 397 399 410
CONN 399 390 398 412
CONN 400 391 401 414
CONN 401 392 400 402 415
CONN 402 393 401 403 416
CONN 403 394 402 404 417
CONN 404 395 403 418
CONN 405 407 419
CONN 407 405 409 421
CONN 409 407 411 423
CONN 411 409 413 425
CONN 413 411 427 414
CONN 414 400 413 415 428
CONN 415 401 414 416 429
CONN 416 402 415 417 430
CONN 417 403 416 418 431
CONN 418 404 417 432
CONN 419 405 421 433
CONN 421 407 419 423 435
CONN 423 409 421 425 437
CONN 425 411 423 427 439
CONN 427 413 425 428 441
CONN 428 414 427 429 442
CONN 429 415 428 430 443
CONN 430 416 429 431 444
CONN 431 417 430 432 445
CONN 432 418 431 446
CONN 433 419 435
CONN 435 421 433 437
CONN 437 423 435 439
CONN 439 425 437 441
CONN 441 427 439 442
CONN 442 428 441 443 451
CONN 443 429 442 444 452
CONN 444 430 443 445 453
CONN 445 431 444 446 454
CONN 446 432 445 455
CONN 447 434 448 456
CONN 448 436 447 449 457
CONN 449 438 448 450 458
CONN 450 440 449 459
CONN 451 442 452 460
CONN 452 443 451 453 461
CONN 453 444 452 454 462
CONN 454 445 453 455 463
CONN 455 446 454 464
CONN 456 447 457 465
CONN 457 448 456 458 466
CONN 458 449 457 459 467
CONN 459 450 458 468
CONN 460 451 461 469
CONN 461 452 460 462 470
CONN 462 453 461 463 471
CONN 463 454 462 464 472
CONN 464 455 463 473
CONN 465 456 466
CONN 466 457 465 467
CONN 467 458 466 468
CONN 468 459 467
CONN 469 460 470 475
CONN 470 461 469 471 476
CONN 471 462 470 472 477
CONN 472 463 471 473 478
CONN 473 464 472 479
CONN 474 480 475
CONN 475 469 474 476 481
CONN 476 470 475 477 482
CONN 477 471 476 478 483
CONN 478 472 477 479 484
CONN 479 473 478 485
CONN 480 474 481 486
CONN 481 475 480 482 487
CONN 482 476 481 483 488
CONN 483 477 482 484 489
CONN 484 478 483 485 490
CONN 485 479 484 491
CONN 486 480 487 492
CONN 487 481 486 488 493
CONN 488 482 487 489 494
CONN 489 483 488 490 495
CONN 490 484 489 491 496
CONN 491 485 490 497
CONN 492 486 493 498
CONN 493 487 492 494 499
CONN 494 488 493 495 500
CONN 495 489 494 496 501
CONN 496 490 495 497 502
CONN 497 491 496 503
CONN 498 492 499 504
CONN 499 493 498 500 505
CONN 500 494 499 501 506
CONN 501 495 500 502 507
CONN 502 496 501 503 508
CONN 503 497 502 509
CONN 504 498 505 510
CONN 505 499 504 506 511
CONN 506 500 505 507 512
CONN 507 501 506 508 513
CONN 508 502 507 509 514
CONN 509 503 508 515
CONN 510 504 511 516
CONN 511 505 510 512 517
CONN 512 506 511 513 518
CONN 513 507 512 514 519
CONN 514 508 513 515 520
CONN 515 509 514 521
CONN 516 510 517 522
CONN 517 511 516 518 523
CONN 518 512 517 519 524
CONN 519 513 518 520 525
CONN 520 514 519 521 526
CONN 521 515 520 527
CONN 522 516 523 528
CONN 523 517 522 524 529
CONN 524 518 523 525 530
CONN 525 519 524 526 531
CONN 526 520 525 527 532
CONN 527 521 526 533
CONN 528 522 529 534
CONN 529 523 528 530 535
CONN 530 524 529 531 536
CONN 531 525 530 532 537
CONN 532 526 531 533 538
CONN 533 527 532 539
CONN 534 528 535 540
CONN 535 529 534 536 541
CONN 536 530 535 537 542
CONN 537 531 536 538 543
CONN 538 532 537 539 544
CONN 539 533 538 545
CONN 540 534 541 546
CONN 541 535 540 542 547
CONN 542 536 541 543 548
CONN 543 537 542 544 549
CONN 544 538 543 545 550
CONN 545 539 544 551
CONN 546 540 547 552
CONN 547 541 546 548 553
CONN 548 542 547 549 554
CONN 549 543 548 550 555
CONN 550 544 549 551 556
CONN 551 545 550 557
CONN 552 546 553 558
CONN 553 547 552 554 559
CONN 554 548 553 555 560
CONN 555 549 554 556 561
CONN 556 550 555 557 562
CONN 557 551 556 563
CONN 558 552 559 564
CONN 559 553 558 560 565
CONN 560 554 559 561 566
CONN 561 555 560 562 567
CONN 562 556 561 563 568
CONN 563 557 562 569
CONN 564 558 565 570
CONN 565 559 564 566 571
CONN 566 560 565 567 572
CONN 567 561 566 568 573
CONN 568 562 567 569 574
CONN 569 563 568 575
CONN 570 564 571 576
CONN 571 565 570 572 577
CONN 572 566 571 573 578
CONN 573 567 572 574 579
CONN 574 568 573 575 580
CONN 575 569 574 581
CONN 576 570 577 582
CONN 577 571 576 578 583
CONN 578 572 577 579 584
CONN 579 573 578 580 585
CONN 580 574 579 581 586
CONN 581 575 580 587
CONN 582 576 583 588
CONN 583 577 582 584 589
CONN 584 578 583 585 590
CONN 585 579 584 586 591
CONN 586 580 585 587 592
CONN 587 581 586 593
CONN 588 582 589 594
CONN 589 583 588 590 595
CONN 590 584 589 591 596
CONN 591 585 590 592 597
CONN 592 586 591 593 598
CONN 593 587 592 599
CONN 594 588 595 600
CONN 595 589 594 596 601
CONN 596 590 595 597 602
CONN 597 591 596 598 603
CONN 598 592 597 599 604
CONN 599 593 598 605
CONN 600 594 601 606
CONN 601 595 600 602 607
CONN 602 596 601 603 608
CONN 603 597 602 604 609
CONN 604 598 603 605 610
CONN 605 599 604 611
CONN 606 600 607 638
CONN 607 601 606 608 639
CONN 608 602 607 609 640
CONN 609 603 608 610 641
CONN 610 604 609 611 642
CONN 611 605 610 643
CONN 612 613 718
CONN 613 612 614 719
CONN 614 613 615 720
CONN 615 614 616 721
CONN 616 615 722 617
CONN 617 616 723 618
CONN 618 617 724 619
CONN 619 618 725 620
CONN 620 619 726 621
CONN 621 620 727 622
CONN 622 621 728 623
CONN 623 622 729 624
CONN 624 623 730 625
CONN 625 624 731 626
CONN 626 625 732 627
CONN 627 626 733 628
CONN 628 627 734 629
CONN 629 628 735 630
CONN 630 629 736 631
CONN 631 630 737 632
CONN 632 631 738 633
CONN 633 632 739 634
CONN 634 633 740 635
CONN 635 634 741 636
CONN 636 635 742 637
CONN 637 636 743 638
CONN 638 606 637 639 744
CONN 639 607 638 640 745
CONN 640 608 639 641 746
CONN 641 609 640 642 747
CONN 642 610 641 643 748
CONN 643 611 642 644 749
CONN 644 643 750 645
CONN 645 644 751 646
CONN 646 645 752 647
CONN 647 646 753 648
CONN 648 647 754 649
CONN 649 648 755 650
CONN 650 649 756 651
CONN 651 650 757 652
CONN 652 651 758 653
CONN 653 652 759 654
CONN 654 653 760 655
CONN 655 654 761 656
CONN 656 655 762 657
CONN 657 656 763 658
CONN 658 657 764 659
CONN 659 658 765 660
CONN 660 659 766 661
CONN 661 660 767 662
CONN 662 661 768 663
CONN 663 662 769 664
CONN 664 663 770 665
CONN 665 664 771 666
CONN 666 665 772 667
CONN 667 666 773 668
CONN 668 667 774 669
CONN 669 668 775 670
CONN 670 669 776 671
CONN 671 670 777 672
CONN 672 671 778 673
CONN 673 672 779 674
CONN 674 673 780 675
CONN 675 674 781 676
CONN 676 675 782 677
CONN 677 676 783 678
CONN 678 677 784 679
CONN 679 678 785 680
CONN 680 679 786 681
CONN 681 680 787 682
CONN 682 681 788 683
CONN 683 682 789 684
CONN 684 683 790 685
CONN 685 684 791 686
CONN 686 685 792 687
CONN 687 686 793 688
CONN 688 687 794 689
CONN 689 688 795 690
CONN 690 689 796 691
CONN 691 690 797 692
CONN 692 691 798 693
CONN 693 692 799 694
CONN 694 693 800 695
CONN 695 694 801 696
CONN 696 695 802 697
CONN 697 696 803 698
CONN 698 697 804 699
CONN 699 698 805 700
CONN 700 699 806 701
CONN 701 700 807 702
CONN 702 701 808 703
CONN 703 702 809 704
CONN 704 703 810 705
CONN 705 704 811 706
CONN 706 705 812 707
CONN 707 706 813 708
CONN 708 707 814 709
CONN 709 708 815 710
CONN 710 709 816 711
CONN 711 710 817 712
CONN 712 711 818 713
CONN 713 712 819 714
CONN 714 713 820 715
CONN 715 714 821 716
CONN 716 715 822 717
CONN 717 716 823
CONN 718 612 719 824
CONN 719 613 718 720 825
CONN 720 614 719 721 826
CONN 721 615 720 722 827
CONN 722 616 721 723 828
CONN 723 617 722 724 829
CONN 724 618 723 725 830
CONN 725 619 724 726 831
CONN 726 620 725 727 832
CONN 727 621 726 728 833
CONN 728 622 727 729 834
CONN 729 623 728 730 835
CONN 730 624 729 731 836
CONN 731 625 730 732 837
CONN 732 626 731 733 838
CONN 733 627 732 734 839
CONN 734 628 733 735 840
CONN 735 629 734 736 841
CONN 736 630 735 737 842
CONN 737 631 736 738 843
CONN 738 632 737 739 844
CONN 739 633 738 740 845
CONN 740 634 739 741 846
CONN 741 635 740 742 847
CONN 742 636 741 743 848
CONN 743 637 742 744 849
CONN 744 638 743 745 850
CONN 745 639 744 746 851
CONN 746 640 745 747 852
CONN 747 641 746 748 853
CONN 748 642 747 749 854
CONN 749 643 748 750 855
CONN 750 644 749 751 856
CONN 751 645 750 752 857
CONN 752 646 751 753 858
CONN 753 647 752 754 859
CONN 754 648 753 755 860
CONN 755 649 754 756 861
CONN 756 650 755 757 862
CONN 757 651 756 758 863
CONN 758 652 757 759 864
CONN 759 653 758 760 865
CONN 760 654 759 761 866
CONN 761 655 760 762 867
CONN 762 656 761 763 868
CONN 763 657 762 764 869
CONN 764 658 763 765 870
CONN 765 659 764 766 871
CONN 766 660 765 767 872
CONN 767 661 766 768 873
CONN 768 662 767 769 874
CONN 769 663 768 770 875
CONN 770 664 769 771 876
CONN 771 665 770 772 877
CONN 772 666 771 773 878
CONN 773 667 772 774 879
CONN 774 668 773 775 880
CONN 775 669 774 776 881
CONN 776 670 775 777 882
CONN 777 671 776 778 883
CONN 778 672 777 779 884
CONN 779 673 778 780 885
CONN 780 674 779 781 886
CONN 781 675 780 782 887
CONN 782 676 781 783 888
CONN 783 677 782 784 889
CONN 784 678 783 785 890
CONN 785 679 784 786 891
CONN 786 680 785 787 892
CONN 787 681 786 788 893
CONN 788 682 787 789 894
CONN 789 683 788 790 895
CONN 790 684 789 791 896
CONN 791 685 790 792 897
CONN 792 686 791 793 898
CONN 793 687 792 794 899
CONN 794 688 793 795 900
CONN 795 689 794 796 901
CONN 796 690 795 797 902
CONN 797 691 796 798 903
CONN 798 692 797 799 904
CONN 799 693 798 800 905
CONN 800 694 799 801 906
CONN 801 695 800 802 907
CONN 802 696 801 803 908
CONN 803 697 802 804 909
CONN 804 698 803 805 910
CONN 805 699 804 806 911
CONN 806 700 805 807 912
CONN 807 701 806 808 913
CONN 808 702 807 809 914
CONN 809 703 808 810 915
CONN 810 704 809 811 916
CONN 811 705 810 812 917
CONN 812 706 811 813 918
CONN 813 707 812 814 919
CONN 814 708 813 815 920
CONN 815 709 814 816 921
CONN 816 710 815 817 922
CONN 817 711 816 818 923
CONN 818 712 817 819 924
CONN 819 713 818 820 925
CONN 820 714 819 821 926
CONN 821 715 820 822 927
CONN 822 716 821 823 928
CONN 823 717 822 929
CONN 824 718 825 930
CONN 825 719 824 826 931
CONN 826 720 825 827 932
CONN 827 721 826 828 933
CONN 828 722 827 829 934
CONN 829 723 828 830 935
CONN 830 724 829 831 936
CONN 831 725 830 832 937
CONN 832 726 831 833 938
CONN 833 727 832 834 939
CONN 834 728 833 835 940
CONN 835 729 834 836 941
CONN 836 730 835 837 942
CONN 837 731 836 838 943
CONN 838 732 837 839 944
CONN 839 733 838 840 945
CONN 840 734 839 841 946
CONN 841 735 840 842 947
CONN 842 736 841 843 948
CONN 843 737 842 844 949
CONN 844 738 843 845 950
CONN 845 739 844 846 951
CONN 846 740 845 847 952
CONN 847 741 846 848 953
CONN 848 742 847 849 954
CONN 849 743 848 850 955
CONN 850 744 849 851 956
CONN 851 745 850 852 957
CONN 852 746 851 853 958
CONN 853 747 852 854 959
CONN 854 748 853 855 960
CONN 855 749 854 856 961
CONN 856 750 855 857 962
CONN 857 751 856 858 963
CONN 858 752 857 859 964
CONN 859 753 858 860 965
CONN 860 754 859 861 966
CONN 861 755 860 862 967
CONN 862 756 861 863 968
CONN 863 757 862 864 969
CONN 864 758 863 865 970
CONN 865 759 864 866 971
CONN 866 760 865 867 972
CONN 867 761 866 868 973
CONN 868 762 867 869 974
CONN 869 763 868 870 975
CONN 870 764 869 871 976
CONN 871 765 870 872 977
CONN 872 766 871 873 978
CONN 873 767 872 874 979
CONN 874 768 873 875 980
CONN 875 769 874 876 981
CONN 876 770 875 877 982
CONN 877 771 876 878 983
CONN 878 772 877 879 984
CONN 879 773 878 880 985
CONN 880 774 879 881 986
CONN 881 775 880 882 987
CONN 882 776 881 883 988
CONN 883 777 882 884 989
CONN 884 778 883 885 990
CONN 885 779 884 886 991
CONN 886 780 885 887 992
CONN 887 781 886 888 993
CONN 888 782 887 889 994
CONN 889 783 888 890 995
CONN 890 784 889 891 996
CONN 891 785 890 892 997
CONN 892 786 891 893 998
CONN 893 787 892 894 999
CONN 894 788 893 895 1000
CONN 895 789 894 896 1001
CONN 896 790 895 897 1002
CONN 897 791 896 898 1003
CONN 898 792 897 899 1004
CONN 899 793 898 900 1005
CONN 900 794 899 901 1006
CONN 901 795 900 902 1007
CONN 902 796 901 903 1008
CONN 903 797 902 904 1009
CONN 904 798 903 905 1010
CONN 905 799 904 906 1011
CONN 906 800 905 907 1012
CONN 907 801 906 908 1013
CONN 908 802 907 909 1014
CONN 909 803 908 910 1015
CONN 910 804 909 911 1016
CONN 911 805 910 912 1017
CONN 912 806 911 913 1018
CONN 913 807 912 914 1019
CONN 914 808 913 915 1020
CONN 915 809 914 916 1021
CONN 916 810 915 917 1022
CONN 917 811 916 918 1023
CONN 918 812 917 919 1024
CONN 919 813 918 920 1025
CONN 920 814 919 921 1026
CONN 921 815 920 922 1027
CONN 922 816 921 923 1028
CONN 923 817 922 924 1029
CONN 924 818 923 925 1030
CONN 925 819 924 926 1031
CONN 926 820 925 927 1032
CONN 927 821 926 928 1033
CONN 928 822 927 929 1034
CONN 929 823 928 1035
CONN 930 824 931 1036
CONN 931 825 930 932 1037
CONN 932 826 931 933 1038
CONN 933 827 932 934 1039
CONN 934 828 933 935 1040
CONN 935 829 934 936 1041
CONN 936 830 935 937 1042
CONN 937 831 936 938 1043
CONN 938 832 937 939 1044
CONN 939 833 938 940 1045
CONN 940 834 939 941 1046
CONN 941 835 940 942 1047
CONN 942 836 941 943 1048
CONN 943 837 942 944 1049
CONN 944 838 943 945 1050
CONN 945 839 944 946 1051
CONN 946 840 945 947 1052
CONN 947 841 946 948 1053
CONN 948 842 947 949 1054
CONN 949 843 948 950 1055
CONN 950 844 949 951 1056
CONN 951 845 950 952 1057
CONN 952 846 951 953 1058
CONN 953 847 952 954 1059
CONN 954 848 953 955 1060
CONN 955 849 954 956 1061
CONN 956 850 955 957 1062
CONN 957 851 956 958 1063
CONN 958 852 957 959 1064
CONN 959 853 958 960 1065
CONN 960 854 959 961 1066
CONN 961 855 960 962 1067
CONN 962 856 961 963 1068
CONN 963 857 962 964 1069
CONN 964 858 963 965 1070
CONN 965 859 964 966 1071
CONN 966 860 965 967 1072
CONN 967 861 966 968 1073
CONN 968 862 967 969 1074
CONN 969 863 968 970 1075
CONN 970 864 969 971 1076
CONN 971 865 970 972 1077
CONN 972 866 971 973 1078
CONN 973 867 972 974 1079
CONN 974 868 973 975 1080
CONN 975 869 974 976 1081
CONN 976 870 975 977 1082
CONN 977 871 976 978 1083
CONN 978 872 977 979 1084
CONN 979 873 978 980 1085
CONN 980 874 979 981 1086
CONN 981 875 980 982 1087
CONN 982 876 981 983 1088
CONN 983 877 982 984 1089
CONN 984 878 983 985 1090
CONN 985 879 984 986 1091
CONN 986 880 985 987 1092
CONN 987 881 986 988 1093
CONN 988 882 987 989 1094
CONN 989 883 988 990 1095
CONN 990 884 989 991 1096
CONN 991 885 990 992 1097
CONN 992 886 991 993 1098
CONN 993 887 992 994 1099
CONN 994 888 993 995 1100
CONN 995 889 994 996 1101
CONN 996 890 995 997 1102
CONN 997 891 996 998 1103
CONN 998 892 997 999 1104
CONN 999 893 998 1000 1105
CONN 1000 894 999 1001 1106
CONN 1001 895 1000 1002 1107
CONN 1002 896 1001 1003 1108
CONN 1003 897 1002 1004 1109
CONN 1004 898 1003 1005 1110
CONN 1005 899 1004 1006 1111
CONN 1006 900 1005 1007 1112
CONN 1007 901 1006 1008 1113
CONN 1008 902 1007 1009 1114
CONN 1009 903 1008 1010 1115
CONN 1010 904 1009 1011 1116
CONN 1011 905 1010 1012 1117
CONN 1012 906 1011 1013 1118
CONN 1013 907 1012 1014 1119
CONN 1014 908 1013 1015 1120
CONN 1015 909 1014 1016 1121
CONN 1016 910 1015 1017 1122
CONN 1017 911 1016 1018 1123
CONN 1018 912 1017 1019 1124
CONN 1019 913 1018 1020 1125
CONN 1020 914 1019 1021 1126
CONN 1021 915 1020 1022 1127
CONN 1022 916 1021 1023 1128
CONN 1023 917 1022 1024 1129
CONN 1024 918 1023 1025 1130
CONN 1025 919 1024 1026 1131
CONN 1026 920 1025 1027 1132
CONN 1027 921 1026 1028 1133
CONN 1028 922 1027 1029 1134
CONN 1029 923 1028 1030 1135
CONN 1030 924 1029 1031 1136
CONN 1031 925 1030 1032 1137
CONN 1032 926 1031 1033 1138
CONN 1033 927 1032 1034 1139
CONN 1034 928 1033 1035 1140
CONN 1035 929 1034 1141
CONN 1036 930 1037 1142
CONN 1037 931 1036 1038 1143
CONN 1038 932 1037 1039 1144
CONN 1039 933 1038 1040 1145
CONN 1040 934 1039 1041 1146
CONN 1041 935 1040 1042 1147
CONN 1042 936 1041 1043
CONN 1043 937 1042 1044
CONN 1044 938 1043 1045
CONN 1045 939 1044 1046
CONN 1046 940 1045 1047
CONN 1047 941 1046 1048
CONN 1048 942 1047 1049
CONN 1049 943 1048 1050
CONN 1050 944 1049 1051
CONN 1051 945 1050 1052
CONN 1052 946 1051 1053
CONN 1053 947 1052 1054
CONN 1054 948 1053 1055
CONN 1055 949 1054 1056
CONN 1056 950 1055 1057
CONN 1057 951 1056 1058
CONN 1058 952 1057 1059
CONN 1059 953 1058 1060
CONN 1060 954 1059 1061
CONN 1061 955 1060 1062
CONN 1062 956 1061 1063
CONN 1063 957 1062 1064
CONN 1064 958 1063 1065
CONN 1065 959 1064 1066
CONN 1066 960 1065 1067
CONN 1067 961 1066 1068
CONN 1068 962 1067 1069
CONN 1069 963 1068 1070
CONN 1070 964 1069 1071
CONN 1071 965 1070 1072
CONN 1072 966 1071 1073
CONN 1073 967 1072 1074
CONN 1074 968 1073 1075
CONN 1075 969 1074 1076
CONN 1076 970 1075 1077
CONN 1077 971 1076 1078
CONN 1078 972 1077 1079
CONN 1079 973 1078 1080
CONN 1080 974 1079 1081 1148
CONN 1081 975 1080 1082 1149
CONN 1082 976 1081 1083 1150
CONN 1083 977 1082 1084 1151
CONN 1084 978 1083 1085 1152
CONN 1085 979 1084 1086 1153
CONN 1086 980 1085 1087 1154
CONN 1087 981 1086 1088 1155
CONN 1088 982 1087 1089 1156
CONN 1089 983 1088 1090 1157
CONN 1090 984 1089 1091 1158
CONN 1091 985 1090 1092 1159
CONN 1092 986 1091 1093 1160
CONN 1093 987 1092 1094 1161
CONN 1094 988 1093 1095 1162
CONN 1095 989 1094 1096 1163
CONN 1096 990 1095 1097 1164
CONN 1097 991 1096 1098 1165
CONN 1098 992 1097 1099 1166
CONN 1099 993 1098 1100 1167
CONN 1100 994 1099 1101 1168
CONN 1101 995 1100 1102 1169
CONN 1102 996 1101 1103 1170
CONN 1103 997 1102 1104 1171
CONN 1104 998 1103 1105 1172
CONN 1105 999 1104 1106 1173
CONN 1106 1000 1105 1107 1174
CONN 1107 1001 1106 1108 1175
CONN 1108 1002 1107 1109 1176
CONN 1109 1003 1108 1110 1177
CONN 1110 1004 1109 1111 1178
CONN 1111 1005 1110 1112 1179
CONN 1112 1006 1111 1113 1180
CONN 1113 1007 1112 1114 1181
CONN 1114 1008 1113 1115 1182
CONN 1115 1009 1114 1116 1183
CONN 1116 1010 1115 1117 1184
CONN 1117 1011 1116 1118 1185
CONN 1118 1012 1117 1119 1186
CONN 1119 1013 1118 1120 1187
CONN 1120 1014 1119 1121 1188
CONN 1121 1015 1120 1122 1189
CONN 1122 1016 1121 1123 1190
CONN 1123 1017 1122 1124 1191
CONN 1124 1018 1123 1125 1192
CONN 1125 1019 1124 1126 1193
CONN 1126 1020 1125 1127 1194
CONN 1127 1021 1126 1128 1195
CONN 1128 1022 1127 1129 1196
CONN 1129 1023 1128 1130 1197
CONN 1130 1024 1129 1131 1198
CONN 1131 1025 1130 1132 1199
CONN 1132 1026 1131 1133 1200
CONN 1133 1027 1132 1134 1201
CONN 1134 1028 1133 1135 1202
CONN 1135 1029 1134 1136 1203
CONN 1136 1030 1135 1137 1204
CONN 1137 1031 1136 1138 1205
CONN 1138 1032 1137 1139 1206
CONN 1139 1033 1138 1140 1207
CONN 1140 1034 1139 1141 1208
CONN 1141 1035 1140 1209
CONN 1142 1036 1143 1210
CONN 1143 1037 1142 1144 1211
CONN 1144 1038 1143 1145 1212
CONN 1145 1039 1144 1146 1213
CONN 1146 1040 1145 1147 1214
CONN 1147 1041 1146 1215
CONN 1148 1080 1149 1216
CONN 1149 1081 1148 1150 1217
CONN 1150 1082 1149 1151 1218
CONN 1151 1083 1150 1152 1219
CONN 1152 1084 1151 1153 1220
CONN 1153 1085 1152 1154 1221
CONN 1154 1086 1153 1155 1222
CONN 1155 1087 1154 1156 1223
CONN 1156 1088 1155 1157 1224
CONN 1157 1089 1156 1158 1225
CONN 1158 1090 1157 1159 1226
CONN 1159 1091 1158 1160 1227
CONN 1160 1092 1159 1161 1228
CONN 1161 1093 1160 1162 1229
CONN 1162 1094 1161 1163 1230
CONN 1163 1095 1162 1164 1231
CONN 1164 1096 1163 1165 1232
CONN 1165 1097 1164 1166 1233
CONN 1166 1098 1165 1167 1234
CONN 1167 1099 1166 1168 1235
CONN 1168 1100 1167 1169 1236
CONN 1169 1101 1168 1170 1237
CONN 1170 1102 1169 1171 1238
CONN 1171 1103 1170 1172 1239
CONN 1172 1104 1171 1173 1240
CONN 1173 1105 1172 1174 1241
CONN 1174 1106 1173 1175 1242
CONN 1175 1107 1174 1176 1243
CONN 1176 1108 1175 1177 1244
CONN 1177 1109 1176 1178 1245
CONN 1178 1110 1177 1179 1246
CONN 1179 1111 1178 1180 1247
CONN 1180 1112 1179 1181 1248
CONN 1181 1113 1180 1182 1249
CONN 1182 1114 1181 1183 1250
CONN 1183 1115 1182 1184 1251
CONN 1184 1116 1183 1185 1252
CONN 1185 1117 1184 1186 1253
CONN 1186 1118 1185 1187 1254
CONN 1187 1119 1186 1188 1255
CONN 1188 1120 1187 1189 1256
CONN 1189 1121 1188 1190 1257
CONN 1190 1122 1189 1191 1258
CONN 1191 1123 1190 1192 1259
CONN 1192 1124 1191 1193 1260
CONN 1193 1125 1192 1194 1261
CONN 1194 1126 1193 1195 1262
CONN 1195 1127 1194 1196 1263
CONN 1196 1128 1195 1197 1264
CONN 1197 1129 1196 1198 1265
CONN 1198 1130 1197 1199 1266
CONN 1199 1131 1198 1200 1267
CONN 1200 1132 1199 1201 1268
CONN 1201 1133 1200 1202 1269
CONN 1202 1134 1201 1203 1270
CONN 1203 1135 1202 1204 1271
CONN 1204 1136 1203 1205 1272
CONN 1205 1137 1204 1206 1273
CONN 1206 1138 1205 1207 1274
CONN 1207 1139 1206 1208 1275
CONN 1208 1140 1207 1209 1276
CONN 1209 1141 1208 1277
CONN 1210 1142 1211 1278
CONN 1211 1143 1210 1212 1279
CONN 1212 1144 1211 1213 1280
CONN 1213 1145 1212 1214 1281
CONN 1214 1146 1213 1215 1282
CONN 1215 1147 1214 1283
CONN 1216 1148 1217 1284
CONN 1217 1149 1216 1218 1285
CONN 1218 1150 1217 1219 1286
CONN 1219 1151 1218 1220 1287
CONN 1220 1152 1219 1221 1288
CONN 1221 1153 1220 1222 1289
CONN 1222 1154 1221 1223 1290
CONN 1223 1155 1222 1224 1291
CONN 1224 1156 1223 1225 1292
CONN 1225 1157 1224 1226 1293
CONN 1226 1158 1225 1227 1294
CONN 1227 1159 1226 1228 1295
CONN 1228 1160 1227 1229 1296
CONN 1229 1161 1228 1230 1297
CONN 1230 1162 1229 1231 1298
CONN 1231 1163 1230 1232 1299
CONN 1232 1164 1231 1233 1300
CONN 1233 1165 1232 1234 1301
CONN 1234 1166 1233 1235 1302
CONN 1235 1167 1234 1236 1303
CONN 1236 1168 1235 1237 1304
CONN 1237 1169 1236 1238 1305
CONN 1238 1170 1237 1239 1306
CONN 1239 1171 1238 1240 1307
CONN 1240 1172 1239 1241 1308
CONN 1241 1173 1240 1242 1309
CONN 1242 1174 1241 1243 1310
CONN 1243 1175 1242 1244 1311
CONN 1244 1176 1243 1245 1312
CONN 1245 1177 1244 1246 1313
CONN 1246 1178 1245 1247 1314
CONN 1247 1179 1246 1248 1315
CONN 1248 1180 1247 1249 1316
CONN 1249 1181 1248 1250 1317
CONN 1250 1182 1249 1251 1318
CONN 1251 1183 1250 1252 1319
CONN 1252 1184 1251 1253 1320
CONN 1253 1185 1252 1254 1321
CONN 1254 1186 1253 1255 1322
CONN 1255 1187 1254 1256 1323
CONN 1256 1188 1255 1257 1324
CONN 1257 1189 1256 1258 1325
CONN 1258 1190 1257 1259 1326
CONN 1259 1191 1258 1260 1327
CONN 1260 1192 1259 1261 1328
CONN 1261 1193 1260 1262 1329
CONN 1262 1194 1261 1263 1330
CONN 1263 1195 1262 1264 1331
CONN 1264 1196 1263 1265 1332
CONN 1265 1197 1264 1266 1333
CONN 1266 1198 1265 1267 1334
CONN 1267 1199 1266 1268 1335
CONN 1268 1200 1267 1269 1336
CONN 1269 1201 1268 1270 1337
CONN 1270 1202 1269 1271 1338
CONN 1271 1203 1270 1272 1339
CONN 1272 1204 1271 1273 1340
CONN 1273 1205 1272 1274 1341
CONN 1274 1206 1273 1275 1342
CONN 1275 1207 1274 1276 1343
CONN 1276 1208 1275 1277 1344
CONN 1277 1209 1276 1345
CONN 1278 1210 1279 1346
CONN 1279 1211 1278 1280 1347
CONN 1280 1212 1279 1281 1348
CONN 1281 1213 1280 1282 1349
CONN 1282 1214 1281 1283 1350
CONN 1283 1215 1282 1351
CONN 1284 1216 1285 1352
CONN 1285 1217 1284 1286 1353
CONN 1286 1218 1285 1287 1354
CONN 1287 1219 1286 1288 1355
CONN 1288 1220 1287 1289 1356
CONN 1289 1221 1288 1290 1357
CONN 1290 1222 1289 1291 1358
CONN 1291 1223 1290 1292 1359
CONN 1292 1224 1291 1293 1360
CONN 1293 1225 1292 1294 1361
CONN 1294 1226 1293 1295 1362
CONN 1295 1227 1294 1296 1363
CONN 1296 1228 1295 1297 1364
CONN 1297 1229 1296 1298 1365
CONN 1298 1230 1297 1299 1366
CONN 1299 1231 1298 1300 1367
CONN 1300 1232 1299 1301 1368
CONN 1301 1233 1300 1302 1369
CONN 1302 1234 1301 1303 1370
CONN 1303 1235 1302 1304 1371
CONN 1304 1236 1303 1305 1372
CONN 1305 1237 1304 1306 1373
CONN 1306 1238 1305 1307 1374
CONN 1307 1239 1306 1308 1375
CONN 1308 1240 1307 1309 1376
CONN 1309 1241 1308 1310 1377
CONN 1310 1242 1309 1311 1378
CONN 1311 1243 1310 1312 1379
CONN 1312 1244 1311 1313 1380
CONN 1313 1245 1312 1314 1381
CONN 1314 1246 1313 1315 1382
CONN 1315 1247 1314 1316 1383
CONN 1316 1248 1315 1317 1384
CONN 1317 1249 1316 1318 1385
CONN 1318 1250 1317 1319 1386
CONN 1319 1251 1318 1320 1387
CONN 1320 1252 1319 1321 1388
CONN 1321 1253 1320 1322 1389
CONN 1322 1254 1321 1323 1390
CONN 1323 1255 1322 1324 1391
CONN 1324 1256 1323 1325 1392
CONN 1325 1257 1324 1326 1393
CONN 1326 1258 1325 1327 1394
CONN 1327 1259 1326 1328 1395
CONN 1328 1260 1327 1329 1396
CONN 1329 1261 1328 1330 1397
CONN 1330 1262 1329 1331 1398
CONN 1331 1263 1330 1332 1399
CONN 1332 1264 1331 1333 1400
CONN 1333 1265 1332 1334 1401
CONN 1334 1266 1333 1335 1402
CONN 1335 1267 1334 1336 1403
CONN 1336 1268 1335 1337 1404
CONN 1337 1269 1336 1338 1405
CONN 1338 1270 1337 1339 1406
CONN 1339 1271 1338 1340 1407
CONN 1340 1272 1339 1341 1408
CONN 1341 1273 1340 1342 1409
CONN 1342 1274 1341 1343 1410
CONN 1343 1275 1342 1344 1411
CONN 1344 1276 1343 1345 1412
CONN 1345 1277 1344 1413
CONN 1346 1278 1347 1414
CONN 1347 1279 1346 1348 1415
CONN 1348 1280 1347 1349 1416
CONN 1349 1281 1348 1350 1417
CONN 1350 1282 1349 1351 1418
CONN 1351 1283 1350 1419
CONN 1352 1284 1353 1420
CONN 1353 1285 1352 1354 1421
CONN 1354 1286 1353 1355 1422
CONN 1355 1287 1354 1356 1423
CONN 1356 1288 1355 1357 1424
CONN 1357 1289 1356 1358 1425
CONN 1358 1290 1357 1359 1426
CONN 1359 1291 1358 1360 1427
CONN 1360 1292 1359 1361 1428
CONN 1361 1293 1360 1362 1429
CONN 1362 1294 1361 1363 1430
CONN 1363 1295 1362 1364 1431
CONN 1364 1296 1363 1365 1432
CONN 1365 1297 1364 1366 1433
CONN 1366 1298 1365 1367 1434
CONN 1367 1299 1366 1368 1435
CONN 1368 1300 1367 1369 1436
CONN 1369 1301 1368 1370 1437
CONN 1370 1302 1369 1371 1438
CONN 1371 1303 1370 1372 1439
CONN 1372 1304 1371 1373 1440
CONN 1373 1305 1372 1374 1441
CONN 1374 1306 1373 1375 1442
CONN 1375 1307 1374 1376 1443
CONN 1376 1308 1375 1377 1444
CONN 1377 1309 1376 1378 1445
CONN 1378 1310 1377 1379 1446
CONN 1379 1311 1378 1380 1447
CONN 1380 1312 1379 1381 1448
CONN 1381 1313 1380 1382 1449
CONN 1382 1314 1381 1383 1450
CONN 1383 1315 1382 1384 1451
CONN 1384 1316 1383 1385 1452
CONN 1385 1317 1384 1386 1453
CONN 1386 1318 1385 1387 1454
CONN 1387 1319 1386 1388 1455
CONN 1388 1320 1387 1389 1456
CONN 1389 1321 1388 1390 1457
CONN 1390 1322 1389 1391 1458
CONN 1391 1323 1390 1392 1459
CONN 1392 1324 1391 1393 1460
CONN 1393 1325 1392 1394 1461
CONN 1394 1326 1393 1395 1462
CONN 1395 1327 1394 1396 1463
CONN 1396 1328 1395 1397 1464
CONN 1397 1329 1396 1398 1465
CONN 1398 1330 1397 1399 1466
CONN 1399 1331 1398 1400 1467
CONN 1400 1332 1399 1401 1468
CONN 1401 1333 1400 1402 1469
CONN 1402 1334 1401 1403 1470
CONN 1403 1335 1402 1404 1471
CONN 1404 1336 1403 1405 1472
CONN 1405 1337 1404 1406 1473
CONN 1406 1338 1405 1407 1474
CONN 1407 1339 1406 1408 1475
CONN 1408 1340 1407 1409 1476
CONN 1409 1341 1408 1410 1477
CONN 1410 1342 1409 1411 1478
CONN 1411 1343 1410 1412 1479
CONN 1412 1344 1411 1413 1480
CONN 1413 1345 1412 1481
CONN 1414 1346 1415 1482
CONN 1415 1347 1414 1416 1483
CONN 1416 1348 1415 1417 1484
CONN 1417 1349 1416 1418 1485
CONN 1418 1350 1417 1419 1486
CONN 1419 1351 1418 1487
CONN 1420 1352 1421 1488
CONN 1421 1353 1420 1422 1489
CONN 1422 1354 1421 1423 1490
CONN 1423 1355 1422 1424 1491
CONN 1424 1356 1423 1425 1492
CONN 1425 1357 1424 1426 1493
CONN 1426 1358 1425 1427 1494
CONN 1427 1359 1426 1428 1495
CONN 1428 1360 1427 1429 1496
CONN 1429 1361 1428 1430 1497
CONN 1430 1362 1429 1431 1498
CONN 1431 1363 1430 1432 1499
CONN 1432 1364 1431 1433 1500
CONN 1433 1365 1432 1434 1501
CONN 1434 1366 1433 1435 1502
CONN 1435 1367 1434 1436 1503
CONN 1436 1368 1435 1437 1504
CONN 1437 1369 1436 1438 1505
CONN 1438 1370 1437 1439 1506
CONN 1439 1371 1438 1440 1507
CONN 1440 1372 1439 1441 1508
CONN 1441 1373 1440 1442 1509
CONN 1442 1374 1441 1443 1510
CONN 1443 1375 1442 1444 1511
CONN 1444 1376 1443 1445 1512
CONN 1445 1377 1444 1446 1513
CONN 1446 1378 1445 1447 1514
CONN 1447 1379 1446 1448 1515
CONN 1448 1380 1447 1449 1516
CONN 1449 1381 1448 1450 1517
CONN 1450 1382 1449 1451 1518
CONN 1451 1383 1450 1452 1519
CONN 1452 1384 1451 1453 1520
CONN 1453 1385 1452 1454 1521
CONN 1454 1386 1453 1455 1522
CONN 1455 1387 1454 1456 1523
CONN 1456 1388 1455 1457 1524
CONN 1457 1389 1456 1458 1525
CONN 1458 1390 1457 1459 1526
CONN 1459 1391 1458 1460 1527
CONN 1460 1392 1459 1461 1528
CONN 1461 1393 1460 1462 1529
CONN 1462 1394 1461 1463 1530
CONN 1463 1395 1462 1464 1531
CONN 1464 1396 1463 1465 1532
CONN 1465 1397 1464 1466 1533
CONN 1466 1398 1465 1467 1534
CONN 1467 1399 1466 1468 1535
CONN 1468 1400 1467 1469 1536
CONN 1469 1401 1468 1470 1537
CONN 1470 1402 1469 1471 1538
CONN 1471 1403 1470 1472 1539
CONN 1472 1404 1471 1473 1540
CONN 1473 1405 1472 1474 1541
CONN 1474 1406 1473 1475 1542
CONN 1475 1407 1474 1476 1543
CONN 1476 1408 1475 1477 1544
CONN 1477 1409 1476 1478 1545
CONN 1478 1410 1477 1479 1546
CONN 1479 1411 1478 1480 1547
CONN 1480 1412 1479 1481 1548
CONN 1481 1413 1480 1549
CONN 1482 1414 1483 1550
CONN 1483 1415 1482 1484 1551
CONN 1484 1416 1483 1485 1552
CONN 1485 1417 1484 1486 1553
CONN 1486 1418 1485 1487 1554
CONN 1487 1419 1486 1555
CONN 1488 1420 1489 1556
CONN 1489 1421 1488 1490 1557
CONN 1490 1422 1489 1491 1558
CONN 1491 1423 1490 1492 1559
CONN 1492 1424 1491 1493 1560
CONN 1493 1425 1492 1494 1561
CONN 1494 1426 1493 1495 1562
CONN 1495 1427 1494 1496 1563
CONN 1496 1428 1495 1497 1564
CONN 1497 1429 1496 1498 1565
CONN 1498 1430 1497 1499 1566
CONN 1499 1431 1498 1500 1567
CONN 1500 1432 1499 1501 1568
CONN 1501 1433 1500 1502 1569
CONN 1502 1434 1501 1503 1570
CONN 1503 1435 1502 1504 1571
CONN 1504 1436 1503 1505 1572
CONN 1505 1437 1504 1506 1573
CONN 1506 1438 1505 1507 1574
CONN 1507 1439 1506 1508 1575
CONN 1508 1440 1507 1509 1576
CONN 1509 1441 1508 1510 1577
CONN 1510 1442 1509 1511 1578
CONN 1511 1443 1510 1512 1579
CONN 1512 1444 1511 1513 1580
CONN 1513 1445 1512 1514 1581
CONN 1514 1446 1513 1515 1582
CONN 1515 1447 1514 1516 1583
CONN 1516 1448 1515 1517 1584
CONN 1517 1449 1516 1518 1585
CONN 1518 1450 1517 1519 1586
CONN 1519 1451 1518 1520 1587
CONN 1520 1452 1519 1521 1588
CONN 1521 1453 1520 1522 1589
CONN 1522 1454 1521 1523 1590
CONN 1523 1455 1522 1524 1591
CONN 1524 1456 1523 1525 1592
CONN 1525 1457 1524 1526 1593
CONN 1526 1458 1525 1527 1594
CONN 1527 1459 1526 1528 1595
CONN 1528 1460 1527 1529 1596
CONN 1529 1461 1528 1530 1597
CONN 1530 1462 1529 1531 1598
CONN 1531 1463 1530 1532 1599
CONN 1532 1464 1531 1533 1600
CONN 1533 1465 1532 1534 1601
CONN 1534 1466 1533 1535 1602
CONN 1535 1467 1534 1536 1603
CONN 1536 1468 1535 1537 1604
CONN 1537 1469 1536 1538 1605
CONN 1538 1470 1537 1539 1606
CONN 1539 1471 1538 1540 1607
CONN 1540 1472 1539 1541 1608
CONN 1541 1473 1540 1542 1609
CONN 1542 1474 1541 1543 1610
CONN 1543 1475 1542 1544 1611
CONN 1544 1476 1543 1545 1612
CONN 1545 1477 1544 1546 1613
CONN 1546 1478 1545 1547 1614
CONN 1547 1479 1546 1548 1615
CONN 1548 1480 1547 1549 1616
CONN 1549 1481 1548 1617
CONN 1550 1482 1551 1618
CONN 1551 1483 1550 1552 1619
CONN 1552 1484 1551 1553 1620
CONN 1553 1485 1552 1554 1621
CONN 1554 1486 1553 1555 1622
CONN 1555 1487 1554 1623
CONN 1556 1488 1557 1624
CONN 1557 1489 1556 1558 1625
CONN 1558 1490 1557 1559 1626
CONN 1559 1491 1558 1560 1627
CONN 1560 1492 1559 1561 1628
CONN 1561 1493 1560 1562 1629
CONN 1562 1494 1561 1563 1630
CONN 1563 1495 1562 1564 1631
CONN 1564 1496 1563 1565 1632
CONN 1565 1497 1564 1566 1633
CONN 1566 1498 1565 1567 1634
CONN 1567 1499 1566 1568 1635
CONN 1568 1500 1567 1569 1636
CONN 1569 1501 1568 1570 1637
CONN 1570 1502 1569 1571 1638
CONN 1571 1503 1570 1572 1639
CONN 1572 1504 1571 1573 1640
CONN 1573 1505 1572 1574 1641
CONN 1574 1506 1573 1575 1642
CONN 1575 1507 1574 1576 1643
CONN 1576 1508 1575 1577 1644
CONN 1577 1509 1576 1578 1645
CONN 1578 1510 1577 1579 1646
CONN 1579 1511 1578 1580 1647
CONN 1580 1512 1579 1581 1648
CONN 1581 1513 1580 1582 1649
CONN 1582 1514 1581 1583 1650
CONN 1583 1515 1582 1584 1651
CONN 1584 1516 1583 1585 1652
CONN 1585 1517 1584 1586 1653
CONN 1586 1518 1585 1587 1654
CONN 1587 1519 1586 1588 1655
CONN 1588 1520 1587 1589 1656
CONN 1589 1521 1588 1590 1657
CONN 1590 1522 1589 1591 1658
CONN 1591 1523 1590 1592 1659
CONN 1592 1524 1591 1593 1660
CONN 1593 1525 1592 1594 1661
CONN 1594 1526 1593 1595 1662
CONN 1595 1527 1594 1596 1663
CONN 1596 1528 1595 1597 1664
CONN 1597 1529 1596 1598 1665
CONN 1598 1530 1597 1599 1666
CONN 1599 1531 1598 1600 1667
CONN 1600 1532 1599 1601 1668
CONN 1601 1533 1600 1602 1669
CONN 1602 1534 1601 1603 1670
CONN 1603 1535 1602 1604 1671
CONN 1604 1536 1603 1605 1672
CONN 1605 1537 1604 1606 1673
CONN 1606 1538 1605 1607 1674
CONN 1607 1539 1606 1608 1675
CONN 1608 1540 1607 1609 1676
CONN 1609 1541 1608 1610 1677
CONN 1610 1542 1609 1611 1678
CONN 1611 1543 1610 1612 1679
CONN 1612 1544 1611 1613 1680
CONN 1613 1545 1612 1614 1681
CONN 1614 1546 1613 1615 1682
CONN 1615 1547 1614 1616 1683
CONN 1616 1548 1615 1617 1684
CONN 1617 1549 1616 1685
CONN 1618 1550 1619 1686
CONN 1619 1551 1618 1620 1687
CONN 1620 1552 1619 1621 1688
CONN 1621 1553 1620 1622 1689
CONN 1622 1554 1621 1623 1690
CONN 1623 1555 1622 1691
CONN 1624 1556 1625 1692
CONN 1625 1557 1624 1626 1693
CONN 1626 1558 1625 1627 1694
CONN 1627 1559 1626 1628 1695
CONN 1628 1560 1627 1629 1696
CONN 1629 1561 1628 1630 1697
CONN 1630 1562 1629 1631 1698
CONN 1631 1563 1630 1632 1699
CONN 1632 1564 1631 1633 1700
CONN 1633 1565 1632 1634 1701
CONN 1634 1566 1633 1635 1702
CONN 1635 1567 1634 1636 1703
CONN 1636 1568 1635 1637 1704
CONN 1637 1569 1636 1638 1705
CONN 1638 1570 1637 1639 1706
CONN 1639 1571 1638 1640 1707
CONN 1640 1572 1639 1641 1708
CONN 1641 1573 1640 1642 1709
CONN 1642 1574 1641 1643 1710
CONN 1643 1575 1642 1644 1711
CONN 1644 1576 1643 1645 1712
CONN 1645 1577 1644 1646 1713
CONN 1646 1578 1645 1647 1714
CONN 1647 1579 1646 1648 1715
CONN 1648 1580 1647 1649 1716
CONN 1649 1581 1648 1650 1717
CONN 1650 1582 1649 1651 1718
CONN 1651 1583 1650 1652 1719
CONN 1652 1584 1651 1653 1720
CONN 1653 1585 1652 1654 1721
CONN 1654 1586 1653 1655 1722
CONN 1655 1587 1654 1656 1723
CONN 1656 1588 1655 1657 1724
CONN 1657 1589 1656 1658 1725
CONN 1658 1590 1657 1659 1726
CONN 1659 1591 1658 1660 1727
CONN 1660 1592 1659 1661 1728
CONN 1661 1593 1660 1662 1729
CONN 1662 1594 1661 1663 1730
CONN 1663 1595 1662 1664 1731
CONN 1664 1596 1663 1665 1732
CONN 1665 1597 1664 1666 1733
CONN 1666 1598 1665 1667 1734
CONN 1667 1599 1666 1668 1735
CONN 1668 1600 1667 1669 1736
CONN 1669 1601 1668 1670 1737
CONN 1670 1602 1669 1671 1738
CONN 1671 1603 1670 1672 1739
CONN 1672 1604 1671 1673 1740
CONN 1673 1605 1672 1674 1741
CONN 1674 1606 1673 1675 1742
CONN 1675 1607 1674 1676 1743
CONN 1676 1608 1675 1677 1744
CONN 1677 1609 1676 1678 1745
CONN 1678 1610 1677 1679 1746
CONN 1679 1611 1678 1680 1747
CONN 1680 1612 1679 1681 1748
CONN 1681 1613 1680 1682 1749
CONN 1682 1614 1681 1683 1750
CONN 1683 1615 1682 1684 1751
CONN 1684 1616 1683 1685 1752
CONN 1685 1617 1684 1753
CONN 1686 1618 1687 1754
CONN 1687 1619 1686 1688 1755
CONN 1688 1620 1687 1689 1756
CONN 1689 1621 1688 1690 1757
CONN 1690 1622 1689 1691 1758
CONN 1691 1623 1690 1759
CONN 1692 1624 1693 1760
CONN 1693 1625 1692 1694 1761
CONN 1694 1626 1693 1695 1762
CONN 1695 1627 1694 1696 1763
CONN 1696 1628 1695 1697 1764
CONN 1697 1629 1696 1698 1765
CONN 1698 1630 1697 1699 1766
CONN 1699 1631 1698 1700 1767
CONN 1700 1632 1699 1701 1768
CONN 1701 1633 1700 1702 1769
CONN 1702 1634 1701 1703 1770
CONN 1703 1635 1702 1704 1771
CONN 1704 1636 1703 1705 1772
CONN 1705 1637 1704 1706 1773
CONN 1706 1638 1705 1707 1774
CONN 1707 1639 1706 1708 1775
CONN 1708 1640 1707 1709 1776
CONN 1709 1641 1708 1710 1777
CONN 1710 1642 1709 1711 1778
CONN 1711 1643 1710 1712 1779
CONN 1712 1644 1711 1713 1780
CONN 1713 1645 1712 1714 1781
CONN 1714 1646 1713 1715 1782
CONN 1715 1647 1714 1716 1783
CONN 1716 1648 1715 1717 1784
CONN 1717 1649 1716 1718 1785
CONN 1718 1650 1717 1719 1786
CONN 1719 1651 1718 1720 1787
CONN 1720 1652 1719 1721 1788
CONN 1721 1653 1720 1722 1789
CONN 1722 1654 1721 1723 1790
CONN 1723 1655 1722 1724 1791
CONN 1724 1656 1723 1725 1792
CONN 1725 1657 1724 1726 1793
CONN 1726 1658 1725 1727 1794
CONN 1727 1659 1726 1728 1795
CONN 1728 1660 1727 1729 1796
CONN 1729 1661 1728 1730 1797
CONN 1730 1662 1729 1731 1798
CONN 1731 1663 1730 1732 1799
CONN 1732 1664 1731 1733 1800
CONN 1733 1665 1732 1734 1801
CONN 1734 1666 1733 1735 1802
CONN 1735 1667 1734 1736 1803
CONN 1736 1668 1735 1737 1804
CONN 1737 1669 1736 1738 1805
CONN 1738 1670 1737 1739 1806
CONN 1739 1671 1738 1740 1807
CONN 1740 1672 1739 1741 1808
CONN 1741 1673 1740 1742 1809
CONN 1742 1674 1741 1743 1810
CONN 1743 1675 1742 1744 1811
CONN 1744 1676 1743 1745 1812
CONN 1745 1677 1744 1746 1813
CONN 1746 1678 1745 1747 1814
CONN 1747 1679 1746 1748 1815
CONN 1748 1680 1747 1749 1816
CONN 1749 1681 1748 1750 1817
CONN 1750 1682 1749 1751 1818
CONN 1751 1683 1750 1752 1819
CONN 1752 1684 1751 1753 1820
CONN 1753 1685 1752 1821
CONN 1754 1686 1755 1822
CONN 1755 1687 1754 1756 1823
CONN 1756 1688 1755 1757 1824
CONN 1757 1689 1756 1758 1825
CONN 1758 1690 1757 1759 1826
CONN 1759 1691 1758 1827
CONN 1760 1692 1761 1828
CONN 1761 1693 1760 1762 1829
CONN 1762 1694 1761 1763 1830
CONN 1763 1695 1762 1764 1831
CONN 1764 1696 1763 1765 1832
CONN 1765 1697 1764 1766 1833
CONN 1766 1698 1765 1767 1834
CONN 1767 1699 1766 1768 1835
CONN 1768 1700 1767 1769 1836
CONN 1769 1701 1768 1770 1837
CONN 1770 1702 1769 1771 1838
CONN 1771 1703 1770 1772 1839
CONN 1772 1704 1771 1773 1840
CONN 1773 1705 1772 1774 1841
CONN 1774 1706 1773 1775 1842
CONN 1775 1707 1774 1776 1843
CONN 1776 1708 1775 1777 1844
CONN 1777 1709 1776 1778 1845
CONN 1778 1710 1777 1779 1846
CONN 1779 1711 1778 1780 1847
CONN 1780 1712 1779 1781 1848
CONN 1781 1713 1780 1782 1849
CONN 1782 1714 1781 1783 1850
CONN 1783 1715 1782 1784 1851
CONN 1784 1716 1783 1785 1852
CONN 1785 1717 1784 1786 1853
CONN 1786 1718 1785 1787 1854
CONN 1787 1719 1786 1788 1855
CONN 1788 1720 1787 1789 1856
CONN 1789 1721 1788 1790 1857
CONN 1790 1722 1789 1791 1858
CONN 1791 1723 1790 1792 1859
CONN 1792 1724 1791 1793 1860
CONN 1793 1725 1792 1794 1861
CONN 1794 1726 1793 1795 1862
CONN 1795 1727 1794 1796 1863
CONN 1796 1728 1795 1797 1864
CONN 1797 1729 1796 1798 1865
CONN 1798 1730 1797 1799 1866
CONN 1799 1731 1798 1800 1867
CONN 1800 1732 1799 1801 1868
CONN 1801 1733 1800 1802 1869
CONN 1802 1734 1801 1803 1870
CONN 1803 1735 1802 1804 1871
CONN 1804 1736 1803 1805 1872
CONN 1805 1737 1804 1806 1873
CONN 1806 1738 1805 1807 1874
CONN 1807 1739 1806 1808 1875
CONN 1808 1740 1807 1809 1876
CONN 1809 1741 1808 1810 1877
CONN 1810 1742 1809 1811 1878
CONN 1811 1743 1810 1812 1879
CONN 1812 1744 1811 1813 1880
CONN 1813 1745 1812 1814 1881
CONN 1814 1746 1813 1815 1882
CONN 1815 1747 1814 1816 1883
CONN 1816 1748 1815 1817 1884
CONN 1817 1749 1816 1818 1885
CONN 1818 1750 1817 1819 1886
CONN 1819 1751 1818 1820 1887
CONN 1820 1752 1819 1821 1888
CONN 1821 1753 1820 1889
CONN 1822 1754 1823 1890
CONN 1823 1755 1822 1824 1891
CONN 1824 1756 1823 1825 1892
CONN 1825 1757 1824 1826 1893
CONN 1826 1758 1825 1827 1894
CONN 1827 1759 1826 1895
CONN 1828 1760 1829 1896
CONN 1829 1761 1828 1830 1897
CONN 1830 1762 1829 1831 1898
CONN 1831 1763 1830 1832 1899
CONN 1832 1764 1831 1833 1900
CONN 1833 1765 1832 1834 1901
CONN 1834 1766 1833 1835 1902
CONN 1835 1767 1834 1836 1903
CONN 1836 1768 1835 1837 1904
CONN 1837 1769 1836 1838 1905
CONN 1838 1770 1837 1839 1906
CONN 1839 1771 1838 1840 1907
CONN 1840 1772 1839 1841 1908
CONN 1841 1773 1840 1842 1909
CONN 1842 1774 1841 1843 1910
CONN 1843 1775 1842 1844 1911
CONN 1844 1776 1843 1845 1912
CONN 1845 1777 1844 1846 1913
CONN 1846 1778 1845 1847 1914
CONN 1847 1779 1846 1848 1915
CONN 1848 1780 1847 1849 1916
CONN 1849 1781 1848 1850 1917
CONN 1850 1782 1849 1851 1918
CONN 1851 1783 1850 1852 1919
CONN 1852 1784 1851 1853 1920
CONN 1853 1785 1852 1854 1921
CONN 1854 1786 1853 1855 1922
CONN 1855 1787 1854 1856 1923
CONN 1856 1788 1855 1857 1924
CONN 1857 1789 1856 1858 1925
CONN 1858 1790 1857 1859 1926
CONN 1859 1791 1858 1860 1927
CONN 1860 1792 1859 1861 1928
CONN 1861 1793 1860 1862 1929
CONN 1862 1794 1861 1863 1930
CONN 1863 1795 1862 1864 1931
CONN 1864 1796 1863 1865 1932
CONN 1865 1797 1864 1866 1933
CONN 1866 1798 1865 1867 1934
CONN 1867 1799 1866 1868 1935
CONN 1868 1800 1867 1869 1936
CONN 1869 1801 1868 1870 1937
CONN 1870 1802 1869 1871 1938
CONN 1871 1803 1870 1872 1939
CONN 1872 1804 1871 1873 1940
CONN 1873 1805 1872 1874 1941
CONN 1874 1806 1873 1875 1942
CONN 1875 1807 1874 1876 1943
CONN 1876 1808 1875 1877 1944
CONN 1877 1809 1876 1878 1945
CONN 1878 1810 1877 1879 1946
CONN 1879 1811 1878 1880 1947
CONN 1880 1812 1879 1881 1948
CONN 1881 1813 1880 1882 1949
CONN 1882 1814 1881 1883 1950
CONN 1883 1815 1882 1884 1951
CONN 1884 1816 1883 1885 1952
CONN 1885 1817 1884 1886 1953
CONN 1886 1818 1885 1887 1954
CONN 1887 1819 1886 1888 1955
CONN 1888 1820 1887 1889 1956
CONN 1889 1821 1888 1957
CONN 1890 1822 1891 1958
CONN 1891 1823 1890 1892 1959
CONN 1892 1824 1891 1893 1960
CONN 1893 1825 1892 1894 1961
CONN 1894 1826 1893 1895 1962
CONN 1895 1827 1894 1963
CONN 1896 1828 1897 1964
CONN 1897 1829 1896 1898 1965
CONN 1898 1830 1897 1899 1966
CONN 1899 1831 1898 1900 1967
CONN 1900 1832 1899 1901 1968
CONN 1901 1833 1900 1902 1969
CONN 1902 1834 1901 1903 1970
CONN 1903 1835 1902 1904 1971
CONN 1904 1836 1903 1905 1972
CONN 1905 1837 1904 1906 1973
CONN 1906 1838 1905 1907 1974
CONN 1907 1839 1906 1908 1975
CONN 1908 1840 1907 1909 1976
CONN 1909 1841 1908 1910 1977
CONN 1910 1842 1909 1911 1978
CONN 1911 1843 1910 1912 1979
CONN 1912 1844 1911 1913 1980
CONN 1913 1845 1912 1914 1981
CONN 1914 1846 1913 1915 1982
CONN 1915 1847 1914 1916 1983
CONN 1916 1848 1915 1917 1984
CONN 1917 1849 1916 1918 1985
CONN 1918 1850 1917 1919 1986
CONN 1919 1851 1918 1920 1987
CONN 1920 1852 1919 1921 1988
CONN 1921 1853 1920 1922 1989
CONN 1922 1854 1921 1923 1990
CONN 1923 1855 1922 1924 1991
CONN 1924 1856 1923 1925 1992
CONN 1925 1857 1924 1926 1993
CONN 1926 1858 1925 1927 1994
CONN 1927 1859 1926 1928 1995
CONN 1928 1860 1927 1929 1996
CONN 1929 1861 1928 1930 1997
CONN 1930 1862 1929 1931 1998
CONN 1931 1863 1930 1932 1999
CONN 1932 1864 1931 1933 2000
CONN 1933 1865 1932 1934 2001
CONN 1934 1866 1933 1935 2002
CONN 1935 1867 1934 1936 2003
CONN 1936 1868 1935 1937 2004
CONN 1937 1869 1936 1938 2005
CONN 1938 1870 1937 1939 2006
CONN 1939 1871 1938 1940 2007
CONN 1940 1872 1939 1941 2008
CONN 1941 1873 1940 1942 2009
CONN 1942 1874 1941 1943 2010
CONN 1943 1875 1942 1944 2011
CONN 1944 1876 1943 1945 2012
CONN 1945 1877 1944 1946 2013
CONN 1946 1878 1945 1947 2014
CONN 1947 1879 1946 1948 2015
CONN 1948 1880 1947 1949 2016
CONN 1949 1881 1948 1950 2017
CONN 1950 1882 1949 1951 2018
CONN 1951 1883 1950 1952 2019
CONN 1952 1884 1951 1953 2020
CONN 1953 1885 1952 1954 2021
CONN 1954 1886 1953 1955 2022
CONN 1955 1887 1954 1956 2023
CONN 1956 1888 1955 1957 2024
CONN 1957 1889 1956 2025
CONN 1958 1890 1959 2026
CONN 1959 1891 1958 1960 2027
CONN 1960 1892 1959 1961 2028
CONN 1961 1893 1960 1962 2029
CONN 1962 1894 1961 1963 2030
CONN 1963 1895 1962 2031
CONN 1964 1896 1965 2032
CONN 1965 1897 1964 1966 2033
CONN 1966 1898 1965 1967 2034
CONN 1967 1899 1966 1968 2035
CONN 1968 1900 1967 1969 2036
CONN 1969 1901 1968 1970 2037
CONN 1970 1902 1969 1971 2038
CONN 1971 1903 1970 1972 2039
CONN 1972 1904 1971 1973 2040
CONN 1973 1905 1972 1974 2041
CONN 1974 1906 1973 1975 2042
CONN 1975 1907 1974 1976 2043
CONN 1976 1908 1975 1977 2044
CONN 1977 1909 1976 1978 2045
CONN 1978 1910 1977 1979 2046
CONN 1979 1911 1978 1980 2047
CONN 1980 1912 1979 1981 2048
CONN 1981 1913 1980 1982 2049
CONN 1982 1914 1981 1983 2050
CONN 1983 1915 1982 1984 2051
CONN 1984 1916 1983 1985 2052
CONN 1985 1917 1984 1986 2053
CONN 1986 1918 1985 1987 2054
CONN 1987 1919 1986 1988 2055
CONN 1988 1920 1987 1989 2056
CONN 1989 1921 1988 1990 2057
CONN 1990 1922 1989 1991 2058
CONN 1991 1923 1990 1992 2059
CONN 1992 1924 1991 1993 2060
CONN 1993 1925 1992 1994 2061
CONN 1994 1926 1993 1995 2062
CONN 1995 1927 1994 1996 2063
CONN 1996 1928 1995 1997 2064
CONN 1997 1929 1996 1998 2065
CONN 1998 1930 1997 1999 2066
CONN 1999 1931 1998 2000 2067
CONN 2000 1932 1999 2001 2068
CONN 2001 1933 2000 2002 2069
CONN 2002 1934 2001 2003 2070
CONN 2003 1935 2002 2004 2071
CONN 2004 1936 2003 2005 2072
CONN 2005 1937 2004 2006 2073
CONN 2006 1938 2005 2007 2074
CONN 2007 1939 2006 2008 2075
CONN 2008 1940 2007 2009 2076
CONN 2009 1941 2008 2010 2077
CONN 2010 1942 2009 2011 2078
CONN 2011 1943 2010 2012 2079
CONN 2012 1944 2011 2013 2080
CONN 2013 1945 2012 2014 2081
CONN 2014 1946 2013 2015 2082
CONN 2015 1947 2014 2016 2083
CONN 2016 1948 2015 2017 2084
CONN 2017 1949 2016 2018 2085
CONN 2018 1950 2017 2019 2086
CONN 2019 1951 2018 2020 2087
CONN 2020 1952 2019 2021 2088
CONN 2021 1953 2020 2022 2089
CONN 2022 1954 2021 2023 2090
CONN 2023 1955 2022 2024 2091
CONN 2024 1956 2023 2025 2092
CONN 2025 1957 2024 2093
CONN 2026 1958 2027 2094
CONN 2027 1959 2026 2028 2095
CONN 2028 1960 2027 2029 2096
CONN 2029 1961 2028 2030 2097
CONN 2030 1962 2029 2031 2098
CONN 2031 1963 2030 2099
CONN 2032 1964 2033 2100
CONN 2033 1965 2032 2034 2101
CONN 2034 1966 2033 2035 2102
CONN 2035 1967 2034 2036 2103
CONN 2036 1968 2035 2037 2104
CONN 2037 1969 2036 2038 2105
CONN 2038 1970 2037 2039 2106
CONN 2039 1971 2038 2040 2107
CONN 2040 1972 2039 2041 2108
CONN 2041 1973 2040 2042 2109
CONN 2042 1974 2041 2043 2110
CONN 2043 1975 2042 2044 2111
CONN 2044 1976 2043 2045 2112
CONN 2045 1977 2044 2046 2113
CONN 2046 1978 2045 2047 2114
CONN 2047 1979 2046 2048 2115
CONN 2048 1980 2047 2049 2116
CONN 2049 1981 2048 2050 2117
CONN 2050 1982 2049 2051 2118
CONN 2051 1983 2050 2052 2119
CONN 2052 1984 2051 2053 2120
CONN 2053 1985 2052 2054 2121
CONN 2054 1986 2053 2055 2122
CONN 2055 1987 2054 2056 2123
CONN 2056 1988 2055 2057 2124
CONN 2057 1989 2056 2058 2125
CONN 2058 1990 2057 2059 2126
CONN 2059 1991 2058 2060 2127
CONN 2060 1992 2059 2061 2128
CONN 2061 1993 2060 2062 2129
CONN 2062 1994 2061 2063 2130
CONN 2063 1995 2062 2064 2131
CONN 2064 1996 2063 2065 2132
CONN 2065 1997 2064 2066 2133
CONN 2066 1998 2065 2067 2134
CONN 2067 1999 2066 2068 2135
CONN 2068 2000 2067 2069 2136
CONN 2069 2001 2068 2070 2137
CONN 2070 2002 2069 2071 2138
CONN 2071 2003 2070 2072 2139
CONN 2072 2004 2071 2073 2140
CONN 2073 2005 2072 2074 2141
CONN 2074 2006 2073 2075 2142
CONN 2075 2007 2074 2076 2143
CONN 2076 2008 2075 2077 2144
CONN 2077 2009 2076 2078 2145
CONN 2078 2010 2077 2079 2146
CONN 2079 2011 2078 2080 2147
CONN 2080 2012 2079 2081 2148
CONN 2081 2013 2080 2082 2149
CONN 2082 2014 2081 2083 2150
CONN 2083 2015 2082 2084 2151
CONN 2084 2016 2083 2085 2152
CONN 2085 2017 2084 2086 2153
CONN 2086 2018 2085 2087 2154
CONN 2087 2019 2086 2088 2155
CONN 2088 2020 2087 2089 2156
CONN 2089 2021 2088 2090 2157
CONN 2090 2022 2089 2091 2158
CONN 2091 2023 2090 2092 2159
CONN 2092 2024 2091 2093 2160
CONN 2093 2025 2092 2161
CONN 2094 2026 2095 2162
CONN 2095 2027 2094 2096 2163
CONN 2096 2028 2095 2097 2164
CONN 2097 2029 2096 2098 2165
CONN 2098 2030 2097 2099 2166
CONN 2099 2031 2098 2167
CONN 2100 2032 2101 2168
CONN 2101 2033 2100 2102 2169
CONN 2102 2034 2101 2103 2170
CONN 2103 2035 2102 2104 2171
CONN 2104 2036 2103 2105 2172
CONN 2105 2037 2104 2106 2173
CONN 2106 2038 2105 2107 2174
CONN 2107 2039 2106 2108 2175
CONN 2108 2040 2107 2109 2176
CONN 2109 2041 2108 2110 2177
CONN 2110 2042 2109 2111 2178
CONN 2111 2043 2110 2112 2179
CONN 2112 2044 2111 2113 2180
CONN 2113 2045 2112 2114 2181
CONN 2114 2046 2113 2115 2182
CONN 2115 2047 2114 2116 2183
CONN 2116 2048 2115 2117 2184
CONN 2117 2049 2116 2118 2185
CONN 2118 2050 2117 2119 2186
CONN 2119 2051 2118 2120 2187
CONN 2120 2052 2119 2121 2188
CONN 2121 2053 2120 2122 2189
CONN 2122 2054 2121 2123 2190
CONN 2123 2055 2122 2124 2191
CONN 2124 2056 2123 2125 2192
CONN 2125 2057 2124 2126 2193
CONN 2126 2058 2125 2127 2194
CONN 2127 2059 2126 2128 2195
CONN 2128 2060 2127 2129 2196
CONN 2129 2061 2128 2130 2197
CONN 2130 2062 2129 2131 2198
CONN 2131 2063 2130 2132 2199
CONN 2132 2064 2131 2133 2200
CONN 2133 2065 2132 2134 2201
CONN 2134 2066 2133 2135 2202
CONN 2135 2067 2134 2136 2203
CONN 2136 2068 2135 2137 2204
CONN 2137 2069 2136 2138 2205
CONN 2138 2070 2137 2139 2206
CONN 2139 2071 2138 2140 2207
CONN 2140 2072 2139 2141 2208
CONN 2141 2073 2140 2142 2209
CONN 2142 2074 2141 2143 2210
CONN 2143 2075 2142 2144 2211
CONN 2144 2076 2143 2145 2212
CONN 2145 2077 2144 2146 2213
CONN 2146 2078 2145 2147 2214
CONN 2147 2079 2146 2148 2215
CONN 2148 2080 2147 2149 2216
CONN 2149 2081 2148 2150 2217
CONN 2150 2082 2149 2151 2218
CONN 2151 2083 2150 2152 2219
CONN 2152 2084 2151 2153 2220
CONN 2153 2085 2152 2154 2221
CONN 2154 2086 2153 2155 2222
CONN 2155 2087 2154 2156 2223
CONN 2156 2088 2155 2157 2224
CONN 2157 2089 2156 2158 2225
CONN 2158 2090 2157 2159 2226
CONN 2159 2091 2158 2160 2227
CONN 2160 2092 2159 2161 2228
CONN 2161 2093 2160 2229
CONN 2162 2094 2163 2230
CONN 2163 2095 2162 2164 2231
CONN 2164 2096 2163 2165 2232
CONN 2165 2097 2164 2166 2233
CONN 2166 2098 2165 2167 2234
CONN 2167 2099 2166 2235
CONN 2168 2100 2169 2236
CONN 2169 2101 2168 2170 2237
CONN 2170 2102 2169 2171 2238
CONN 2171 2103 2170 2172 2239
CONN 2172 2104 2171 2173 2240
CONN 2173 2105 2172 2174 2241
CONN 2174 2106 2173 2175 2242
CONN 2175 2107 2174 2176 2243
CONN 2176 2108 2175 2177 2244
CONN 2177 2109 2176 2178 2245
CONN 2178 2110 2177 2179 2246
CONN 2179 2111 2178 2180 2247
CONN 2180 2112 2179 2181 2248
CONN 2181 2113 2180 2182 2249
CONN 2182 2114 2181 2183 2250
CONN 2183 2115 2182 2184 2251
CONN 2184 2116 2183 2185 2252
CONN 2185 2117 2184 2186 2253
CONN 2186 2118 2185 2187 2254
CONN 2187 2119 2186 2188 2255
CONN 2188 2120 2187 2189 2256
CONN 2189 2121 2188 2190 2257
CONN 2190 2122 2189 2191 2258
CONN 2191 2123 2190 2192 2259
CONN 2192 2124 2191 2193 2260
CONN 2193 2125 2192 2194 2261
CONN 2194 2126 2193 2195 2262
CONN 2195 2127 2194 2196 2263
CONN 2196 2128 2195 2197 2264
CONN 2197 2129 2196 2198 2265
CONN 2198 2130 2197 2199 2266
CONN 2199 2131 2198 2200 2267
CONN 2200 2132 2199 2201 2268
CONN 2201 2133 2200 2202 2269
CONN 2202 2134 2201 2203 2270
CONN 2203 2135 2202 2204 2271
CONN 2204 2136 2203 2205 2272
CONN 2205 2137 2204 2206 2273
CONN 2206 2138 2205 2207 2274
CONN 2207 2139 2206 2208 2275
CONN 2208 2140 2207 2209 2276
CONN 2209 2141 2208 2210 2277
CONN 2210 2142 2209 2211 2278
CONN 2211 2143 2210 2212 2279
CONN 2212 2144 2211 2213 2280
CONN 2213 2145 2212 2214 2281
CONN 2214 2146 2213 2215 2282
CONN 2215 2147 2214 2216 2283
CONN 2216 2148 2215 2217 2284
CONN 2217 2149 2216 2218 2285
CONN 2218 2150 2217 2219 2286
CONN 2219 2151 2218 2220 2287
CONN 2220 2152 2219 2221 2288
CONN 2221 2153 2220 2222 2289
CONN 2222 2154 2221 2223 2290
CONN 2223 2155 2222 2224 2291
CONN 2224 2156 2223 2225 2292
CONN 2225 2157 2224 2226 2293
CONN 2226 2158 2225 2227 2294
CONN 2227 2159 2226 2228 2295
CONN 2228 2160 2227 2229 2296
CONN 2229 2161 2228 2297
CONN 2230 2162 2231 2298
CONN 2231 2163 2230 2232 2299
CONN 2232 2164 2231 2233 2300
CONN 2233 2165 2232 2234 2301
CONN 2234 2166 2233 2235 2302
CONN 2235 2167 2234 2303
CONN 2236 2168 2237 2304
CONN 2237 2169 2236 2238 2305
CONN 2238 2170 2237 2239 2306
CONN 2239 2171 2238 2240 2307
CONN 2240 2172 2239 2241 2308
CONN 2241 2173 2240 2242 2309
CONN 2242 2174 2241 2243 2310
CONN 2243 2175 2242 2244 2311
CONN 2244 2176 2243 2245 2312
CONN 2245 2177 2244 2246 2313
CONN 2246 2178 2245 2247 2314
CONN 2247 2179 2246 2248 2315
CONN 2248 2180 2247 2249 2316
CONN 2249 2181 2248 2250 2317
CONN 2250 2182 2249 2251 2318
CONN 2251 2183 2250 2252 2319
CONN 2252 2184 2251 2253 2320
CONN 2253 2185 2252 2254 2321
CONN 2254 2186 2253 2255 2322
CONN 2255 2187 2254 2256 2323
CONN 2256 2188 2255 2257 2324
CONN 2257 2189 2256 2258 2325
CONN 2258 2190 2257 2259 2326
CONN 2259 2191 2258 2260 2327
CONN 2260 2192 2259 2261 2328
CONN 2261 2193 2260 2262 2329
CONN 2262 2194 2261 2263 2330
CONN 2263 2195 2262 2264 2331
CONN 2264 2196 2263 2265 2332
CONN 2265 2197 2264 2266 2333
CONN 2266 2198 2265 2267 2334
CONN 2267 2199 2266 2268 2335
CONN 2268 2200 2267 2269 2336
CONN 2269 2201 2268 2270 2337
CONN 2270 2202 2269 2271 2338
CONN 2271 2203 2270 2272 2339
CONN 2272 2204 2271 2273 2340
CONN 2273 2205 2272 2274 2341
CONN 2274 2206 2273 2275 2342
CONN 2275 2207 2274 2276 2343
CONN 2276 2208 2275 2277 2344
CONN 2277 2209 2276 2278 2345
CONN 2278 2210 2277 2279 2346
CONN 2279 2211 2278 2280 2347
CONN 2280 2212 2279 2281 2348
CONN 2281 2213 2280 2282 2349
CONN 2282 2214 2281 2283 2350
CONN 2283 2215 2282 2284 2351
CONN 2284 2216 2283 2285 2352
CONN 2285 2217 2284 2286 2353
CONN 2286 2218 2285 2287 2354
CONN 2287 2219 2286 2288 2355
CONN 2288 2220 2287 2289 2356
CONN 2289 2221 2288 2290 2357
CONN 2290 2222 2289 2291 2358
CONN 2291 2223 2290 2292 2359
CONN 2292 2224 2291 2293 2360
CONN 2293 2225 2292 2294 2361
CONN 2294 2226 2293 2295 2362
CONN 2295 2227 2294 2296 2363
CONN 2296 2228 2295 2297 2364
CONN 2297 2229 2296 2365
CONN 2298 2230 2299 2366
CONN 2299 2231 2298 2300 2367
CONN 2300 2232 2299 2301 2368
CONN 2301 2233 2300 2302 2369
CONN 2302 2234 2301 2303 2370
CONN 2303 2235 2302 2371
CONN 2304 2236 2305 2372
CONN 2305 2237 2304 2306 2373
CONN 2306 2238 2305 2307 2374
CONN 2307 2239 2306 2308 2375
CONN 2308 2240 2307 2309 2376
CONN 2309 2241 2308 2310 2377
CONN 2310 2242 2309 2311 2378
CONN 2311 2243 2310 2312 2379
CONN 2312 2244 2311 2313 2380
CONN 2313 2245 2312 2314 2381
CONN 2314 2246 2313 2315 2382
CONN 2315 2247 2314 2316 2383
CONN 2316 2248 2315 2317 2384
CONN 2317 2249 2316 2318 2385
CONN 2318 2250 2317 2319 2386
CONN 2319 2251 2318 2320 2387
CONN 2320 2252 2319 2321 2388
CONN 2321 2253 2320 2322 2389
CONN 2322 2254 2321 2323 2390
CONN 2323 2255 2322 2324 2391
CONN 2324 2256 2323 2325 2392
CONN 2325 2257 2324 2326 2393
CONN 2326 2258 2325 2327 2394
CONN 2327 2259 2326 2328 2395
CONN 2328 2260 2327 2329 2396
CONN 2329 2261 2328 2330 2397
CONN 2330 2262 2329 2331 2398
CONN 2331 2263 2330 2332 2399
CONN 2332 2264 2331 2333 2400
CONN 2333 2265 2332 2334 2401
CONN 2334 2266 2333 2335 2402
CONN 2335 2267 2334 2336 2403
CONN 2336 2268 2335 2337 2404
CONN 2337 2269 2336 2338 2405
CONN 2338 2270 2337 2339 2406
CONN 2339 2271 2338 2340 2407
CONN 2340 2272 2339 2341 2408
CONN 2341 2273 2340 2342 2409
CONN 2342 2274 2341 2343 2410
CONN 2343 2275 2342 2344 2411
CONN 2344 2276 2343 2345 2412
CONN 2345 2277 2344 2346 2413
CONN 2346 2278 2345 2347 2414
CONN 2347 2279 2346 2348 2415
CONN 2348 2280 2347 2349 2416
CONN 2349 2281 2348 2350 2417
CONN 2350 2282 2349 2351 2418
CONN 2351 2283 2350 2352 2419
CONN 2352 2284 2351 2353 2420
CONN 2353 2285 2352 2354 2421
CONN 2354 2286 2353 2355 2422
CONN 2355 2287 2354 2356 2423
CONN 2356 2288 2355 2357 2424
CONN 2357 2289 2356 2358 2425
CONN 2358 2290 2357 2359 2426
CONN 2359 2291 2358 2360 2427
CONN 2360 2292 2359 2361 2428
CONN 2361 2293 2360 2362 2429
CONN 2362 2294 2361 2363 2430
CONN 2363 2295 2362 2364 2431
CONN 2364 2296 2363 2365 2432
CONN 2365 2297 2364 2433
CONN 2366 2298 2367 2434
CONN 2367 2299 2366 2368 2435
CONN 2368 2300 2367 2369 2436
CONN 2369 2301 2368 2370 2437
CONN 2370 2302 2369 2371 2438
CONN 2371 2303 2370 2439
CONN 2372 2304 2373 2440
CONN 2373 2305 2372 2374 2441
CONN 2374 2306 2373 2375 2442
CONN 2375 2307 2374 2376 2443
CONN 2376 2308 2375 2377 2444
CONN 2377 2309 2376 2378 2445
CONN 2378 2310 2377 2379 2446
CONN 2379 2311 2378 2380 2447
CONN 2380 2312 2379 2381 2448
CONN 2381 2313 2380 2382 2449
CONN 2382 2314 2381 2383 2450
CONN 2383 2315 2382 2384 2451
CONN 2384 2316 2383 2385 2452
CONN 2385 2317 2384 2386 2453
CONN 2386 2318 2385 2387 2454
CONN 2387 2319 2386 2388 2455
CONN 2388 2320 2387 2389 2456
CONN 2389 2321 2388 2390 2457
CONN 2390 2322 2389 2391 2458
CONN 2391 2323 2390 2392 2459
CONN 2392 2324 2391 2393 2460
CONN 2393 2325 2392 2394 2461
CONN 2394 2326 2393 2395 2462
CONN 2395 2327 2394 2396 2463
CONN 2396 2328 2395 2397 2464
CONN 2397 2329 2396 2398 2465
CONN 2398 2330 2397 2399 2466
CONN 2399 2331 2398 2400 2467
CONN 2400 2332 2399 2401 2468
CONN 2401 2333 2400 2402 2469
CONN 2402 2334 2401 2403 2470
CONN 2403 2335 2402 2404 2471
CONN 2404 2336 2403 2405 2472
CONN 2405 2337 2404 2406 2473
CONN 2406 2338 2405 2407 2474
CONN 2407 2339 2406 2408 2475
CONN 2408 2340 2407 2409 2476
CONN 2409 2341 2408 2410 2477
CONN 2410 2342 2409 2411 2478
CONN 2411 2343 2410 2412 2479
CONN 2412 2344 2411 2413 2480
CONN 2413 2345 2412 2414 2481
CONN 2414 2346 2413 2415 2482
CONN 2415 2347 2414 2416 2483
CONN 2416 2348 2415 2417 2484
CONN 2417 2349 2416 2418 2485
CONN 2418 2350 2417 2419 2486
CONN 2419 2351 2418 2420 2487
CONN 2420 2352 2419 2421 2488
CONN 2421 2353 2420 2422 2489
CONN 2422 2354 2421 2423 2490
CONN 2423 2355 2422 2424 2491
CONN 2424 2356 2423 2425 2492
CONN 2425 2357 2424 2426 2493
CONN 2426 2358 2425 2427 2494
CONN 2427 2359 2426 2428 2495
CONN 2428 2360 2427 2429 2496
CONN 2429 2361 2428 2430 2497
CONN 2430 2362 2429 2431 2498
CONN 2431 2363 2430 2432 2499
CONN 2432 2364 2431 2433 2500
CONN 2433 2365 2432 2501
CONN 2434 2366 2435 2502
CONN 2435 2367 2434 2436 2503
CONN 2436 2368 2435 2437 2504
CONN 2437 2369 2436 2438 2505
CONN 2438 2370 2437 2439 2506
CONN 2439 2371 2438 2507
CONN 2440 2372 2441 2508
CONN 2441 2373 2440 2442 2509
CONN 2442 2374 2441 2443 2510
CONN 2443 2375 2442 2444 2511
CONN 2444 2376 2443 2445 2512
CONN 2445 2377 2444 2446 2513
CONN 2446 2378 2445 2447 2514
CONN 2447 2379 2446 2448 2515
CONN 2448 2380 2447 2449 2516
CONN 2449 2381 2448 2450 2517
CONN 2450 2382 2449 2451 2518
CONN 2451 2383 2450 2452 2519
CONN 2452 2384 2451 2453 2520
CONN 2453 2385 2452 2454 2521
CONN 2454 2386 2453 2455 2522
CONN 2455 2387 2454 2456 2523
CONN 2456 2388 2455 2457 2524
CONN 2457 2389 2456 2458 2525
CONN 2458 2390 2457 2459 2526
CONN 2459 2391 2458 2460 2527
CONN 2460 2392 2459 2461 2528
CONN 2461 2393 2460 2462 2529
CONN 2462 2394 2461 2463 2530
CONN 2463 2395 2462 2464 2531
CONN 2464 2396 2463 2465 2532
CONN 2465 2397 2464 2466 2533
CONN 2466 2398 2465 2467 2534
CONN 2467 2399 2466 2468 2535
CONN 2468 2400 2467 2469 2536
CONN 2469 2401 2468 2470 2537
CONN 2470 2402 2469 2471 2538
CONN 2471 2403 2470 2472 2539
CONN 2472 2404 2471 2473 2540
CONN 2473 2405 2472 2474 2541
CONN 2474 2406 2473 2475 2542
CONN 2475 2407 2474 2476 2543
CONN 2476 2408 2475 2477 2544
CONN 2477 2409 2476 2478 2545
CONN 2478 2410 2477 2479 2546
CONN 2479 2411 2478 2480 2547
CONN 2480 2412 2479 2481 2548
CONN 2481 2413 2480 2482 2549
CONN 2482 2414 2481 2483 2550
CONN 2483 2415 2482 2484 2551
CONN 2484 2416 2483 2485 2552
CONN 2485 2417 2484 2486 2553
CONN 2486 2418 2485 2487 2554
CONN 2487 2419 2486 2488 2555
CONN 2488 2420 2487 2489 2556
CONN 2489 2421 2488 2490 2557
CONN 2490 2422 2489 2491 2558
CONN 2491 2423 2490 2492 2559
CONN 2492 2424 2491 2493 2560
CONN 2493 2425 2492 2494 2561
CONN 2494 2426 2493 2495 2562
CONN 2495 2427 2494 2496 2563
CONN 2496 2428 2495 2497 2564
CONN 2497 2429 2496 2498 2565
CONN 2498 2430 2497 2499 2566
CONN 2499 2431 2498 2500 2567
CONN 2500 2432 2499 2501 2568
CONN 2501 2433 2500 2569
CONN 2502 2434 2503 2570
CONN 2503 2435 2502 2504 2571
CONN 2504 2436 2503 2505 2572
CONN 2505 2437 2504 2506 2573
CONN 2506 2438 2505 2507 2574
CONN 2507 2439 2506 2575
CONN 2508 2440 2509 2576
CONN 2509 2441 2508 2510 2577
CONN 2510 2442 2509 2511 2578
CONN 2511 2443 2510 2512 2579
CONN 2512 2444 2511 2513 2580
CONN 2513 2445 2512 2514 2581
CONN 2514 2446 2513 2515 2582
CONN 2515 2447 2514 2516 2583
CONN 2516 2448 2515 2517 2584
CONN 2517 2449 2516 2518 2585
CONN 2518 2450 2517 2519 2586
CONN 2519 2451 2518 2520 2587
CONN 2520 2452 2519 2521 2588
CONN 2521 2453 2520 2522 2589
CONN 2522 2454 2521 2523 2590
CONN 2523 2455 2522 2524 2591
CONN 2524 2456 2523 2525 2592
CONN 2525 2457 2524 2526 2593
CONN 2526 2458 2525 2527 2594
CONN 2527 2459 2526 2528 2595
CONN 2528 2460 2527 2529 2596
CONN 2529 2461 2528 2530 2597
CONN 2530 2462 2529 2531 2598
CONN 2531 2463 2530 2532 2599
CONN 2532 2464 2531 2533 2600
CONN 2533 2465 2532 2534 2601
CONN 2534 2466 2533 2535 2602
CONN 2535 2467 2534 2536 2603
CONN 2536 2468 2535 2537 2604
CONN 2537 2469 2536 2538 2605
CONN 2538 2470 2537 2539 2606
CONN 2539 2471 2538 2540 2607
CONN 2540 2472 2539 2541 2608
CONN 2541 2473 2540 2542 2609
CONN 2542 2474 2541 2543 2610
CONN 2543 2475 2542 2544 2611
CONN 2544 2476 2543 2545 2612
CONN 2545 2477 2544 2546 2613
CONN 2546 2478 2545 2547 2614
CONN 2547 2479 2546 2548 2615
CONN 2548 2480 2547 2549 2616
CONN 2549 2481 2548 2550 2617
CONN 2550 2482 2549 2551 2618
CONN 2551 2483 2550 2552 2619
CONN 2552 2484 2551 2553 2620
CONN 2553 2485 2552 2554 2621
CONN 2554 2486 2553 2555 2622
CONN 2555 2487 2554 2556 2623
CONN 2556 2488 2555 2557 2624
CONN 2557 2489 2556 2558 2625
CONN 2558 2490 2557 2559 2626
CONN 2559 2491 2558 2560 2627
CONN 2560 2492 2559 2561 2628
CONN 2561 2493 2560 2562 2629
CONN 2562 2494 2561 2563 2630
CONN 2563 2495 2562 2564 2631
CONN 2564 2496 2563 2565 2632
CONN 2565 2497 2564 2566 2633
CONN 2566 2498 2565 2567 2634
CONN 2567 2499 2566 2568 2635
CONN 2568 2500 2567 2569 2636
CONN 2569 2501 2568 2637
CONN 2570 2502 2571 2638
CONN 2571 2503 2570 2572 2639
CONN 2572 2504 2571 2573 2640
CONN 2573 2505 2572 2574 2641
CONN 2574 2506 2573 2575 2642
CONN 2575 2507 2574 2643
CONN 2576 2508 2577 2644
CONN 2577 2509 2576 2578 2645
CONN 2578 2510 2577 2579 2646
CONN 2579 2511 2578 2580 2647
CONN 2580 2512 2579 2581 2648
CONN 2581 2513 2580 2582 2649
CONN 2582 2514 2581 2583 2650
CONN 2583 2515 2582 2584 2651
CONN 2584 2516 2583 2585 2652
CONN 2585 2517 2584 2586 2653
CONN 2586 2518 2585 2587 2654
CONN 2587 2519 2586 2588 2655
CONN 2588 2520 2587 2589 2656
CONN 2589 2521 2588 2590 2657
CONN 2590 2522 2589 2591 2658
CONN 2591 2523 2590 2592 2659
CONN 2592 2524 2591 2593 2660
CONN 2593 2525 2592 2594 2661
CONN 2594 2526 2593 2595 2662
CONN 2595 2527 2594 2596 2663
CONN 2596 2528 2595 2597 2664
CONN 2597 2529 2596 2598 2665
CONN 2598 2530 2597 2599 2666
CONN 2599 2531 2598 2600 2667
CONN 2600 2532 2599 2601 2668
CONN 2601 2533 2600 2602 2669
CONN 2602 2534 2601 2603 2670
CONN 2603 2535 2602 2604 2671
CONN 2604 2536 2603 2605 2672
CONN 2605 2537 2604 2606 2673
CONN 2606 2538 2605 2607 2674
CONN 2607 2539 2606 2608 2675
CONN 2608 2540 2607 2609 2676
CONN 2609 2541 2608 2610 2677
CONN 2610 2542 2609 2611 2678
CONN 2611 2543 2610 2612 2679
CONN 2612 2544 2611 2613 2680
CONN 2613 2545 2612 2614 2681
CONN 2614 2546 2613 2615 2682
CONN 2615 2547 2614 2616 2683
CONN 2616 2548 2615 2617 2684
CONN 2617 2549 2616 2618 2685
CONN 2618 2550 2617 2619 2686
CONN 2619 2551 2618 2620 2687
CONN 2620 2552 2619 2621 2688
CONN 2621 2553 2620 2622 2689
CONN 2622 2554 2621 2623 2690
CONN 2623 2555 2622 2624 2691
CONN 2624 2556 2623 2625 2692
CONN 2625 2557 2624 2626 2693
CONN 2626 2558 2625 2627 2694
CONN 2627 2559 2626 2628 2695
CONN 2628 2560 2627 2629 2696
CONN 2629 2561 2628 2630 2697
CONN 2630 2562 2629 2631 2698
CONN 2631 2563 2630 2632 2699
CONN 2632 2564 2631 2633 2700
CONN 2633 2565 2632 2634 2701
CONN 2634 2566 2633 2635 2702
CONN 2635 2567 2634 2636 2703
CONN 2636 2568 2635 2637 2704
CONN 2637 2569 2636 2705
CONN 2638 2570 2639 2706
CONN 2639 2571 2638 2640 2707
CONN 2640 2572 2639 2641 2708
CONN 2641 2573 2640 2642 2709
CONN 2642 2574 2641 2643 2710
CONN 2643 2575 2642 2711
CONN 2644 2576 2645 2712
CONN 2645 2577 2644 2646 2713
CONN 2646 2578 2645 2647 2714
CONN 2647 2579 2646 2648 2715
CONN 2648 2580 2647 2649 2716
CONN 2649 2581 2648 2650 2717
CONN 2650 2582 2649 2651 2718
CONN 2651 2583 2650 2652 2719
CONN 2652 2584 2651 2653 2720
CONN 2653 2585 2652 2654 2721
CONN 2654 2586 2653 2655 2722
CONN 2655 2587 2654 2656 2723
CONN 2656 2588 2655 2657 2724
CONN 2657 2589 2656 2658 2725
CONN 2658 2590 2657 2659 2726
CONN 2659 2591 2658 2660 2727
CONN 2660 2592 2659 2661 2728
CONN 2661 2593 2660 2662 2729
CONN 2662 2594 2661 2663 2730
CONN 2663 2595 2662 2664 2731
CONN 2664 2596 2663 2665 2732
CONN 2665 2597 2664 2666 2733
CONN 2666 2598 2665 2667 2734
CONN 2667 2599 2666 2668 2735
CONN 2668 2600 2667 2669 2736
CONN 2669 2601 2668 2670 2737
CONN 2670 2602 2669 2671 2738
CONN 2671 2603 2670 2672 2739
CONN 2672 2604 2671 2673 2740
CONN 2673 2605 2672 2674 2741
CONN 2674 2606 2673 2675 2742
CONN 2675 2607 2674 2676 2743
CONN 2676 2608 2675 2677 2744
CONN 2677 2609 2676 2678 2745
CONN 2678 2610 2677 2679 2746
CONN 2679 2611 2678 2680 2747
CONN 2680 2612 2679 2681 2748
CONN 2681 2613 2680 2682 2749
CONN 2682 2614 2681 2683 2750
CONN 2683 2615 2682 2684 2751
CONN 2684 2616 2683 2685 2752
CONN 2685 2617 2684 2686 2753
CONN 2686 2618 2685 2687 2754
CONN 2687 2619 2686 2688 2755
CONN 2688 2620 2687 2689 2756
CONN 2689 2621 2688 2690 2757
CONN 2690 2622 2689 2691 2758
CONN 2691 2623 2690 2692 2759
CONN 2692 2624 2691 2693 2760
CONN 2693 2625 2692 2694 2761
CONN 2694 2626 2693 2695 2762
CONN 2695 2627 2694 2696 2763
CONN 2696 2628 2695 2697 2764
CONN 2697 2629 2696 2698 2765
CONN 2698 2630 2697 2699 2766
CONN 2699 2631 2698 2700 2767
CONN 2700 2632 2699 2701 2768
CONN 2701 2633 2700 2702 2769
CONN 2702 2634 2701 2703 2770
CONN 2703 2635 2702 2704 2771
CONN 2704 2636 2703 2705 2772
CONN 2705 2637 2704 2773
CONN 2706 2638 2707 2774
CONN 2707 2639 2706 2708 2775
CONN 2708 2640 2707 2709 2776
CONN 2709 2641 2708 2710 2777
CONN 2710 2642 2709 2711 2778
CONN 2711 2643 2710 2779
CONN 2712 2644 2713 2780
CONN 2713 2645 2712 2714 2781
CONN 2714 2646 2713 2715 2782
CONN 2715 2647 2714 2716 2783
CONN 2716 2648 2715 2717 2784
CONN 2717 2649 2716 2718 2785
CONN 2718 2650 2717 2719 2786
CONN 2719 2651 2718 2720 2787
CONN 2720 2652 2719 2721 2788
CONN 2721 2653 2720 2722 2789
CONN 2722 2654 2721 2723 2790
CONN 2723 2655 2722 2724 2791
CONN 2724 2656 2723 2725 2792
CONN 2725 2657 2724 2726 2793
CONN 2726 2658 2725 2727 2794
CONN 2727 2659 2726 2728 2795
CONN 2728 2660 2727 2729 2796
CONN 2729 2661 2728 2730 2797
CONN 2730 2662 2729 2731 2798
CONN 2731 2663 2730 2732 2799
CONN 2732 2664 2731 2733 2800
CONN 2733 2665 2732 2734 2801
CONN 2734 2666 2733 2735 2802
CONN 2735 2667 2734 2736 2803
CONN 2736 2668 2735 2737 2804
CONN 2737 2669 2736 2738 2805
CONN 2738 2670 2737 2739 2806
CONN 2739 2671 2738 2740 2807
CONN 2740 2672 2739 2741 2808
CONN 2741 2673 2740 2742 2809
CONN 2742 2674 2741 2743 2810
CONN 2743 2675 2742 2744 2811
CONN 2744 2676 2743 2745 2812
CONN 2745 2677 2744 2746 2813
CONN 2746 2678 2745 2747 2814
CONN 2747 2679 2746 2748 2815
CONN 2748 2680 2747 2749 2816
CONN 2749 2681 2748 2750 2817
CONN 2750 2682 2749 2751 2818
CONN 2751 2683 2750 2752 2819
CONN 2752 2684 2751 2753 2820
CONN 2753 2685 2752 2754 2821
CONN 2754 2686 2753 2755 2822
CONN 2755 2687 2754 2756 2823
CONN 2756 2688 2755 2757 2824
CONN 2757 2689 2756 2758 2825
CONN 2758 2690 2757 2759 2826
CONN 2759 2691 2758 2760 2827
CONN 2760 2692 2759 2761 2828
CONN 2761 2693 2760 2762 2829
CONN 2762 2694 2761 2763 2830
CONN 2763 2695 2762 2764 2831
CONN 2764 2696 2763 2765 2832
CONN 2765 2697 2764 2766 2833
CONN 2766 2698 2765 2767 2834
CONN 2767 2699 2766 2768 2835
CONN 2768 2700 2767 2769 2836
CONN 2769 2701 2768 2770 2837
CONN 2770 2702 2769 2771 2838
CONN 2771 2703 2770 2772 2839
CONN 2772 2704 2771 2773 2840
CONN 2773 2705 2772 2841
CONN 2774 2706 2775 2842
CONN 2775 2707 2774 2776 2843
CONN 2776 2708 2775 2777 2844
CONN 2777 2709 2776 2778 2845
CONN 2778 2710 2777 2779 2846
CONN 2779 2711 2778 2847
CONN 2780 2712 2781 2848
CONN 2781 2713 2780 2782 2849
CONN 2782 2714 2781 2783 2850
CONN 2783 2715 2782 2784 2851
CONN 2784 2716 2783 2785 2852
CONN 2785 2717 2784 2786 2853
CONN 2786 2718 2785 2787 2854
CONN 2787 2719 2786 2788 2855
CONN 2788 2720 2787 2789 2856
CONN 2789 2721 2788 2790 2857
CONN 2790 2722 2789 2791 2858
CONN 2791 2723 2790 2792 2859
CONN 2792 2724 2791 2793 2860
CONN 2793 2725 2792 2794 2861
CONN 2794 2726 2793 2795 2862
CONN 2795 2727 2794 2796 2863
CONN 2796 2728 2795 2797 2864
CONN 2797 2729 2796 2798 2865
CONN 2798 2730 2797 2799 2866
CONN 2799 2731 2798 2800 2867
CONN 2800 2732 2799 2801 2868
CONN 2801 2733 2800 2802 2869
CONN 2802 2734 2801 2803 2870
CONN 2803 2735 2802 2804 2871
CONN 2804 2736 2803 2805 2872
CONN 2805 2737 2804 2806 2873
CONN 2806 2738 2805 2807 2874
CONN 2807 2739 2806 2808 2875
CONN 2808 2740 2807 2809 2876
CONN 2809 2741 2808 2810 2877
CONN 2810 2742 2809 2811 2878
CONN 2811 2743 2810 2812 2879
CONN 2812 2744 2811 2813 2880
CONN 2813 2745 2812 2814 2881
CONN 2814 2746 2813 2815 2882
CONN 2815 2747 2814 2816 2883
CONN 2816 2748 2815 2817 2884
CONN 2817 2749 2816 2818 2885
CONN 2818 2750 2817 2819 2886
CONN 2819 2751 2818 2820 2887
CONN 2820 2752 2819 2821 2888
CONN 2821 2753 2820 2822 2889
CONN 2822 2754 2821 2823 2890
CONN 2823 2755 2822 2824 2891
CONN 2824 2756 2823 2825 2892
CONN 2825 2757 2824 2826 2893
CONN 2826 2758 2825 2827 2894
CONN 2827 2759 2826 2828 2895
CONN 2828 2760 2827 2829 2896
CONN 2829 2761 2828 2830 2897
CONN 2830 2762 2829 2831 2898
CONN 2831 2763 2830 2832 2899
CONN 2832 2764 2831 2833 2900
CONN 2833 2765 2832 2834 2901
CONN 2834 2766 2833 2835 2902
CONN 2835 2767 2834 2836 2903
CONN 2836 2768 2835 2837 2904
CONN 2837 2769 2836 2838 2905
CONN 2838 2770 2837 2839 2906
CONN 2839 2771 2838 2840 2907
CONN 2840 2772 2839 2841 2908
CONN 2841 2773 2840 2909
CONN 2842 2774 2843 2910
CONN 2843 2775 2842 2844 2911
CONN 2844 2776 2843 2845 2912
CONN 2845 2777 2844 2846 2913
CONN 2846 2778 2845 2847 2914
CONN 2847 2779 2846 2915
CONN 2848 2780 2849 2916
CONN 2849 2781 2848 2850 2917
CONN 2850 2782 2849 2851 2918
CONN 2851 2783 2850 2852 2919
CONN 2852 2784 2851 2853 2920
CONN 2853 2785 2852 2854 2921
CONN 2854 2786 2853 2855 2922
CONN 2855 2787 2854 2856 2923
CONN 2856 2788 2855 2857 2924
CONN 2857 2789 2856 2858 2925
CONN 2858 2790 2857 2859 2926
CONN 2859 2791 2858 2860 2927
CONN 2860 2792 2859 2861 2928
CONN 2861 2793 2860 2862 2929
CONN 2862 2794 2861 2863 2930
CONN 2863 2795 2862 2864 2931
CONN 2864 2796 2863 2865 2932
CONN 2865 2797 2864 2866 2933
CONN 2866 2798 2865 2867 2934
CONN 2867 2799 2866 2868 2935
CONN 2868 2800 2867 2869 2936
CONN 2869 2801 2868 2870 2937
CONN 2870 2802 2869 2871 2938
CONN 2871 2803 2870 2872 2939
CONN 2872 2804 2871 2873 2940
CONN 2873 2805 2872 2874 2941
CONN 2874 2806 2873 2875 2942
CONN 2875 2807 2874 2876 2943
CONN 2876 2808 2875 2877 2944
CONN 2877 2809 2876 2878 2945
CONN 2878 2810 2877 2879 2946
CONN 2879 2811 2878 2880 2947
CONN 2880 2812 2879 2881 2948
CONN 2881 2813 2880 2882 2949
CONN 2882 2814 2881 2883 2950
CONN 2883 2815 2882 2884 2951
CONN 2884 2816 2883 2885 2952
CONN 2885 2817 2884 2886 2953
CONN 2886 2818 2885 2887 2954
CONN 2887 2819 2886 2888 2955
CONN 2888 2820 2887 2889 2956
CONN 2889 2821 2888 2890 2957
CONN 2890 2822 2889 2891 2958
CONN 2891 2823 2890 2892 2959
CONN 2892 2824 2891 2893 2960
CONN 2893 2825 2892 2894 2961
CONN 2894 2826 2893 2895 2962
CONN 2895 2827 2894 2896 2963
CONN 2896 2828 2895 2897 2964
CONN 2897 2829 2896 2898 2965
CONN 2898 2830 2897 2899 2966
CONN 2899 2831 2898 2900 2967
CONN 2900 2832 2899 2901 2968
CONN 2901 2833 2900 2902 2969
CONN 2902 2834 2901 2903 2970
CONN 2903 2835 2902 2904 2971
CONN 2904 2836 2903 2905 2972
CONN 2905 2837 2904 2906 2973
CONN 2906 2838 2905 2907 2974
CONN 2907 2839 2906 2908 2975
CONN 2908 2840 2907 2909 2976
CONN 2909 2841 2908 2977
CONN 2910 2842 2911 2978
CONN 2911 2843 2910 2912 2979
CONN 2912 2844 2911 2913 2980
CONN 2913 2845 2912 2914 2981
CONN 2914 2846 2913 2915 2982
CONN 2915 2847 2914 2983
CONN 2916 2848 2917 2984
CONN 2917 2849 2916 2918 2985
CONN 2918 2850 2917 2919 2986
CONN 2919 2851 2918 2920 2987
CONN 2920 2852 2919 2921 2988
CONN 2921 2853 2920 2922 2989
CONN 2922 2854 2921 2923 2990
CONN 2923 2855 2922 2924 2991
CONN 2924 2856 2923 2925 2992
CONN 2925 2857 2924 2926 2993
CONN 2926 2858 2925 2927 2994
CONN 2927 2859 2926 2928 2995
CONN 2928 2860 2927 2929 2996
CONN 2929 2861 2928 2930 2997
CONN 2930 2862 2929 2931 2998
CONN 2931 2863 2930 2932 2999
CONN 2932 2864 2931 2933 3000
CONN 2933 2865 2932 2934 3001
CONN 2934 2866 2933 2935 3002
CONN 2935 2867 2934 2936 3003
CONN 2936 2868 2935 2937 3004
CONN 2937 2869 2936 2938 3005
CONN 2938 2870 2937 2939 3006
CONN 2939 2871 2938 2940 3007
CONN 2940 2872 2939 2941 3008
CONN 2941 2873 2940 2942 3009
CONN 2942 2874 2941 2943 3010
CONN 2943 2875 2942 2944 3011
CONN 2944 2876 2943 2945 3012
CONN 2945 2877 2944 2946 3013
CONN 2946 2878 2945 2947 3014
CONN 2947 2879 2946 2948 3015
CONN 2948 2880 2947 2949 3016
CONN 2949 2881 2948 2950 3017
CONN 2950 2882 2949 2951 3018
CONN 2951 2883 2950 2952 3019
CONN 2952 2884 2951 2953 3020
CONN 2953 2885 2952 2954 3021
CONN 2954 2886 2953 2955 3022
CONN 2955 2887 2954 2956 3023
CONN 2956 2888 2955 2957 3024
CONN 2957 2889 2956 2958 3025
CONN 2958 2890 2957 2959 3026
CONN 2959 2891 2958 2960 3027
CONN 2960 2892 2959 2961 3028
CONN 2961 2893 2960 2962 3029
CONN 2962 2894 2961 2963 3030
CONN 2963 2895 2962 2964 3031
CONN 2964 2896 2963 2965 3032
CONN 2965 2897 2964 2966 3033
CONN 2966 2898 2965 2967 3034
CONN 2967 2899 2966 2968 3035
CONN 2968 2900 2967 2969 3036
CONN 2969 2901 2968 2970 3037
CONN 2970 2902 2969 2971 3038
CONN 2971 2903 2970 2972 3039
CONN 2972 2904 2971 2973 3040
CONN 2973 2905 2972 2974 3041
CONN 2974 2906 2973 2975 3042
CONN 2975 2907 2974 2976 3043
CONN 2976 2908 2975 2977 3044
CONN 2977 2909 2976 3045
CONN 2978 2910 2979 3046
CONN 2979 2911 2978 2980 3047
CONN 2980 2912 2979 2981 3048
CONN 2981 2913 2980 2982 3049
CONN 2982 2914 2981 2983 3050
CONN 2983 2915 2982 3051
CONN 2984 2916 2985 3052
CONN 2985 2917 2984 2986 3053
CONN 2986 2918 2985 2987 3054
CONN 2987 2919 2986 2988 3055
CONN 2988 2920 2987 2989 3056
CONN 2989 2921 2988 2990 3057
CONN 2990 2922 2989 2991 3058
CONN 2991 2923 2990 2992 3059
CONN 2992 2924 2991 2993 3060
CONN 2993 2925 2992 2994 3061
CONN 2994 2926 2993 2995 3062
CONN 2995 2927 2994 2996 3063
CONN 2996 2928 2995 2997 3064
CONN 2997 2929 2996 2998 3065
CONN 2998 2930 2997 2999 3066
CONN 2999 2931 2998 3000 3067
CONN 3000 2932 2999 3001 3068
CONN 3001 2933 3000 3002 3069
CONN 3002 2934 3001 3003 3070
CONN 3003 2935 3002 3004 3071
CONN 3004 2936 3003 3005 3072
CONN 3005 2937 3004 3006 3073
CONN 3006 2938 3005 3007 3074
CONN 3007 2939 3006 3008 3075
CONN 3008 2940 3007 3009 3076
CONN 3009 2941 3008 3010 3077
CONN 3010 2942 3009 3011 3078
CONN 3011 2943 3010 3012 3079
CONN 3012 2944 3011 3013 3080
CONN 3013 2945 3012 3014 3081
CONN 3014 2946 3013 3015 3082
CONN 3015 2947 3014 3016 3083
CONN 3016 2948 3015 3017 3084
CONN 3017 2949 3016 3018 3085
CONN 3018 2950 3017 3019 3086
CONN 3019 2951 3018 3020 3087
CONN 3020 2952 3019 3021 3088
CONN 3021 2953 3020 3022 3089
CONN 3022 2954 3021 3023 3090
CONN 3023 2955 3022 3024 3091
CONN 3024 2956 3023 3025 3092
CONN 3025 2957 3024 3026 3093
CONN 3026 2958 3025 3027 3094
CONN 3027 2959 3026 3028 3095
CONN 3028 2960 3027 3029 3096
CONN 3029 2961 3028 3030 3097
CONN 3030 2962 3029 3031 3098
CONN 3031 2963 3030 3032 3099
CONN 3032 2964 3031 3033 3100
CONN 3033 2965 3032 3034 3101
CONN 3034 2966 3033 3035 3102
CONN 3035 2967 3034 3036 3103
CONN 3036 2968 3035 3037 3104
CONN 3037 2969 3036 3038 3105
CONN 3038 2970 3037 3039 3106
CONN 3039 2971 3038 3040 3107
CONN 3040 2972 3039 3041 3108
CONN 3041 2973 3040 3042 3109
CONN 3042 2974 3041 3043 3110
CONN 3043 2975 3042 3044 3111
CONN 3044 2976 3043 3045 3112
CONN 3045 2977 3044 3113
CONN 3046 2978 3047 3114
CONN 3047 2979 3046 3048 3115
CONN 3048 2980 3047 3049 3116
CONN 3049 2981 3048 3050 3117
CONN 3050 2982 3049 3051 3118
CONN 3051 2983 3050 3119
CONN 3052 2984 3053 3120
CONN 3053 2985 3052 3054 3121
CONN 3054 2986 3053 3055 3122
CONN 3055 2987 3054 3056 3123
CONN 3056 2988 3055 3057 3124
CONN 3057 2989 3056 3058 3125
CONN 3058 2990 3057 3059 3126
CONN 3059 2991 3058 3060 3127
CONN 3060 2992 3059 3061 3128
CONN 3061 2993 3060 3062 3129
CONN 3062 2994 3061 3063 3130
CONN 3063 2995 3062 3064 3131
CONN 3064 2996 3063 3065 3132
CONN 3065 2997 3064 3066 3133
CONN 3066 2998 3065 3067 3134
CONN 3067 2999 3066 3068 3135
CONN 3068 3000 3067 3069 3136
CONN 3069 3001 3068 3070 3137
CONN 3070 3002 3069 3071 3138
CONN 3071 3003 3070 3072 3139
CONN 3072 3004 3071 3073 3140
CONN 3073 3005 3072 3074 3141
CONN 3074 3006 3073 3075 3142
CONN 3075 3007 3074 3076 3143
CONN 3076 3008 3075 3077 3144
CONN 3077 3009 3076 3078 3145
CONN 3078 3010 3077 3079 3146
CONN 3079 3011 3078 3080 3147
CONN 3080 3012 3079 3081 3148
CONN 3081 3013 3080 3082 3149
CONN 3082 3014 3081 3083 3150
CONN 3083 3015 3082 3084 3151
CONN 3084 3016 3083 3085 3152
CONN 3085 3017 3084 3086 3153
CONN 3086 3018 3085 3087 3154
CONN 3087 3019 3086 3088 3155
CONN 3088 3020 3087 3089 3156
CONN 3089 3021 3088 3090 3157
CONN 3090 3022 3089 3091 3158
CONN 3091 3023 3090 3092 3159
CONN 3092 3024 3091 3093 3160
CONN 3093 3025 3092 3094 3161
CONN 3094 3026 3093 3095 3162
CONN 3095 3027 3094 3096 3163
CONN 3096 3028 3095 3097 3164
CONN 3097 3029 3096 3098 3165
CONN 3098 3030 3097 3099 3166
CONN 3099 3031 3098 3100 3167
CONN 3100 3032 3099 3101 3168
CONN 3101 3033 3100 3102 3169
CONN 3102 3034 3101 3103 3170
CONN 3103 3035 3102 3104 3171
CONN 3104 3036 3103 3105 3172
CONN 3105 3037 3104 3106 3173
CONN 3106 3038 3105 3107 3174
CONN 3107 3039 3106 3108 3175
CONN 3108 3040 3107 3109 3176
CONN 3109 3041 3108 3110 3177
CONN 3110 3042 3109 3111 3178
CONN 3111 3043 3110 3112 3179
CONN 3112 3044 3111 3113 3180
CONN 3113 3045 3112 3181
CONN 3114 3046 3115 3182
CONN 3115 3047 3114 3116 3183
CONN 3116 3048 3115 3117 3184
CONN 3117 3049 3116 3118 3185
CONN 3118 3050 3117 3119 3186
CONN 3119 3051 3118 3187
CONN 3120 3052 3121 3188
CONN 3121 3053 3120 3122 3189
CONN 3122 3054 3121 3123 3190
CONN 3123 3055 3122 3124 3191
CONN 3124 3056 3123 3125 3192
CONN 3125 3057 3124 3126 3193
CONN 3126 3058 3125 3127 3194
CONN 3127 3059 3126 3128 3195
CONN 3128 3060 3127 3129 3196
CONN 3129 3061 3128 3130 3197
CONN 3130 3062 3129 3131 3198
CONN 3131 3063 3130 3132 3199
CONN 3132 3064 3131 3133 3200
CONN 3133 3065 3132 3134 3201
CONN 3134 3066 3133 3135 3202
CONN 3135 3067 3134 3136 3203
CONN 3136 3068 3135 3137 3204
CONN 3137 3069 3136 3138 3205
CONN 3138 3070 3137 3139 3206
CONN 3139 3071 3138 3140 3207
CONN 3140 3072 3139 3141 3208
CONN 3141 3073 3140 3142 3209
CONN 3142 3074 3141 3143 3210
CONN 3143 3075 3142 3144 3211
CONN 3144 3076 3143 3145 3212
CONN 3145 3077 3144 3146 3213
CONN 3146 3078 3145 3147 3214
CONN 3147 3079 3146 3148 3215
CONN 3148 3080 3147 3149 3216
CONN 3149 3081 3148 3150 3217
CONN 3150 3082 3149 3151 3218
CONN 3151 3083 3150 3152 3219
CONN 3152 3084 3151 3153 3220
CONN 3153 3085 3152 3154 3221
CONN 3154 3086 3153 3155 3222
CONN 3155 3087 3154 3156 3223
CONN 3156 3088 3155 3157 3224
CONN 3157 3089 3156 3158 3225
CONN 3158 3090 3157 3159 3226
CONN 3159 3091 3158 3160 3227
CONN 3160 3092 3159 3161 3228
CONN 3161 3093 3160 3162 3229
CONN 3162 3094 3161 3163 3230
CONN 3163 3095 3162 3164 3231
CONN 3164 3096 3163 3165 3232
CONN 3165 3097 3164 3166 3233
CONN 3166 3098 3165 3167 3234
CONN 3167 3099 3166 3168 3235
CONN 3168 3100 3167 3169 3236
CONN 3169 3101 3168 3170 3237
CONN 3170 3102 3169 3171 3238
CONN 3171 3103 3170 3172 3239
CONN 3172 3104 3171 3173 3240
CONN 3173 3105 3172 3174 3241
CONN 3174 3106 3173 3175 3242
CONN 3175 3107 3174 3176 3243
CONN 3176 3108 3175 3177 3244
CONN 3177 3109 3176 3178 3245
CONN 3178 3110 3177 3179 3246
CONN 3179 3111 3178 3180 3247
CONN 3180 3112 3179 3181 3248
CONN 3181 3113 3180 3249
CONN 3182 3114 3183 3250
CONN 3183 3115 3182 3184 3251
CONN 3184 3116 3183 3185 3252
CONN 3185 3117 3184 3186 3253
CONN 3186 3118 3185 3187 3254
CONN 3187 3119 3186 3255
CONN 3188 3120 3189 3256
CONN 3189 3121 3188 3190 3257
CONN 3190 3122 3189 3191 3258
CONN 3191 3123 3190 3192 3259
CONN 3192 3124 3191 3193 3260
CONN 3193 3125 3192 3194 3261
CONN 3194 3126 3193 3195 3262
CONN 3195 3127 3194 3196 3263
CONN 3196 3128 3195 3197 3264
CONN 3197 3129 3196 3198 3265
CONN 3198 3130 3197 3199 3266
CONN 3199 3131 3198 3200 3267
CONN 3200 3132 3199 3201 3268
CONN 3201 3133 3200 3202 3269
CONN 3202 3134 3201 3203 3270
CONN 3203 3135 3202 3204 3271
CONN 3204 3136 3203 3205 3272
CONN 3205 3137 3204 3206 3273
CONN 3206 3138 3205 3207 3274
CONN 3207 3139 3206 3208 3275
CONN 3208 3140 3207 3209 3276
CONN 3209 3141 3208 3210 3277
CONN 3210 3142 3209 3211 3278
CONN 3211 3143 3210 3212 3279
CONN 3212 3144 3211 3213 3280
CONN 3213 3145 3212 3214 3281
CONN 3214 3146 3213 3215 3282
CONN 3215 3147 3214 3216 3283
CONN 3216 3148 3215 3217 3284
CONN 3217 3149 3216 3218 3285
CONN 3218 3150 3217 3219 3286
CONN 3219 3151 3218 3220 3287
CONN 3220 3152 3219 3221 3288
CONN 3221 3153 3220 3222 3289
CONN 3222 3154 3221 3223 3290
CONN 3223 3155 3222 3224 3291
CONN 3224 3156 3223 3225 3292
CONN 3225 3157 3224 3226 3293
CONN 3226 3158 3225 3227 3294
CONN 3227 3159 3226 3228 3295
CONN 3228 3160 3227 3229 3296
CONN 3229 3161 3228 3230 3297
CONN 3230 3162 3229 3231 3298
CONN 3231 3163 3230 3232 3299
CONN 3232 3164 3231 3233 3300
CONN 3233 3165 3232 3234 3301
CONN 3234 3166 3233 3235 3302
CONN 3235 3167 3234 3236 3303
CONN 3236 3168 3235 3237 3304
CONN 3237 3169 3236 3238 3305
CONN 3238 3170 3237 3239 3306
CONN 3239 3171 3238 3240 3307
CONN 3240 3172 3239 3241 3308
CONN 3241 3173 3240 3242 3309
CONN 3242 3174 3241 3243 3310
CONN 3243 3175 3242 3244 3311
CONN 3244 3176 3243 3245 3312
CONN 3245 3177 3244 3246 3313
CONN 3246 3178 3245 3247 3314
CONN 3247 3179 3246 3248 3315
CONN 3248 3180 3247 3249 3316
CONN 3249 3181 3248 3317
CONN 3250 3182 3251 3318
CONN 3251 3183 3250 3252 3319
CONN 3252 3184 3251 3253 3320
CONN 3253 3185 3252 3254 3321
CONN 3254 3186 3253 3255 3322
CONN 3255 3187 3254 3323
CONN 3256 3188 3257 3324
CONN 3257 3189 3256 3258 3325
CONN 3258 3190 3257 3259 3326
CONN 3259 3191 3258 3260 3327
CONN 3260 3192 3259 3261 3328
CONN 3261 3193 3260 3262 3329
CONN 3262 3194 3261 3263 3330
CONN 3263 3195 3262 3264 3331
CONN 3264 3196 3263 3265 3332
CONN 3265 3197 3264 3266 3333
CONN 3266 3198 3265 3267 3334
CONN 3267 3199 3266 3268 3335
CONN 3268 3200 3267 3269 3336
CONN 3269 3201 3268 3270 3337
CONN 3270 3202 3269 3271 3338
CONN 3271 3203 3270 3272 3339
CONN 3272 3204 3271 3273 3340
CONN 3273 3205 3272 3274 3341
CONN 3274 3206 3273 3275 3342
CONN 3275 3207 3274 3276 3343
CONN 3276 3208 3275 3277 3344
CONN 3277 3209 3276 3278 3345
CONN 3278 3210 3277 3279 3346
CONN 3279 3211 3278 3280 3347
CONN 3280 3212 3279 3281 3348
CONN 3281 3213 3280 3282 3349
CONN 3282 3214 3281 3283 3350
CONN 3283 3215 3282 3284 3351
CONN 3284 3216 3283 3285 3352
CONN 3285 3217 3284 3286 3353
CONN 3286 3218 3285 3287 3354
CONN 3287 3219 3286 3288 3355
CONN 3288 3220 3287 3289 3356
CONN 3289 3221 3288 3290 3357
CONN 3290 3222 3289 3291 3358
CONN 3291 3223 3290 3292 3359
CONN 3292 3224 3291 3293 3360
CONN 3293 3225 3292 3294 3361
CONN 3294 3226 3293 3295 3362
CONN 3295 3227 3294 3296 3363
CONN 3296 3228 3295 3297 3364
CONN 3297 3229 3296 3298 3365
CONN 3298 3230 3297 3299 3366
CONN 3299 3231 3298 3300 3367
CONN 3300 3232 3299 3301 3368
CONN 3301 3233 3300 3302 3369
CONN 3302 3234 3301 3303 3370
CONN 3303 3235 3302 3304 3371
CONN 3304 3236 3303 3305 3372
CONN 3305 3237 3304 3306 3373
CONN 3306 3238 3305 3307 3374
CONN 3307 3239 3306 3308 3375
CONN 3308 3240 3307 3309 3376
CONN 3309 3241 3308 3310 3377
CONN 3310 3242 3309 3311 3378
CONN 3311 3243 3310 3312 3379
CONN 3312 3244 3311 3313 3380
CONN 3313 3245 3312 3314 3381
CONN 3314 3246 3313 3315 3382
CONN 3315 3247 3314 3316 3383
CONN 3316 3248 3315 3317 3384
CONN 3317 3249 3316 3385
CONN 3318 3250 3319 3386
CONN 3319 3251 3318 3320 3387
CONN 3320 3252 3319 3321 3388
CONN 3321 3253 3320 3322 3389
CONN 3322 3254 3321 3323 3390
CONN 3323 3255 3322 3391
CONN 3324 3256 3325 3392
CONN 3325 3257 3324 3326 3393
CONN 3326 3258 3325 3327 3394
CONN 3327 3259 3326 3328 3395
CONN 3328 3260 3327 3329 3396
CONN 3329 3261 3328 3330 3397
CONN 3330 3262 3329 3331 3398
CONN 3331 3263 3330 3332 3399
CONN 3332 3264 3331 3333 3400
CONN 3333 3265 3332 3334 3401
CONN 3334 3266 3333 3335 3402
CONN 3335 3267 3334 3336 3403
CONN 3336 3268 3335 3337 3404
CONN 3337 3269 3336 3338 3405
CONN 3338 3270 3337 3339 3406
CONN 3339 3271 3338 3340 3407
CONN 3340 3272 3339 3341 3408
CONN 3341 3273 3340 3342 3409
CONN 3342 3274 3341 3343 3410
CONN 3343 3275 3342 3344 3411
CONN 3344 3276 3343 3345 3412
CONN 3345 3277 3344 3346 3413
CONN 3346 3278 3345 3347 3414
CONN 3347 3279 3346 3348 3415
CONN 3348 3280 3347 3349 3416
CONN 3349 3281 3348 3350 3417
CONN 3350 3282 3349 3351 3418
CONN 3351 3283 3350 3352 3419
CONN 3352 3284 3351 3353 3420
CONN 3353 3285 3352 3354 3421
CONN 3354 3286 3353 3355 3422
CONN 3355 3287 3354 3356 3423
CONN 3356 3288 3355 3357 3424
CONN 3357 3289 3356 3358 3425
CONN 3358 3290 3357 3359 3426
CONN 3359 3291 3358 3360 3427
CONN 3360 3292 3359 3361 3428
CONN 3361 3293 3360 3362 3429
CONN 3362 3294 3361 3363 3430
CONN 3363 3295 3362 3364 3431
CONN 3364 3296 3363 3365 3432
CONN 3365 3297 3364 3366 3433
CONN 3366 3298 3365 3367 3434
CONN 3367 3299 3366 3368 3435
CONN 3368 3300 3367 3369 3436
CONN 3369 3301 3368 3370 3437
CONN 3370 3302 3369 3371 3438
CONN 3371 3303 3370 3372 3439
CONN 3372 3304 3371 3373 3440
CONN 3373 3305 3372 3374 3441
CONN 3374 3306 3373 3375 3442
CONN 3375 3307 3374 3376 3443
CONN 3376 3308 3375 3377 3444
CONN 3377 3309 3376 3378 3445
CONN 3378 3310 3377 3379 3446
CONN 3379 3311 3378 3380 3447
CONN 3380 3312 3379 3381 3448
CONN 3381 3313 3380 3382 3449
CONN 3382 3314 3381 3383 3450
CONN 3383 3315 3382 3384 3451
CONN 3384 3316 3383 3385 3452
CONN 3385 3317 3384 3453
CONN 3386 3318 3387 3454
CONN 3387 3319 3386 3388 3455
CONN 3388 3320 3387 3389 3456
CONN 3389 3321 3388 3390 3457
CONN 3390 3322 3389 3391 3458
CONN 3391 3323 3390 3459
CONN 3392 3324 3393 3460
CONN 3393 3325 3392 3394 3461
CONN 3394 3326 3393 3395 3462
CONN 3395 3327 3394 3396 3463
CONN 3396 3328 3395 3397 3464
CONN 3397 3329 3396 3398 3465
CONN 3398 3330 3397 3399 3466
CONN 3399 3331 3398 3400 3467
CONN 3400 3332 3399 3401 3468
CONN 3401 3333 3400 3402 3469
CONN 3402 3334 3401 3403 3470
CONN 3403 3335 3402 3404 3471
CONN 3404 3336 3403 3405 3472
CONN 3405 3337 3404 3406 3473
CONN 3406 3338 3405 3407 3474
CONN 3407 3339 3406 3408 3475
CONN 3408 3340 3407 3409 3476
CONN 3409 3341 3408 3410 3477
CONN 3410 3342 3409 3411 3478
CONN 3411 3343 3410 3412 3479
CONN 3412 3344 3411 3413 3480
CONN 3413 3345 3412 3414 3481
CONN 3414 3346 3413 3415 3482
CONN 3415 3347 3414 3416 3483
CONN 3416 3348 3415 3417 3484
CONN 3417 3349 3416 3418 3485
CONN 3418 3350 3417 3419 3486
CONN 3419 3351 3418 3420 3487
CONN 3420 3352 3419 3421 3488
CONN 3421 3353 3420 3422 3489
CONN 3422 3354 3421 3423 3490
CONN 3423 3355 3422 3424 3491
CONN 3424 3356 3423 3425 3492
CONN 3425 3357 3424 3426 3493
CONN 3426 3358 3425 3427 3494
CONN 3427 3359 3426 3428 3495
CONN 3428 3360 3427 3429 3496
CONN 3429 3361 3428 3430 3497
CONN 3430 3362 3429 3431 3498
CONN 3431 3363 3430 3432 3499
CONN 3432 3364 3431 3433 3500
CONN 3433 3365 3432 3434 3501
CONN 3434 3366 3433 3435 3502
CONN 3435 3367 3434 3436 3503
CONN 3436 3368 3435 3437 3504
CONN 3437 3369 3436 3438 3505
CONN 3438 3370 3437 3439 3506
CONN 3439 3371 3438 3440 3507
CONN 3440 3372 3439 3441 3508
CONN 3441 3373 3440 3442 3509
CONN 3442 3374 3441 3443 3510
CONN 3443 3375 3442 3444 3511
CONN 3444 3376 3443 3445 3512
CONN 3445 3377 3444 3446 3513
CONN 3446 3378 3445 3447 3514
CONN 3447 3379 3446 3448 3515
CONN 3448 3380 3447 3449 3516
CONN 3449 3381 3448 3450 3517
CONN 3450 3382 3449 3451 3518
CONN 3451 3383 3450 3452 3519
CONN 3452 3384 3451 3453 3520
CONN 3453 3385 3452 3521
CONN 3454 3386 3455 3522
CONN 3455 3387 3454 3456 3523
CONN 3456 3388 3455 3457 3524
CONN 3457 3389 3456 3458 3525
CONN 3458 3390 3457 3459 3526
CONN 3459 3391 3458 3527
CONN 3460 3392 3461 3528
CONN 3461 3393 3460 3462 3529
CONN 3462 3394 3461 3463 3530
CONN 3463 3395 3462 3464 3531
CONN 3464 3396 3463 3465 3532
CONN 3465 3397 3464 3466 3533
CONN 3466 3398 3465 3467 3534
CONN 3467 3399 3466 3468 3535
CONN 3468 3400 3467 3469 3536
CONN 3469 3401 3468 3470 3537
CONN 3470 3402 3469 3471 3538
CONN 3471 3403 3470 3472 3539
CONN 3472 3404 3471 3473 3540
CONN 3473 3405 3472 3474 3541
CONN 3474 3406 3473 3475 3542
CONN 3475 3407 3474 3476 3543
CONN 3476 3408 3475 3477 3544
CONN 3477 3409 3476 3478 3545
CONN 3478 3410 3477 3479 3546
CONN 3479 3411 3478 3480 3547
CONN 3480 3412 3479 3481 3548
CONN 3481 3413 3480 3482 3549
CONN 3482 3414 3481 3483 3550
CONN 3483 3415 3482 3484 3551
CONN 3484 3416 3483 3485 3552
CONN 3485 3417 3484 3486 3553
CONN 3486 3418 3485 3487 3554
CONN 3487 3419 3486 3488 3555
CONN 3488 3420 3487 3489 3556
CONN 3489 3421 3488 3490 3557
CONN 3490 3422 3489 3491 3558
CONN 3491 3423 3490 3492 3559
CONN 3492 3424 3491 3493 3560
CONN 3493 3425 3492 3494 3561
CONN 3494 3426 3493 3495 3562
CONN 3495 3427 3494 3496 3563
CONN 3496 3428 3495 3497 3564
CONN 3497 3429 3496 3498 3565
CONN 3498 3430 3497 3499 3566
CONN 3499 3431 3498 3500 3567
CONN 3500 3432 3499 3501 3568
CONN 3501 3433 3500 3502 3569
CONN 3502 3434 3501 3503 3570
CONN 3503 3435 3502 3504 3571
CONN 3504 3436 3503 3505 3572
CONN 3505 3437 3504 3506 3573
CONN 3506 3438 3505 3507 3574
CONN 3507 3439 3506 3508 3575
CONN 3508 3440 3507 3509 3576
CONN 3509 3441 3508 3510 3577
CONN 3510 3442 3509 3511 3578
CONN 3511 3443 3510 3512 3579
CONN 3512 3444 3511 3513 3580
CONN 3513 3445 3512 3514 3581
CONN 3514 3446 3513 3515 3582
CONN 3515 3447 3514 3516 3583
CONN 3516 3448 3515 3517 3584
CONN 3517 3449 3516 3518 3585
CONN 3518 3450 3517 3519 3586
CONN 3519 3451 3518 3520 3587
CONN 3520 3452 3519 3521 3588
CONN 3521 3453 3520 3589
CONN 3522 3454 3523 3590
CONN 3523 3455 3522 3524 3591
CONN 3524 3456 3523 3525 3592
CONN 3525 3457 3524 3526 3593
CONN 3526 3458 3525 3527 3594
CONN 3527 3459 3526 3595
CONN 3528 3460 3529 3596
CONN 3529 3461 3528 3530 3597
CONN 3530 3462 3529 3531 3598
CONN 3531 3463 3530 3532 3599
CONN 3532 3464 3531 3533 3600
CONN 3533 3465 3532 3534 3601
CONN 3534 3466 3533 3535 3602
CONN 3535 3467 3534 3536 3603
CONN 3536 3468 3535 3537 3604
CONN 3537 3469 3536 3538 3605
CONN 3538 3470 3537 3539 3606
CONN 3539 3471 3538 3540 3607
CONN 3540 3472 3539 3541 3608
CONN 3541 3473 3540 3542 3609
CONN 3542 3474 3541 3543 3610
CONN 3543 3475 3542 3544 3611
CONN 3544 3476 3543 3545 3612
CONN 3545 3477 3544 3546 3613
CONN 3546 3478 3545 3547 3614
CONN 3547 3479 3546 3548 3615
CONN 3548 3480 3547 3549 3616
CONN 3549 3481 3548 3550 3617
CONN 3550 3482 3549 3551 3618
CONN 3551 3483 3550 3552 3619
CONN 3552 3484 3551 3553 3620
CONN 3553 3485 3552 3554 3621
CONN 3554 3486 3553 3555 3622
CONN 3555 3487 3554 3556 3623
CONN 3556 3488 3555 3557 3624
CONN 3557 3489 3556 3558 3625
CONN 3558 3490 3557 3559 3626
CONN 3559 3491 3558 3560 3627
CONN 3560 3492 3559 3561 3628
CONN 3561 3493 3560 3562 3629
CONN 3562 3494 3561 3563 3630
CONN 3563 3495 3562 3564 3631
CONN 3564 3496 3563 3565 3632
CONN 3565 3497 3564 3566 3633
CONN 3566 3498 3565 3567 3634
CONN 3567 3499 3566 3568 3635
CONN 3568 3500 3567 3569 3636
CONN 3569 3501 3568 3570 3637
CONN 3570 3502 3569 3571 3638
CONN 3571 3503 3570 3572 3639
CONN 3572 3504 3571 3573 3640
CONN 3573 3505 3572 3574 3641
CONN 3574 3506 3573 3575 3642
CONN 3575 3507 3574 3576 3643
CONN 3576 3508 3575 3577 3644
CONN 3577 3509 3576 3578 3645
CONN 3578 3510 3577 3579 3646
CONN 3579 3511 3578 3580 3647
CONN 3580 3512 3579 3581 3648
CONN 3581 3513 3580 3582 3649
CONN 3582 3514 3581 3583 3650
CONN 3583 3515 3582 3584 3651
CONN 3584 3516 3583 3585 3652
CONN 3585 3517 3584 3586 3653
CONN 3586 3518 3585 3587 3654
CONN 3587 3519 3586 3588 3655
CONN 3588 3520 3587 3589 3656
CONN 3589 3521 3588 3657
CONN 3590 3522 3591 3658
CONN 3591 3523 3590 3592 3659
CONN 3592 3524 3591 3593 3660
CONN 3593 3525 3592 3594 3661
CONN 3594 3526 3593 3595 3662
CONN 3595 3527 3594 3663
CONN 3596 3528 3597 3664
CONN 3597 3529 3596 3598 3665
CONN 3598 3530 3597 3599 3666
CONN 3599 3531 3598 3600 3667
CONN 3600 3532 3599 3601 3668
CONN 3601 3533 3600 3602 3669
CONN 3602 3534 3601 3603 3670
CONN 3603 3535 3602 3604 3671
CONN 3604 3536 3603 3605 3672
CONN 3605 3537 3604 3606 3673
CONN 3606 3538 3605 3607 3674
CONN 3607 3539 3606 3608 3675
CONN 3608 3540 3607 3609 3676
CONN 3609 3541 3608 3610 3677
CONN 3610 3542 3609 3611 3678
CONN 3611 3543 3610 3612 3679
CONN 3612 3544 3611 3613 3680
CONN 3613 3545 3612 3614 3681
CONN 3614 3546 3613 3615 3682
CONN 3615 3547 3614 3616 3683
CONN 3616 3548 3615 3617 3684
CONN 3617 3549 3616 3618 3685
CONN 3618 3550 3617 3619 3686
CONN 3619 3551 3618 3620 3687
CONN 3620 3552 3619 3621 3688
CONN 3621 3553 3620 3622 3689
CONN 3622 3554 3621 3623 3690
CONN 3623 3555 3622 3624 3691
CONN 3624 3556 3623 3625 3692
CONN 3625 3557 3624 3626 3693
CONN 3626 3558 3625 3627 3694
CONN 3627 3559 3626 3628 3695
CONN 3628 3560 3627 3629 3696
CONN 3629 3561 3628 3630 3697
CONN 3630 3562 3629 3631 3698
CONN 3631 3563 3630 3632 3699
CONN 3632 3564 3631 3633 3700
CONN 3633 3565 3632 3634 3701
CONN 3634 3566 3633 3635 3702
CONN 3635 3567 3634 3636 3703
CONN 3636 3568 3635 3637 3704
CONN 3637 3569 3636 3638 3705
CONN 3638 3570 3637 3639 3706
CONN 3639 3571 3638 3640 3707
CONN 3640 3572 3639 3641 3708
CONN 3641 3573 3640 3642 3709
CONN 3642 3574 3641 3643 3710
CONN 3643 3575 3642 3644 3711
CONN 3644 3576 3643 3645 3712
CONN 3645 3577 3644 3646 3713
CONN 3646 3578 3645 3647 3714
CONN 3647 3579 3646 3648 3715
CONN 3648 3580 3647 3649 3716
CONN 3649 3581 3648 3650 3717
CONN 3650 3582 3649 3651 3718
CONN 3651 3583 3650 3652 3719
CONN 3652 3584 3651 3653 3720
CONN 3653 3585 3652 3654 3721
CONN 3654 3586 3653 3655 3722
CONN 3655 3587 3654 3656 3723
CONN 3656 3588 3655 3657 3724
CONN 3657 3589 3656 3725
CONN 3658 3590 3659 3726
CONN 3659 3591 3658 3660 3727
CONN 3660 3592 3659 3661 3728
CONN 3661 3593 3660 3662 3729
CONN 3662 3594 3661 3663 3730
CONN 3663 3595 3662 3731
CONN 3664 3596 3665 3732
CONN 3665 3597 3664 3666 3733
CONN 3666 3598 3665 3667 3734
CONN 3667 3599 3666 3668 3735
CONN 3668 3600 3667 3669 3736
CONN 3669 3601 3668 3670 3737
CONN 3670 3602 3669 3671 3738
CONN 3671 3603 3670 3672 3739
CONN 3672 3604 3671 3673 3740
CONN 3673 3605 3672 3674 3741
CONN 3674 3606 3673 3675 3742
CONN 3675 3607 3674 3676 3743
CONN 3676 3608 3675 3677 3744
CONN 3677 3609 3676 3678 3745
CONN 3678 3610 3677 3679 3746
CONN 3679 3611 3678 3680 3747
CONN 3680 3612 3679 3681 3748
CONN 3681 3613 3680 3682 3749
CONN 3682 3614 3681 3683 3750
CONN 3683 3615 3682 3684 3751
CONN 3684 3616 3683 3685 3752
CONN 3685 3617 3684 3686 3753
CONN 3686 3618 3685 3687 3754
CONN 3687 3619 3686 3688 3755
CONN 3688 3620 3687 3689 3756
CONN 3689 3621 3688 3690 3757
CONN 3690 3622 3689 3691 3758
CONN 3691 3623 3690 3692 3759
CONN 3692 3624 3691 3693 3760
CONN 3693 3625 3692 3694 3761
CONN 3694 3626 3693 3695 3762
CONN 3695 3627 3694 3696 3763
CONN 3696 3628 3695 3697 3764
CONN 3697 3629 3696 3698 3765
CONN 3698 3630 3697 3699 3766
CONN 3699 3631 3698 3700 3767
CONN 3700 3632 3699 3701 3768
CONN 3701 3633 3700 3702 3769
CONN 3702 3634 3701 3703 3770
CONN 3703 3635 3702 3704 3771
CONN 3704 3636 3703 3705 3772
CONN 3705 3637 3704 3706 3773
CONN 3706 3638 3705 3707 3774
CONN 3707 3639 3706 3708 3775
CONN 3708 3640 3707 3709 3776
CONN 3709 3641 3708 3710 3777
CONN 3710 3642 3709 3711 3778
CONN 3711 3643 3710 3712 3779
CONN 3712 3644 3711 3713 3780
CONN 3713 3645 3712 3714 3781
CONN 3714 3646 3713 3715 3782
CONN 3715 3647 3714 3716 3783
CONN 3716 3648 3715 3717 3784
CONN 3717 3649 3716 3718 3785
CONN 3718 3650 3717 3719 3786
CONN 3719 3651 3718 3720 3787
CONN 3720 3652 3719 3721 3788
CONN 3721 3653 3720 3722 3789
CONN 3722 3654 3721 3723 3790
CONN 3723 3655 3722 3724 3791
CONN 3724 3656 3723 3725 3792
CONN 3725 3657 3724 3793
CONN 3726 3658 3727 3794
CONN 3727 3659 3726 3728 3795
CONN 3728 3660 3727 3729 3796
CONN 3729 3661 3728 3730 3797
CONN 3730 3662 3729 3731 3798
CONN 3731 3663 3730 3799
CONN 3732 3664 3733 3800
CONN 3733 3665 3732 3734 3801
CONN 3734 3666 3733 3735 3802
CONN 3735 3667 3734 3736 3803
CONN 3736 3668 3735 3737 3804
CONN 3737 3669 3736 3738 3805
CONN 3738 3670 3737 3739 3806
CONN 3739 3671 3738 3740 3807
CONN 3740 3672 3739 3741 3808
CONN 3741 3673 3740 3742 3809
CONN 3742 3674 3741 3743 3810
CONN 3743 3675 3742 3744 3811
CONN 3744 3676 3743 3745 3812
CONN 3745 3677 3744 3746 3813
CONN 3746 3678 3745 3747 3814
CONN 3747 3679 3746 3748 3815
CONN 3748 3680 3747 3749 3816
CONN 3749 3681 3748 3750 3817
CONN 3750 3682 3749 3751 3818
CONN 3751 3683 3750 3752 3819
CONN 3752 3684 3751 3753 3820
CONN 3753 3685 3752 3754 3821
CONN 3754 3686 3753 3755 3822
CONN 3755 3687 3754 3756 3823
CONN 3756 3688 3755 3757 3824
CONN 3757 3689 3756 3758 3825
CONN 3758 3690 3757 3759 3826
CONN 3759 3691 3758 3760 3827
CONN 3760 3692 3759 3761 3828
CONN 3761 3693 3760 3762 3829
CONN 3762 3694 3761 3763 3830
CONN 3763 3695 3762 3764 3831
CONN 3764 3696 3763 3765 3832
CONN 3765 3697 3764 3766 3833
CONN 3766 3698 3765 3767 3834
CONN 3767 3699 3766 3768 3835
CONN 3768 3700 3767 3769 3836
CONN 3769 3701 3768 3770 3837
CONN 3770 3702 3769 3771 3838
CONN 3771 3703 3770 3772 3839
CONN 3772 3704 3771 3773 3840
CONN 3773 3705 3772 3774 3841
CONN 3774 3706 3773 3775 3842
CONN 3775 3707 3774 3776 3843
CONN 3776 3708 3775 3777 3844
CONN 3777 3709 3776 3778 3845
CONN 3778 3710 3777 3779 3846
CONN 3779 3711 3778 3780 3847
CONN 3780 3712 3779 3781 3848
CONN 3781 3713 3780 3782 3849
CONN 3782 3714 3781 3783 3850
CONN 3783 3715 3782 3784 3851
CONN 3784 3716 3783 3785 3852
CONN 3785 3717 3784 3786 3853
CONN 3786 3718 3785 3787 3854
CONN 3787 3719 3786 3788 3855
CONN 3788 3720 3787 3789 3856
CONN 3789 3721 3788 3790 3857
CONN 3790 3722 3789 3791 3858
CONN 3791 3723 3790 3792 3859
CONN 3792 3724 3791 3793 3860
CONN 3793 3725 3792 3861
CONN 3794 3726 3795 3862
CONN 3795 3727 3794 3796 3863
CONN 3796 3728 3795 3797 3864
CONN 3797 3729 3796 3798 3865
CONN 3798 3730 3797 3799 3866
CONN 3799 3731 3798 3867
CONN 3800 3732 3801 3868
CONN 3801 3733 3800 3802 3869
CONN 3802 3734 3801 3803 3870
CONN 3803 3735 3802 3804 3871
CONN 3804 3736 3803 3805 3872
CONN 3805 3737 3804 3806 3873
CONN 3806 3738 3805 3807 3874
CONN 3807 3739 3806 3808 3875
CONN 3808 3740 3807 3809 3876
CONN 3809 3741 3808 3810 3877
CONN 3810 3742 3809 3811 3878
CONN 3811 3743 3810 3812 3879
CONN 3812 3744 3811 3813 3880
CONN 3813 3745 3812 3814 3881
CONN 3814 3746 3813 3815 3882
CONN 3815 3747 3814 3816 3883
CONN 3816 3748 3815 3817 3884
CONN 3817 3749 3816 3818 3885
CONN 3818 3750 3817 3819 3886
CONN 3819 3751 3818 3820 3887
CONN 3820 3752 3819 3821 3888
CONN 3821 3753 3820 3822 3889
CONN 3822 3754 3821 3823 3890
CONN 3823 3755 3822 3824 3891
CONN 3824 3756 3823 3825 3892
CONN 3825 3757 3824 3826 3893
CONN 3826 3758 3825 3827 3894
CONN 3827 3759 3826 3828 3895
CONN 3828 3760 3827 3829 3896
CONN 3829 3761 3828 3830 3897
CONN 3830 3762 3829 3831 3898
CONN 3831 3763 3830 3832 3899
CONN 3832 3764 3831 3833 3900
CONN 3833 3765 3832 3834 3901
CONN 3834 3766 3833 3835 3902
CONN 3835 3767 3834 3836 3903
CONN 3836 3768 3835 3837 3904
CONN 3837 3769 3836 3838 3905
CONN 3838 3770 3837 3839 3906
CONN 3839 3771 3838 3840 3907
CONN 3840 3772 3839 3841 3908
CONN 3841 3773 3840 3842 3909
CONN 3842 3774 3841 3843 3910
CONN 3843 3775 3842 3844 3911
CONN 3844 3776 3843 3845 3912
CONN 3845 3777 3844 3846 3913
CONN 3846 3778 3845 3847 3914
CONN 3847 3779 3846 3848 3915
CONN 3848 3780 3847 3849 3916
CONN 3849 3781 3848 3850 3917
CONN 3850 3782 3849 3851 3918
CONN 3851 3783 3850 3852 3919
CONN 3852 3784 3851 3853 3920
CONN 3853 3785 3852 3854 3921
CONN 3854 3786 3853 3855 3922
CONN 3855 3787 3854 3856 3923
CONN 3856 3788 3855 3857 3924
CONN 3857 3789 3856 3858 3925
CONN 3858 3790 3857 3859 3926
CONN 3859 3791 3858 3860 3927
CONN 3860 3792 3859 3861 3928
CONN 3861 3793 3860 3929
CONN 3862 3794 3863 3930
CONN 3863 3795 3862 3864 3931
CONN 3864 3796 3863 3865 3932
CONN 3865 3797 3864 3866 3933
CONN 3866 3798 3865 3867 3934
CONN 3867 3799 3866 3935
CONN 3868 3800 3869 3936
CONN 3869 3801 3868 3870 3937
CONN 3870 3802 3869 3871 3938
CONN 3871 3803 3870 3872 3939
CONN 3872 3804 3871 3873 3940
CONN 3873 3805 3872 3874 3941
CONN 3874 3806 3873 3875 3942
CONN 3875 3807 3874 3876 3943
CONN 3876 3808 3875 3877 3944
CONN 3877 3809 3876 3878 3945
CONN 3878 3810 3877 3879 3946
CONN 3879 3811 3878 3880 3947
CONN 3880 3812 3879 3881 3948
CONN 3881 3813 3880 3882 3949
CONN 3882 3814 3881 3883 3950
CONN 3883 3815 3882 3884 3951
CONN 3884 3816 3883 3885 3952
CONN 3885 3817 3884 3886 3953
CONN 3886 3818 3885 3887 3954
CONN 3887 3819 3886 3888 3955
CONN 3888 3820 3887 3889 3956
CONN 3889 3821 3888 3890 3957
CONN 3890 3822 3889 3891 3958
CONN 3891 3823 3890 3892 3959
CONN 3892 3824 3891 3893 3960
CONN 3893 3825 3892 3894 3961
CONN 3894 3826 3893 3895 3962
CONN 3895 3827 3894 3896 3963
CONN 3896 3828 3895 3897 3964
CONN 3897 3829 3896 3898 3965
CONN 3898 3830 3897 3899 3966
CONN 3899 3831 3898 3900 3967
CONN 3900 3832 3899 3901 3968
CONN 3901 3833 3900 3902 3969
CONN 3902 3834 3901 3903 3970
CONN 3903 3835 3902 3904 3971
CONN 3904 3836 3903 3905 3972
CONN 3905 3837 3904 3906 3973
CONN 3906 3838 3905 3907 3974
CONN 3907 3839 3906 3908 3975
CONN 3908 3840 3907 3909 3976
CONN 3909 3841 3908 3910 3977
CONN 3910 3842 3909 3911 3978
CONN 3911 3843 3910 3912 3979
CONN 3912 3844 3911 3913 3980
CONN 3913 3845 3912 3914 3981
CONN 3914 3846 3913 3915 3982
CONN 3915 3847 3914 3916 3983
CONN 3916 3848 3915 3917 3984
CONN 3917 3849 3916 3918 3985
CONN 3918 3850 3917 3919 3986
CONN 3919 3851 3918 3920 3987
CONN 3920 3852 3919 3921 3988
CONN 3921 3853 3920 3922 3989
CONN 3922 3854 3921 3923 3990
CONN 3923 3855 3922 3924 3991
CONN 3924 3856 3923 3925 3992
CONN 3925 3857 3924 3926 3993
CONN 3926 3858 3925 3927 3994
CONN 3927 3859 3926 3928 3995
CONN 3928 3860 3927 3929 3996
CONN 3929 3861 3928 3997
CONN 3930 3862 3931 3998
CONN 3931 3863 3930 3932 3999
CONN 3932 3864 3931 3933 4000
CONN 3933 3865 3932 3934 4001
CONN 3934 3866 3933 3935 4002
CONN 3935 3867 3934 4003
CONN 3936 3868 3937 4004
CONN 3937 3869 3936 3938 4005
CONN 3938 3870 3937 3939 4006
CONN 3939 3871 3938 3940 4007
CONN 3940 3872 3939 3941 4008
CONN 3941 3873 3940 3942 4009
CONN 3942 3874 3941 3943 4010
CONN 3943 3875 3942 3944 4011
CONN 3944 3876 3943 3945 4012
CONN 3945 3877 3944 3946 4013
CONN 3946 3878 3945 3947 4014
CONN 3947 3879 3946 3948 4015
CONN 3948 3880 3947 3949 4016
CONN 3949 3881 3948 3950 4017
CONN 3950 3882 3949 3951 4018
CONN 3951 3883 3950 3952 4019
CONN 3952 3884 3951 3953 4020
CONN 3953 3885 3952 3954 4021
CONN 3954 3886 3953 3955 4022
CONN 3955 3887 3954 3956 4023
CONN 3956 3888 3955 3957 4024
CONN 3957 3889 3956 3958 4025
CONN 3958 3890 3957 3959 4026
CONN 3959 3891 3958 3960 4027
CONN 3960 3892 3959 3961 4028
CONN 3961 3893 3960 3962 4029
CONN 3962 3894 3961 3963 4030
CONN 3963 3895 3962 3964 4031
CONN 3964 3896 3963 3965 4032
CONN 3965 3897 3964 3966 4033
CONN 3966 3898 3965 3967 4034
CONN 3967 3899 3966 3968 4035
CONN 3968 3900 3967 3969 4036
CONN 3969 3901 3968 3970 4037
CONN 3970 3902 3969 3971 4038
CONN 3971 3903 3970 3972 4039
CONN 3972 3904 3971 3973 4040
CONN 3973 3905 3972 3974 4041
CONN 3974 3906 3973 3975 4042
CONN 3975 3907 3974 3976 4043
CONN 3976 3908 3975 3977 4044
CONN 3977 3909 3976 3978 4045
CONN 3978 3910 3977 3979 4046
CONN 3979 3911 3978 3980 4047
CONN 3980 3912 3979 3981 4048
CONN 3981 3913 3980 3982 4049
CONN 3982 3914 3981 3983 4050
CONN 3983 3915 3982 3984 4051
CONN 3984 3916 3983 3985 4052
CONN 3985 3917 3984 3986 4053
CONN 3986 3918 3985 3987 4054
CONN 3987 3919 3986 3988 4055
CONN 3988 3920 3987 3989 4056
CONN 3989 3921 3988 3990 4057
CONN 3990 3922 3989 3991 4058
CONN 3991 3923 3990 3992 4059
CONN 3992 3924 3991 3993 4060
CONN 3993 3925 3992 3994 4061
CONN 3994 3926 3993 3995 4062
CONN 3995 3927 3994 3996 4063
CONN 3996 3928 3995 3997 4064
CONN 3997 3929 3996 4065
CONN 3998 3930 3999 4066
CONN 3999 3931 3998 4000 4067
CONN 4000 3932 3999 4001 4068
CONN 4001 3933 4000 4002 4069
CONN 4002 3934 4001 4003 4070
CONN 4003 3935 4002 4071
CONN 4004 3936 4005 4072
CONN 4005 3937 4004 4006 4073
CONN 4006 3938 4005 4007 4074
CONN 4007 3939 4006 4008 4075
CONN 4008 3940 4007 4009 4076
CONN 4009 3941 4008 4010 4077
CONN 4010 3942 4009 4011 4078
CONN 4011 3943 4010 4012 4079
CONN 4012 3944 4011 4013 4080
CONN 4013 3945 4012 4014 4081
CONN 4014 3946 4013 4015 4082
CONN 4015 3947 4014 4016 4083
CONN 4016 3948 4015 4017 4084
CONN 4017 3949 4016 4018 4085
CONN 4018 3950 4017 4019 4086
CONN 4019 3951 4018 4020 4087
CONN 4020 3952 4019 4021 4088
CONN 4021 3953 4020 4022 4089
CONN 4022 3954 4021 4023 4090
CONN 4023 3955 4022 4024 4091
CONN 4024 3956 4023 4025 4092
CONN 4025 3957 4024 4026 4093
CONN 4026 3958 4025 4027 4094
CONN 4027 3959 4026 4028 4095
CONN 4028 3960 4027 4029 4096
CONN 4029 3961 4028 4030 4097
CONN 4030 3962 4029 4031 4098
CONN 4031 3963 4030 4032 4099
CONN 4032 3964 4031 4033 4100
CONN 4033 3965 4032 4034 4101
CONN 4034 3966 4033 4035 4102
CONN 4035 3967 4034 4036 4103
CONN 4036 3968 4035 4037 4104
CONN 4037 3969 4036 4038 4105
CONN 4038 3970 4037 4039 4106
CONN 4039 3971 4038 4040 4107
CONN 4040 3972 4039 4041 4108
CONN 4041 3973 4040 4042 4109
CONN 4042 3974 4041 4043 4110
CONN 4043 3975 4042 4044 4111
CONN 4044 3976 4043 4045 4112
CONN 4045 3977 4044 4046 4113
CONN 4046 3978 4045 4047 4114
CONN 4047 3979 4046 4048 4115
CONN 4048 3980 4047 4049 4116
CONN 4049 3981 4048 4050 4117
CONN 4050 3982 4049 4051 4118
CONN 4051 3983 4050 4052 4119
CONN 4052 3984 4051 4053 4120
CONN 4053 3985 4052 4054 4121
CONN 4054 3986 4053 4055 4122
CONN 4055 3987 4054 4056 4123
CONN 4056 3988 4055 4057 4124
CONN 4057 3989 4056 4058 4125
CONN 4058 3990 4057 4059 4126
CONN 4059 3991 4058 4060 4127
CONN 4060 3992 4059 4061 4128
CONN 4061 3993 4060 4062 4129
CONN 4062 3994 4061 4063 4130
CONN 4063 3995 4062 4064 4131
CONN 4064 3996 4063 4065 4132
CONN 4065 3997 4064 4133
CONN 4066 3998 4067 4134
CONN 4067 3999 4066 4068 4135
CONN 4068 4000 4067 4069 4136
CONN 4069 4001 4068 4070 4137
CONN 4070 4002 4069 4071 4138
CONN 4071 4003 4070 4139
CONN 4072 4004 4073 4140
CONN 4073 4005 4072 4074 4141
CONN 4074 4006 4073 4075 4142
CONN 4075 4007 4074 4076 4143
CONN 4076 4008 4075 4077 4144
CONN 4077 4009 4076 4078 4145
CONN 4078 4010 4077 4079 4146
CONN 4079 4011 4078 4080 4147
CONN 4080 4012 4079 4081 4148
CONN 4081 4013 4080 4082 4149
CONN 4082 4014 4081 4083 4150
CONN 4083 4015 4082 4084 4151
CONN 4084 4016 4083 4085 4152
CONN 4085 4017 4084 4086 4153
CONN 4086 4018 4085 4087 4154
CONN 4087 4019 4086 4088 4155
CONN 4088 4020 4087 4089 4156
CONN 4089 4021 4088 4090 4157
CONN 4090 4022 4089 4091 4158
CONN 4091 4023 4090 4092 4159
CONN 4092 4024 4091 4093 4160
CONN 4093 4025 4092 4094 4161
CONN 4094 4026 4093 4095 4162
CONN 4095 4027 4094 4096 4163
CONN 4096 4028 4095 4097 4164
CONN 4097 4029 4096 4098 4165
CONN 4098 4030 4097 4099 4166
CONN 4099 4031 4098 4100 4167
CONN 4100 4032 4099 4101 4168
CONN 4101 4033 4100 4102 4169
CONN 4102 4034 4101 4103 4170
CONN 4103 4035 4102 4104 4171
CONN 4104 4036 4103 4105 4172
CONN 4105 4037 4104 4106 4173
CONN 4106 4038 4105 4107 4174
CONN 4107 4039 4106 4108 4175
CONN 4108 4040 4107 4109 4176
CONN 4109 4041 4108 4110 4177
CONN 4110 4042 4109 4111 4178
CONN 4111 4043 4110 4112 4179
CONN 4112 4044 4111 4113 4180
CONN 4113 4045 4112 4114 4181
CONN 4114 4046 4113 4115 4182
CONN 4115 4047 4114 4116 4183
CONN 4116 4048 4115 4117 4184
CONN 4117 4049 4116 4118 4185
CONN 4118 4050 4117 4119 4186
CONN 4119 4051 4118 4120 4187
CONN 4120 4052 4119 4121 4188
CONN 4121 4053 4120 4122 4189
CONN 4122 4054 4121 4123 4190
CONN 4123 4055 4122 4124 4191
CONN 4124 4056 4123 4125 4192
CONN 4125 4057 4124 4126 4193
CONN 4126 4058 4125 4127 4194
CONN 4127 4059 4126 4128 4195
CONN 4128 4060 4127 4129 4196
CONN 4129 4061 4128 4130 4197
CONN 4130 4062 4129 4131 4198
CONN 4131 4063 4130 4132 4199
CONN 4132 4064 4131 4133 4200
CONN 4133 4065 4132 4201
CONN 4134 4066 4135 4202
CONN 4135 4067 4134 4136 4203
CONN 4136 4068 4135 4137 4204
CONN 4137 4069 4136 4138 4205
CONN 4138 4070 4137 4139 4206
CONN 4139 4071 4138 4207
CONN 4140 4072 4141 4208
CONN 4141 4073 4140 4142 4209
CONN 4142 4074 4141 4143 4210
CONN 4143 4075 4142 4144 4211
CONN 4144 4076 4143 4145 4212
CONN 4145 4077 4144 4146 4213
CONN 4146 4078 4145 4147 4214
CONN 4147 4079 4146 4148 4215
CONN 4148 4080 4147 4149 4216
CONN 4149 4081 4148 4150 4217
CONN 4150 4082 4149 4151 4218
CONN 4151 4083 4150 4152 4219
CONN 4152 4084 4151 4153 4220
CONN 4153 4085 4152 4154 4221
CONN 4154 4086 4153 4155 4222
CONN 4155 4087 4154 4156 4223
CONN 4156 4088 4155 4157 4224
CONN 4157 4089 4156 4158 4225
CONN 4158 4090 4157 4159 4226
CONN 4159 4091 4158 4160 4227
CONN 4160 4092 4159 4161 4228
CONN 4161 4093 4160 4162 4229
CONN 4162 4094 4161 4163 4230
CONN 4163 4095 4162 4164 4231
CONN 4164 4096 4163 4165 4232
CONN 4165 4097 4164 4166 4233
CONN 4166 4098 4165 4167 4234
CONN 4167 4099 4166 4168 4235
CONN 4168 4100 4167 4169 4236
CONN 4169 4101 4168 4170 4237
CONN 4170 4102 4169 4171 4238
CONN 4171 4103 4170 4172 4239
CONN 4172 4104 4171 4173 4240
CONN 4173 4105 4172 4174 4241
CONN 4174 4106 4173 4175 4242
CONN 4175 4107 4174 4176 4243
CONN 4176 4108 4175 4177 4244
CONN 4177 4109 4176 4178 4245
CONN 4178 4110 4177 4179 4246
CONN 4179 4111 4178 4180 4247
CONN 4180 4112 4179 4181 4248
CONN 4181 4113 4180 4182 4249
CONN 4182 4114 4181 4183 4250
CONN 4183 4115 4182 4184 4251
CONN 4184 4116 4183 4185 4252
CONN 4185 4117 4184 4186 4253
CONN 4186 4118 4185 4187 4254
CONN 4187 4119 4186 4188 4255
CONN 4188 4120 4187 4189 4256
CONN 4189 4121 4188 4190 4257
CONN 4190 4122 4189 4191 4258
CONN 4191 4123 4190 4192 4259
CONN 4192 4124 4191 4193 4260
CONN 4193 4125 4192 4194 4261
CONN 4194 4126 4193 4195 4262
CONN 4195 4127 4194 4196 4263
CONN 4196 4128 4195 4197 4264
CONN 4197 4129 4196 4198 4265
CONN 4198 4130 4197 4199 4266
CONN 4199 4131 4198 4200 4267
CONN 4200 4132 4199 4201 4268
CONN 4201 4133 4200 4269
CONN 4202 4134 4203 4270
CONN 4203 4135 4202 4204 4271
CONN 4204 4136 4203 4205 4272
CONN 4205 4137 4204 4206 4273
CONN 4206 4138 4205 4207 4274
CONN 4207 4139 4206 4275
CONN 4208 4140 4209 4276
CONN 4209 4141 4208 4210 4277
CONN 4210 4142 4209 4211 4278
CONN 4211 4143 4210 4212 4279
CONN 4212 4144 4211 4213 4280
CONN 4213 4145 4212 4214 4281
CONN 4214 4146 4213 4215 4282
CONN 4215 4147 4214 4216 4283
CONN 4216 4148 4215 4217 4284
CONN 4217 4149 4216 4218 4285
CONN 4218 4150 4217 4219 4286
CONN 4219 4151 4218 4220 4287
CONN 4220 4152 4219 4221 4288
CONN 4221 4153 4220 4222 4289
CONN 4222 4154 4221 4223 4290
CONN 4223 4155 4222 4224 4291
CONN 4224 4156 4223 4225 4292
CONN 4225 4157 4224 4226 4293
CONN 4226 4158 4225 4227 4294
CONN 4227 4159 4226 4228 4295
CONN 4228 4160 4227 4229 4296
CONN 4229 4161 4228 4230 4297
CONN 4230 4162 4229 4231 4298
CONN 4231 4163 4230 4232 4299
CONN 4232 4164 4231 4233 4300
CONN 4233 4165 4232 4234 4301
CONN 4234 4166 4233 4235 4302
CONN 4235 4167 4234 4236 4303
CONN 4236 4168 4235 4237 4304
CONN 4237 4169 4236 4238 4305
CONN 4238 4170 4237 4239 4306
CONN 4239 4171 4238 4240 4307
CONN 4240 4172 4239 4241 4308
CONN 4241 4173 4240 4242 4309
CONN 4242 4174 4241 4243 4310
CONN 4243 4175 4242 4244 4311
CONN 4244 4176 4243 4245 4312
CONN 4245 4177 4244 4246 4313
CONN 4246 4178 4245 4247 4314
CONN 4247 4179 4246 4248 4315
CONN 4248 4180 4247 4249 4316
CONN 4249 4181 4248 4250 4317
CONN 4250 4182 4249 4251 4318
CONN 4251 4183 4250 4252 4319
CONN 4252 4184 4251 4253 4320
CONN 4253 4185 4252 4254 4321
CONN 4254 4186 4253 4255 4322
CONN 4255 4187 4254 4256 4323
CONN 4256 4188 4255 4257 4324
CONN 4257 4189 4256 4258 4325
CONN 4258 4190 4257 4259 4326
CONN 4259 4191 4258 4260 4327
CONN 4260 4192 4259 4261 4328
CONN 4261 4193 4260 4262 4329
CONN 4262 4194 4261 4263 4330
CONN 4263 4195 4262 4264 4331
CONN 4264 4196 4263 4265 4332
CONN 4265 4197 4264 4266 4333
CONN 4266 4198 4265 4267 4334
CONN 4267 4199 4266 4268 4335
CONN 4268 4200 4267 4269 4336
CONN 4269 4201 4268 4337
CONN 4270 4202 4271 4338
CONN 4271 4203 4270 4272 4339
CONN 4272 4204 4271 4273 4340
CONN 4273 4205 4272 4274 4341
CONN 4274 4206 4273 4275 4342
CONN 4275 4207 4274 4343
CONN 4276 4208 4277 4344
CONN 4277 4209 4276 4278 4345
CONN 4278 4210 4277 4279 4346
CONN 4279 4211 4278 4280 4347
CONN 4280 4212 4279 4281 4348
CONN 4281 4213 4280 4282 4349
CONN 4282 4214 4281 4283 4350
CONN 4283 4215 4282 4284 4351
CONN 4284 4216 4283 4285 4352
CONN 4285 4217 4284 4286 4353
CONN 4286 4218 4285 4287 4354
CONN 4287 4219 4286 4288 4355
CONN 4288 4220 4287 4289 4356
CONN 4289 4221 4288 4290 4357
CONN 4290 4222 4289 4291 4358
CONN 4291 4223 4290 4292 4359
CONN 4292 4224 4291 4293 4360
CONN 4293 4225 4292 4294 4361
CONN 4294 4226 4293 4295 4362
CONN 4295 4227 4294 4296 4363
CONN 4296 4228 4295 4297 4364
CONN 4297 4229 4296 4298 4365
CONN 4298 4230 4297 4299 4366
CONN 4299 4231 4298 4300 4367
CONN 4300 4232 4299 4301 4368
CONN 4301 4233 4300 4302 4369
CONN 4302 4234 4301 4303 4370
CONN 4303 4235 4302 4304 4371
CONN 4304 4236 4303 4305 4372
CONN 4305 4237 4304 4306 4373
CONN 4306 4238 4305 4307 4374
CONN 4307 4239 4306 4308 4375
CONN 4308 4240 4307 4309 4376
CONN 4309 4241 4308 4310 4377
CONN 4310 4242 4309 4311 4378
CONN 4311 4243 4310 4312 4379
CONN 4312 4244 4311 4313 4380
CONN 4313 4245 4312 4314 4381
CONN 4314 4246 4313 4315 4382
CONN 4315 4247 4314 4316 4383
CONN 4316 4248 4315 4317 4384
CONN 4317 4249 4316 4318 4385
CONN 4318 4250 4317 4319 4386
CONN 4319 4251 4318 4320 4387
CONN 4320 4252 4319 4321 4388
CONN 4321 4253 4320 4322 4389
CONN 4322 4254 4321 4323 4390
CONN 4323 4255 4322 4324 4391
CONN 4324 4256 4323 4325 4392
CONN 4325 4257 4324 4326 4393
CONN 4326 4258 4325 4327 4394
CONN 4327 4259 4326 4328 4395
CONN 4328 4260 4327 4329 4396
CONN 4329 4261 4328 4330 4397
CONN 4330 4262 4329 4331 4398
CONN 4331 4263 4330 4332 4399
CONN 4332 4264 4331 4333 4400
CONN 4333 4265 4332 4334 4401
CONN 4334 4266 4333 4335 4402
CONN 4335 4267 4334 4336 4403
CONN 4336 4268 4335 4337 4404
CONN 4337 4269 4336 4405
CONN 4338 4270 4339 4406
CONN 4339 4271 4338 4340 4407
CONN 4340 4272 4339 4341 4408
CONN 4341 4273 4340 4342 4409
CONN 4342 4274 4341 4343 4410
CONN 4343 4275 4342 4411
CONN 4344 4276 4345 4412
CONN 4345 4277 4344 4346 4413
CONN 4346 4278 4345 4347 4414
CONN 4347 4279 4346 4348 4415
CONN 4348 4280 4347 4349 4416
CONN 4349 4281 4348 4350 4417
CONN 4350 4282 4349 4351 4418
CONN 4351 4283 4350 4352 4419
CONN 4352 4284 4351 4353 4420
CONN 4353 4285 4352 4354 4421
CONN 4354 4286 4353 4355 4422
CONN 4355 4287 4354 4356 4423
CONN 4356 4288 4355 4357 4424
CONN 4357 4289 4356 4358 4425
CONN 4358 4290 4357 4359 4426
CONN 4359 4291 4358 4360 4427
CONN 4360 4292 4359 4361 4428
CONN 4361 4293 4360 4362 4429
CONN 4362 4294 4361 4363 4430
CONN 4363 4295 4362 4364 4431
CONN 4364 4296 4363 4365 4432
CONN 4365 4297 4364 4366 4433
CONN 4366 4298 4365 4367 4434
CONN 4367 4299 4366 4368 4435
CONN 4368 4300 4367 4369 4436
CONN 4369 4301 4368 4370 4437
CONN 4370 4302 4369 4371 4438
CONN 4371 4303 4370 4372 4439
CONN 4372 4304 4371 4373 4440
CONN 4373 4305 4372 4374 4441
CONN 4374 4306 4373 4375 4442
CONN 4375 4307 4374 4376 4443
CONN 4376 4308 4375 4377 4444
CONN 4377 4309 4376 4378 4445
CONN 4378 4310 4377 4379 4446
CONN 4379 4311 4378 4380 4447
CONN 4380 4312 4379 4381 4448
CONN 4381 4313 4380 4382 4449
CONN 4382 4314 4381 4383 4450
CONN 4383 4315 4382 4384 4451
CONN 4384 4316 4383 4385 4452
CONN 4385 4317 4384 4386 4453
CONN 4386 4318 4385 4387 4454
CONN 4387 4319 4386 4388 4455
CONN 4388 4320 4387 4389 4456
CONN 4389 4321 4388 4390 4457
CONN 4390 4322 4389 4391 4458
CONN 4391 4323 4390 4392 4459
CONN 4392 4324 4391 4393 4460
CONN 4393 4325 4392 4394 4461
CONN 4394 4326 4393 4395 4462
CONN 4395 4327 4394 4396 4463
CONN 4396 4328 4395 4397 4464
CONN 4397 4329 4396 4398 4465
CONN 4398 4330 4397 4399 4466
CONN 4399 4331 4398 4400 4467
CONN 4400 4332 4399 4401 4468
CONN 4401 4333 4400 4402 4469
CONN 4402 4334 4401 4403 4470
CONN 4403 4335 4402 4404 4471
CONN 4404 4336 4403 4405 4472
CONN 4405 4337 4404 4473
CONN 4406 4338 4407 4474
CONN 4407 4339 4406 4408 4475
CONN 4408 4340 4407 4409 4476
CONN 4409 4341 4408 4410 4477
CONN 4410 4342 4409 4411 4478
CONN 4411 4343 4410 4479
CONN 4412 4344 4413 4480
CONN 4413 4345 4412 4414 4481
CONN 4414 4346 4413 4415 4482
CONN 4415 4347 4414 4416 4483
CONN 4416 4348 4415 4417 4484
CONN 4417 4349 4416 4418 4485
CONN 4418 4350 4417 4419 4486
CONN 4419 4351 4418 4420 4487
CONN 4420 4352 4419 4421 4488
CONN 4421 4353 4420 4422 4489
CONN 4422 4354 4421 4423 4490
CONN 4423 4355 4422 4424 4491
CONN 4424 4356 4423 4425 4492
CONN 4425 4357 4424 4426 4493
CONN 4426 4358 4425 4427 4494
CONN 4427 4359 4426 4428 4495
CONN 4428 4360 4427 4429 4496
CONN 4429 4361 4428 4430 4497
CONN 4430 4362 4429 4431 4498
CONN 4431 4363 4430 4432 4499
CONN 4432 4364 4431 4433 4500
CONN 4433 4365 4432 4434 4501
CONN 4434 4366 4433 4435 4502
CONN 4435 4367 4434 4436 4503
CONN 4436 4368 4435 4437 4504
CONN 4437 4369 4436 4438 4505
CONN 4438 4370 4437 4439 4506
CONN 4439 4371 4438 4440 4507
CONN 4440 4372 4439 4441 4508
CONN 4441 4373 4440 4442 4509
CONN 4442 4374 4441 4443 4510
CONN 4443 4375 4442 4444 4511
CONN 4444 4376 4443 4445 4512
CONN 4445 4377 4444 4446 4513
CONN 4446 4378 4445 4447 4514
CONN 4447 4379 4446 4448 4515
CONN 4448 4380 4447 4449 4516
CONN 4449 4381 4448 4450 4517
CONN 4450 4382 4449 4451 4518
CONN 4451 4383 4450 4452 4519
CONN 4452 4384 4451 4453 4520
CONN 4453 4385 4452 4454 4521
CONN 4454 4386 4453 4455 4522
CONN 4455 4387 4454 4456 4523
CONN 4456 4388 4455 4457 4524
CONN 4457 4389 4456 4458 4525
CONN 4458 4390 4457 4459 4526
CONN 4459 4391 4458 4460 4527
CONN 4460 4392 4459 4461 4528
CONN 4461 4393 4460 4462 4529
CONN 4462 4394 4461 4463 4530
CONN 4463 4395 4462 4464 4531
CONN 4464 4396 4463 4465 4532
CONN 4465 4397 4464 4466 4533
CONN 4466 4398 4465 4467 4534
CONN 4467 4399 4466 4468 4535
CONN 4468 4400 4467 4469 4536
CONN 4469 4401 4468 4470 4537
CONN 4470 4402 4469 4471 4538
CONN 4471 4403 4470 4472 4539
CONN 4472 4404 4471 4473 4540
CONN 4473 4405 4472 4541
CONN 4474 4406 4475 4542
CONN 4475 4407 4474 4476 4543
CONN 4476 4408 4475 4477 4544
CONN 4477 4409 4476 4478 4545
CONN 4478 4410 4477 4479 4546
CONN 4479 4411 4478 4547
CONN 4480 4412 4481 4548
CONN 4481 4413 4480 4482 4549
CONN 4482 4414 4481 4483 4550
CONN 4483 4415 4482 4484 4551
CONN 4484 4416 4483 4485 4552
CONN 4485 4417 4484 4486 4553
CONN 4486 4418 4485 4487 4554
CONN 4487 4419 4486 4488 4555
CONN 4488 4420 4487 4489 4556
CONN 4489 4421 4488 4490 4557
CONN 4490 4422 4489 4491 4558
CONN 4491 4423 4490 4492 4559
CONN 4492 4424 4491 4493 4560
CONN 4493 4425 4492 4494 4561
CONN 4494 4426 4493 4495 4562
CONN 4495 4427 4494 4496 4563
CONN 4496 4428 4495 4497 4564
CONN 4497 4429 4496 4498 4565
CONN 4498 4430 4497 4499 4566
CONN 4499 4431 4498 4500 4567
CONN 4500 4432 4499 4501 4568
CONN 4501 4433 4500 4502 4569
CONN 4502 4434 4501 4503 4570
CONN 4503 4435 4502 4504 4571
CONN 4504 4436 4503 4505 4572
CONN 4505 4437 4504 4506 4573
CONN 4506 4438 4505 4507 4574
CONN 4507 4439 4506 4508 4575
CONN 4508 4440 4507 4509 4576
CONN 4509 4441 4508 4510 4577
CONN 4510 4442 4509 4511 4578
CONN 4511 4443 4510 4512 4579
CONN 4512 4444 4511 4513 4580
CONN 4513 4445 4512 4514 4581
CONN 4514 4446 4513 4515 4582
CONN 4515 4447 4514 4516 4583
CONN 4516 4448 4515 4517 4584
CONN 4517 4449 4516 4518 4585
CONN 4518 4450 4517 4519 4586
CONN 4519 4451 4518 4520 4587
CONN 4520 4452 4519 4521 4588
CONN 4521 4453 4520 4522 4589
CONN 4522 4454 4521 4523 4590
CONN 4523 4455 4522 4524 4591
CONN 4524 4456 4523 4525 4592
CONN 4525 4457 4524 4526 4593
CONN 4526 4458 4525 4527 4594
CONN 4527 4459 4526 4528 4595
CONN 4528 4460 4527 4529 4596
CONN 4529 4461 4528 4530 4597
CONN 4530 4462 4529 4531 4598
CONN 4531 4463 4530 4532 4599
CONN 4532 4464 4531 4533 4600
CONN 4533 4465 4532 4534 4601
CONN 4534 4466 4533 4535 4602
CONN 4535 4467 4534 4536 4603
CONN 4536 4468 4535 4537 4604
CONN 4537 4469 4536 4538 4605
CONN 4538 4470 4537 4539 4606
CONN 4539 4471 4538 4540 4607
CONN 4540 4472 4539 4541 4608
CONN 4541 4473 4540 4609
CONN 4542 4474 4543 4610
CONN 4543 4475 4542 4544 4611
CONN 4544 4476 4543 4545 4612
CONN 4545 4477 4544 4546 4613
CONN 4546 4478 4545 4547 4614
CONN 4547 4479 4546 4615
CONN 4548 4480 4549 4616
CONN 4549 4481 4548 4550 4617
CONN 4550 4482 4549 4551 4618
CONN 4551 4483 4550 4552 4619
CONN 4552 4484 4551 4553 4620
CONN 4553 4485 4552 4554 4621
CONN 4554 4486 4553 4555 4622
CONN 4555 4487 4554 4556 4623
CONN 4556 4488 4555 4557 4624
CONN 4557 4489 4556 4558 4625
CONN 4558 4490 4557 4559 4626
CONN 4559 4491 4558 4560 4627
CONN 4560 4492 4559 4561 4628
CONN 4561 4493 4560 4562 4629
CONN 4562 4494 4561 4563 4630
CONN 4563 4495 4562 4564 4631
CONN 4564 4496 4563 4565 4632
CONN 4565 4497 4564 4566 4633
CONN 4566 4498 4565 4567 4634
CONN 4567 4499 4566 4568 4635
CONN 4568 4500 4567 4569 4636
CONN 4569 4501 4568 4570 4637
CONN 4570 4502 4569 4571 4638
CONN 4571 4503 4570 4572 4639
CONN 4572 4504 4571 4573 4640
CONN 4573 4505 4572 4574 4641
CONN 4574 4506 4573 4575 4642
CONN 4575 4507 4574 4576 4643
CONN 4576 4508 4575 4577 4644
CONN 4577 4509 4576 4578 4645
CONN 4578 4510 4577 4579 4646
CONN 4579 4511 4578 4580 4647
CONN 4580 4512 4579 4581 4648
CONN 4581 4513 4580 4582 4649
CONN 4582 4514 4581 4583 4650
CONN 4583 4515 4582 4584 4651
CONN 4584 4516 4583 4585 4652
CONN 4585 4517 4584 4586 4653
CONN 4586 4518 4585 4587 4654
CONN 4587 4519 4586 4588 4655
CONN 4588 4520 4587 4589 4656
CONN 4589 4521 4588 4590 4657
CONN 4590 4522 4589 4591 4658
CONN 4591 4523 4590 4592 4659
CONN 4592 4524 4591 4593 4660
CONN 4593 4525 4592 4594 4661
CONN 4594 4526 4593 4595 4662
CONN 4595 4527 4594 4596 4663
CONN 4596 4528 4595 4597 4664
CONN 4597 4529 4596 4598 4665
CONN 4598 4530 4597 4599 4666
CONN 4599 4531 4598 4600 4667
CONN 4600 4532 4599 4601 4668
CONN 4601 4533 4600 4602 4669
CONN 4602 4534 4601 4603 4670
CONN 4603 4535 4602 4604 4671
CONN 4604 4536 4603 4605 4672
CONN 4605 4537 4604 4606 4673
CONN 4606 4538 4605 4607 4674
CONN 4607 4539 4606 4608 4675
CONN 4608 4540 4607 4609 4676
CONN 4609 4541 4608 4677
CONN 4610 4542 4611 4678
CONN 4611 4543 4610 4612 4679
CONN 4612 4544 4611 4613 4680
CONN 4613 4545 4612 4614 4681
CONN 4614 4546 4613 4615 4682
CONN 4615 4547 4614 4683
CONN 4616 4548 4617 4684
CONN 4617 4549 4616 4618 4685
CONN 4618 4550 4617 4619 4686
CONN 4619 4551 4618 4620 4687
CONN 4620 4552 4619 4621 4688
CONN 4621 4553 4620 4622 4689
CONN 4622 4554 4621 4623 4690
CONN 4623 4555 4622 4624 4691
CONN 4624 4556 4623 4625 4692
CONN 4625 4557 4624 4626 4693
CONN 4626 4558 4625 4627 4694
CONN 4627 4559 4626 4628 4695
CONN 4628 4560 4627 4629 4696
CONN 4629 4561 4628 4630 4697
CONN 4630 4562 4629 4631 4698
CONN 4631 4563 4630 4632 4699
CONN 4632 4564 4631 4633 4700
CONN 4633 4565 4632 4634 4701
CONN 4634 4566 4633 4635 4702
CONN 4635 4567 4634 4636 4703
CONN 4636 4568 4635 4637 4704
CONN 4637 4569 4636 4638 4705
CONN 4638 4570 4637 4639 4706
CONN 4639 4571 4638 4640 4707
CONN 4640 4572 4639 4641 4708
CONN 4641 4573 4640 4642 4709
CONN 4642 4574 4641 4643 4710
CONN 4643 4575 4642 4644 4711
CONN 4644 4576 4643 4645 4712
CONN 4645 4577 4644 4646 4713
CONN 4646 4578 4645 4647 4714
CONN 4647 4579 4646 4648 4715
CONN 4648 4580 4647 4649 4716
CONN 4649 4581 4648 4650 4717
CONN 4650 4582 4649 4651 4718
CONN 4651 4583 4650 4652 4719
CONN 4652 4584 4651 4653 4720
CONN 4653 4585 4652 4654 4721
CONN 4654 4586 4653 4655 4722
CONN 4655 4587 4654 4656 4723
CONN 4656 4588 4655 4657 4724
CONN 4657 4589 4656 4658 4725
CONN 4658 4590 4657 4659 4726
CONN 4659 4591 4658 4660 4727
CONN 4660 4592 4659 4661 4728
CONN 4661 4593 4660 4662 4729
CONN 4662 4594 4661 4663 4730
CONN 4663 4595 4662 4664 4731
CONN 4664 4596 4663 4665 4732
CONN 4665 4597 4664 4666 4733
CONN 4666 4598 4665 4667 4734
CONN 4667 4599 4666 4668 4735
CONN 4668 4600 4667 4669 4736
CONN 4669 4601 4668 4670 4737
CONN 4670 4602 4669 4671 4738
CONN 4671 4603 4670 4672 4739
CONN 4672 4604 4671 4673 4740
CONN 4673 4605 4672 4674 4741
CONN 4674 4606 4673 4675 4742
CONN 4675 4607 4674 4676 4743
CONN 4676 4608 4675 4677 4744
CONN 4677 4609 4676 4745
CONN 4678 4610 4679 4746
CONN 4679 4611 4678 4680 4747
CONN 4680 4612 4679 4681 4748
CONN 4681 4613 4680 4682 4749
CONN 4682 4614 4681 4683 4750
CONN 4683 4615 4682 4751
CONN 4684 4616 4685 4752
CONN 4685 4617 4684 4686 4753
CONN 4686 4618 4685 4687 4754
CONN 4687 4619 4686 4688 4755
CONN 4688 4620 4687 4689 4756
CONN 4689 4621 4688 4690 4757
CONN 4690 4622 4689 4691 4758
CONN 4691 4623 4690 4692 4759
CONN 4692 4624 4691 4693 4760
CONN 4693 4625 4692 4694 4761
CONN 4694 4626 4693 4695 4762
CONN 4695 4627 4694 4696 4763
CONN 4696 4628 4695 4697 4764
CONN 4697 4629 4696 4698 4765
CONN 4698 4630 4697 4699 4766
CONN 4699 4631 4698 4700 4767
CONN 4700 4632 4699 4701 4768
CONN 4701 4633 4700 4702 4769
CONN 4702 4634 4701 4703 4770
CONN 4703 4635 4702 4704 4771
CONN 4704 4636 4703 4705 4772
CONN 4705 4637 4704 4706 4773
CONN 4706 4638 4705 4707 4774
CONN 4707 4639 4706 4708 4775
CONN 4708 4640 4707 4709 4776
CONN 4709 4641 4708 4710 4777
CONN 4710 4642 4709 4711 4778
CONN 4711 4643 4710 4712 4779
CONN 4712 4644 4711 4713 4780
CONN 4713 4645 4712 4714 4781
CONN 4714 4646 4713 4715 4782
CONN 4715 4647 4714 4716 4783
CONN 4716 4648 4715 4717 4784
CONN 4717 4649 4716 4718 4785
CONN 4718 4650 4717 4719 4786
CONN 4719 4651 4718 4720 4787
CONN 4720 4652 4719 4721 4788
CONN 4721 4653 4720 4722 4789
CONN 4722 4654 4721 4723 4790
CONN 4723 4655 4722 4724 4791
CONN 4724 4656 4723 4725 4792
CONN 4725 4657 4724 4726 4793
CONN 4726 4658 4725 4727 4794
CONN 4727 4659 4726 4728 4795
CONN 4728 4660 4727 4729 4796
CONN 4729 4661 4728 4730 4797
CONN 4730 4662 4729 4731 4798
CONN 4731 4663 4730 4732 4799
CONN 4732 4664 4731 4733 4800
CONN 4733 4665 4732 4734 4801
CONN 4734 4666 4733 4735 4802
CONN 4735 4667 4734 4736 4803
CONN 4736 4668 4735 4737 4804
CONN 4737 4669 4736 4738 4805
CONN 4738 4670 4737 4739 4806
CONN 4739 4671 4738 4740 4807
CONN 4740 4672 4739 4741 4808
CONN 4741 4673 4740 4742 4809
CONN 4742 4674 4741 4743 4810
CONN 4743 4675 4742 4744 4811
CONN 4744 4676 4743 4745 4812
CONN 4745 4677 4744 4813
CONN 4746 4678 4747 4814
CONN 4747 4679 4746 4748 4815
CONN 4748 4680 4747 4749 4816
CONN 4749 4681 4748 4750 4817
CONN 4750 4682 4749 4751 4818
CONN 4751 4683 4750 4819
CONN 4752 4684 4753 4820
CONN 4753 4685 4752 4754 4821
CONN 4754 4686 4753 4755 4822
CONN 4755 4687 4754 4756 4823
CONN 4756 4688 4755 4757 4824
CONN 4757 4689 4756 4758 4825
CONN 4758 4690 4757 4759 4826
CONN 4759 4691 4758 4760 4827
CONN 4760 4692 4759 4761 4828
CONN 4761 4693 4760 4762 4829
CONN 4762 4694 4761 4763 4830
CONN 4763 4695 4762 4764 4831
CONN 4764 4696 4763 4765 4832
CONN 4765 4697 4764 4766 4833
CONN 4766 4698 4765 4767 4834
CONN 4767 4699 4766 4768 4835
CONN 4768 4700 4767 4769 4836
CONN 4769 4701 4768 4770 4837
CONN 4770 4702 4769 4771 4838
CONN 4771 4703 4770 4772 4839
CONN 4772 4704 4771 4773 4840
CONN 4773 4705 4772 4774 4841
CONN 4774 4706 4773 4775 4842
CONN 4775 4707 4774 4776 4843
CONN 4776 4708 4775 4777 4844
CONN 4777 4709 4776 4778 4845
CONN 4778 4710 4777 4779 4846
CONN 4779 4711 4778 4780 4847
CONN 4780 4712 4779 4781 4848
CONN 4781 4713 4780 4782 4849
CONN 4782 4714 4781 4783 4850
CONN 4783 4715 4782 4784 4851
CONN 4784 4716 4783 4785 4852
CONN 4785 4717 4784 4786 4853
CONN 4786 4718 4785 4787 4854
CONN 4787 4719 4786 4788 4855
CONN 4788 4720 4787 4789 4856
CONN 4789 4721 4788 4790 4857
CONN 4790 4722 4789 4791 4858
CONN 4791 4723 4790 4792 4859
CONN 4792 4724 4791 4793 4860
CONN 4793 4725 4792 4794 4861
CONN 4794 4726 4793 4795 4862
CONN 4795 4727 4794 4796 4863
CONN 4796 4728 4795 4797 4864
CONN 4797 4729 4796 4798 4865
CONN 4798 4730 4797 4799 4866
CONN 4799 4731 4798 4800 4867
CONN 4800 4732 4799 4801 4868
CONN 4801 4733 4800 4802 4869
CONN 4802 4734 4801 4803 4870
CONN 4803 4735 4802 4804 4871
CONN 4804 4736 4803 4805 4872
CONN 4805 4737 4804 4806 4873
CONN 4806 4738 4805 4807 4874
CONN 4807 4739 4806 4808 4875
CONN 4808 4740 4807 4809 4876
CONN 4809 4741 4808 4810 4877
CONN 4810 4742 4809 4811 4878
CONN 4811 4743 4810 4812 4879
CONN 4812 4744 4811 4813 4880
CONN 4813 4745 4812 4881
CONN 4814 4746 4815 4882
CONN 4815 4747 4814 4816 4883
CONN 4816 4748 4815 4817 4884
CONN 4817 4749 4816 4818 4885
CONN 4818 4750 4817 4819 4886
CONN 4819 4751 4818 4887
CONN 4820 4752 4821 4888
CONN 4821 4753 4820 4822 4889
CONN 4822 4754 4821 4823 4890
CONN 4823 4755 4822 4824 4891
CONN 4824 4756 4823 4825 4892
CONN 4825 4757 4824 4826 4893
CONN 4826 4758 4825 4827 4894
CONN 4827 4759 4826 4828 4895
CONN 4828 4760 4827 4829 4896
CONN 4829 4761 4828 4830 4897
CONN 4830 4762 4829 4831 4898
CONN 4831 4763 4830 4832 4899
CONN 4832 4764 4831 4833 4900
CONN 4833 4765 4832 4834 4901
CONN 4834 4766 4833 4835 4902
CONN 4835 4767 4834 4836 4903
CONN 4836 4768 4835 4837 4904
CONN 4837 4769 4836 4838 4905
CONN 4838 4770 4837 4839 4906
CONN 4839 4771 4838 4840 4907
CONN 4840 4772 4839 4841 4908
CONN 4841 4773 4840 4842 4909
CONN 4842 4774 4841 4843 4910
CONN 4843 4775 4842 4844 4911
CONN 4844 4776 4843 4845 4912
CONN 4845 4777 4844 4846 4913
CONN 4846 4778 4845 4847 4914
CONN 4847 4779 4846 4848 4915
CONN 4848 4780 4847 4849 4916
CONN 4849 4781 4848 4850 4917
CONN 4850 4782 4849 4851 4918
CONN 4851 4783 4850 4852 4919
CONN 4852 4784 4851 4853 4920
CONN 4853 4785 4852 4854 4921
CONN 4854 4786 4853 4855 4922
CONN 4855 4787 4854 4856 4923
CONN 4856 4788 4855 4857 4924
CONN 4857 4789 4856 4858 4925
CONN 4858 4790 4857 4859 4926
CONN 4859 4791 4858 4860 4927
CONN 4860 4792 4859 4861 4928
CONN 4861 4793 4860 4862 4929
CONN 4862 4794 4861 4863 4930
CONN 4863 4795 4862 4864 4931
CONN 4864 4796 4863 4865 4932
CONN 4865 4797 4864 4866 4933
CONN 4866 4798 4865 4867 4934
CONN 4867 4799 4866 4868 4935
CONN 4868 4800 4867 4869 4936
CONN 4869 4801 4868 4870 4937
CONN 4870 4802 4869 4871 4938
CONN 4871 4803 4870 4872 4939
CONN 4872 4804 4871 4873 4940
CONN 4873 4805 4872 4874 4941
CONN 4874 4806 4873 4875 4942
CONN 4875 4807 4874 4876 4943
CONN 4876 4808 4875 4877 4944
CONN 4877 4809 4876 4878 4945
CONN 4878 4810 4877 4879 4946
CONN 4879 4811 4878 4880 4947
CONN 4880 4812 4879 4881 4948
CONN 4881 4813 4880 4949
CONN 4882 4814 4883 4950
CONN 4883 4815 4882 4884 4951
CONN 4884 4816 4883 4885 4952
CONN 4885 4817 4884 4886 4953
CONN 4886 4818 4885 4887 4954
CONN 4887 4819 4886 4955
CONN 4888 4820 4889 4956
CONN 4889 4821 4888 4890 4957
CONN 4890 4822 4889 4891 4958
CONN 4891 4823 4890 4892 4959
CONN 4892 4824 4891 4893 4960
CONN 4893 4825 4892 4894 4961
CONN 4894 4826 4893 4895 4962
CONN 4895 4827 4894 4896 4963
CONN 4896 4828 4895 4897 4964
CONN 4897 4829 4896 4898 4965
CONN 4898 4830 4897 4899 4966
CONN 4899 4831 4898 4900 4967
CONN 4900 4832 4899 4901 4968
CONN 4901 4833 4900 4902 4969
CONN 4902 4834 4901 4903 4970
CONN 4903 4835 4902 4904 4971
CONN 4904 4836 4903 4905 4972
CONN 4905 4837 4904 4906 4973
CONN 4906 4838 4905 4907 4974
CONN 4907 4839 4906 4908 4975
CONN 4908 4840 4907 4909 4976
CONN 4909 4841 4908 4910 4977
CONN 4910 4842 4909 4911 4978
CONN 4911 4843 4910 4912 4979
CONN 4912 4844 4911 4913 4980
CONN 4913 4845 4912 4914 4981
CONN 4914 4846 4913 4915 4982
CONN 4915 4847 4914 4916 4983
CONN 4916 4848 4915 4917 4984
CONN 4917 4849 4916 4918 4985
CONN 4918 4850 4917 4919 4986
CONN 4919 4851 4918 4920 4987
CONN 4920 4852 4919 4921 4988
CONN 4921 4853 4920 4922 4989
CONN 4922 4854 4921 4923 4990
CONN 4923 4855 4922 4924 4991
CONN 4924 4856 4923 4925 4992
CONN 4925 4857 4924 4926 4993
CONN 4926 4858 4925 4927 4994
CONN 4927 4859 4926 4928 4995
CONN 4928 4860 4927 4929 4996
CONN 4929 4861 4928 4930 4997
CONN 4930 4862 4929 4931 4998
CONN 4931 4863 4930 4932 4999
CONN 4932 4864 4931 4933 5000
CONN 4933 4865 4932 4934 5001
CONN 4934 4866 4933 4935 5002
CONN 4935 4867 4934 4936 5003
CONN 4936 4868 4935 4937 5004
CONN 4937 4869 4936 4938 5005
CONN 4938 4870 4937 4939 5006
CONN 4939 4871 4938 4940 5007
CONN 4940 4872 4939 4941 5008
CONN 4941 4873 4940 4942 5009
CONN 4942 4874 4941 4943 5010
CONN 4943 4875 4942 4944 5011
CONN 4944 4876 4943 4945 5012
CONN 4945 4877 4944 4946 5013
CONN 4946 4878 4945 4947 5014
CONN 4947 4879 4946 4948 5015
CONN 4948 4880 4947 4949 5016
CONN 4949 4881 4948 5017
CONN 4950 4882 4951 5018
CONN 4951 4883 4950 4952 5019
CONN 4952 4884 4951 4953 5020
CONN 4953 4885 4952 4954 5021
CONN 4954 4886 4953 4955 5022
CONN 4955 4887 4954 5023
CONN 4956 4888 4957 5024
CONN 4957 4889 4956 4958 5025
CONN 4958 4890 4957 4959 5026
CONN 4959 4891 4958 4960 5027
CONN 4960 4892 4959 4961 5028
CONN 4961 4893 4960 4962 5029
CONN 4962 4894 4961 4963 5030
CONN 4963 4895 4962 4964 5031
CONN 4964 4896 4963 4965 5032
CONN 4965 4897 4964 4966 5033
CONN 4966 4898 4965 4967 5034
CONN 4967 4899 4966 4968 5035
CONN 4968 4900 4967 4969 5036
CONN 4969 4901 4968 4970 5037
CONN 4970 4902 4969 4971 5038
CONN 4971 4903 4970 4972 5039
CONN 4972 4904 4971 4973 5040
CONN 4973 4905 4972 4974 5041
CONN 4974 4906 4973 4975 5042
CONN 4975 4907 4974 4976 5043
CONN 4976 4908 4975 4977 5044
CONN 4977 4909 4976 4978 5045
CONN 4978 4910 4977 4979 5046
CONN 4979 4911 4978 4980 5047
CONN 4980 4912 4979 4981 5048
CONN 4981 4913 4980 4982 5049
CONN 4982 4914 4981 4983 5050
CONN 4983 4915 4982 4984 5051
CONN 4984 4916 4983 4985 5052
CONN 4985 4917 4984 4986 5053
CONN 4986 4918 4985 4987 5054
CONN 4987 4919 4986 4988 5055
CONN 4988 4920 4987 4989 5056
CONN 4989 4921 4988 4990 5057
CONN 4990 4922 4989 4991 5058
CONN 4991 4923 4990 4992 5059
CONN 4992 4924 4991 4993 5060
CONN 4993 4925 4992 4994 5061
CONN 4994 4926 4993 4995 5062
CONN 4995 4927 4994 4996 5063
CONN 4996 4928 4995 4997 5064
CONN 4997 4929 4996 4998 5065
CONN 4998 4930 4997 4999 5066
CONN 4999 4931 4998 5000 5067
CONN 5000 4932 4999 5001 5068
CONN 5001 4933 5000 5002 5069
CONN 5002 4934 5001 5003 5070
CONN 5003 4935 5002 5004 5071
CONN 5004 4936 5003 5005 5072
CONN 5005 4937 5004 5006 5073
CONN 5006 4938 5005 5007 5074
CONN 5007 4939 5006 5008 5075
CONN 5008 4940 5007 5009 5076
CONN 5009 4941 5008 5010 5077
CONN 5010 4942 5009 5011 5078
CONN 5011 4943 5010 5012 5079
CONN 5012 4944 5011 5013 5080
CONN 5013 4945 5012 5014 5081
CONN 5014 4946 5013 5015 5082
CONN 5015 4947 5014 5016 5083
CONN 5016 4948 5015 5017 5084
CONN 5017 4949 5016 5085
CONN 5018 4950 5019 5086
CONN 5019 4951 5018 5020 5087
CONN 5020 4952 5019 5021 5088
CONN 5021 4953 5020 5022 5089
CONN 5022 4954 5021 5023 5090
CONN 5023 4955 5022 5091
CONN 5024 4956 5025 5092
CONN 5025 4957 5024 5026 5093
CONN 5026 4958 5025 5027 5094
CONN 5027 4959 5026 5028 5095
CONN 5028 4960 5027 5029 5096
CONN 5029 4961 5028 5030 5097
CONN 5030 4962 5029 5031 5098
CONN 5031 4963 5030 5032 5099
CONN 5032 4964 5031 5033 5100
CONN 5033 4965 5032 5034 5101
CONN 5034 4966 5033 5035 5102
CONN 5035 4967 5034 5036 5103
CONN 5036 4968 5035 5037 5104
CONN 5037 4969 5036 5038 5105
CONN 5038 4970 5037 5039 5106
CONN 5039 4971 5038 5040 5107
CONN 5040 4972 5039 5041 5108
CONN 5041 4973 5040 5042 5109
CONN 5042 4974 5041 5043 5110
CONN 5043 4975 5042 5044 5111
CONN 5044 4976 5043 5045 5112
CONN 5045 4977 5044 5046 5113
CONN 5046 4978 5045 5047 5114
CONN 5047 4979 5046 5048 5115
CONN 5048 4980 5047 5049 5116
CONN 5049 4981 5048 5050 5117
CONN 5050 4982 5049 5051 5118
CONN 5051 4983 5050 5052 5119
CONN 5052 4984 5051 5053 5120
CONN 5053 4985 5052 5054 5121
CONN 5054 4986 5053 5055 5122
CONN 5055 4987 5054 5056 5123
CONN 5056 4988 5055 5057 5124
CONN 5057 4989 5056 5058 5125
CONN 5058 4990 5057 5059 5126
CONN 5059 4991 5058 5060 5127
CONN 5060 4992 5059 5061 5128
CONN 5061 4993 5060 5062 5129
CONN 5062 4994 5061 5063 5130
CONN 5063 4995 5062 5064 5131
CONN 5064 4996 5063 5065 5132
CONN 5065 4997 5064 5066 5133
CONN 5066 4998 5065 5067 5134
CONN 5067 4999 5066 5068 5135
CONN 5068 5000 5067 5069 5136
CONN 5069 5001 5068 5070 5137
CONN 5070 5002 5069 5071 5138
CONN 5071 5003 5070 5072 5139
CONN 5072 5004 5071 5073 5140
CONN 5073 5005 5072 5074 5141
CONN 5074 5006 5073 5075 5142
CONN 5075 5007 5074 5076 5143
CONN 5076 5008 5075 5077 5144
CONN 5077 5009 5076 5078 5145
CONN 5078 5010 5077 5079 5146
CONN 5079 5011 5078 5080 5147
CONN 5080 5012 5079 5081 5148
CONN 5081 5013 5080 5082 5149
CONN 5082 5014 5081 5083 5150
CONN 5083 5015 5082 5084 5151
CONN 5084 5016 5083 5085 5152
CONN 5085 5017 5084 5153
CONN 5086 5018 5087 5154
CONN 5087 5019 5086 5088 5155
CONN 5088 5020 5087 5089 5156
CONN 5089 5021 5088 5090 5157
CONN 5090 5022 5089 5091 5158
CONN 5091 5023 5090 5159
CONN 5092 5024 5093 5160
CONN 5093 5025 5092 5094 5161
CONN 5094 5026 5093 5095 5162
CONN 5095 5027 5094 5096 5163
CONN 5096 5028 5095 5097 5164
CONN 5097 5029 5096 5098 5165
CONN 5098 5030 5097 5099 5166
CONN 5099 5031 5098 5100 5167
CONN 5100 5032 5099 5101 5168
CONN 5101 5033 5100 5102 5169
CONN 5102 5034 5101 5103 5170
CONN 5103 5035 5102 5104 5171
CONN 5104 5036 5103 5105 5172
CONN 5105 5037 5104 5106 5173
CONN 5106 5038 5105 5107 5174
CONN 5107 5039 5106 5108 5175
CONN 5108 5040 5107 5109 5176
CONN 5109 5041 5108 5110 5177
CONN 5110 5042 5109 5111 5178
CONN 5111 5043 5110 5112 5179
CONN 5112 5044 5111 5113 5180
CONN 5113 5045 5112 5114 5181
CONN 5114 5046 5113 5115 5182
CONN 5115 5047 5114 5116 5183
CONN 5116 5048 5115 5117 5184
CONN 5117 5049 5116 5118 5185
CONN 5118 5050 5117 5119 5186
CONN 5119 5051 5118 5120 5187
CONN 5120 5052 5119 5121 5188
CONN 5121 5053 5120 5122 5189
CONN 5122 5054 5121 5123 5190
CONN 5123 5055 5122 5124 5191
CONN 5124 5056 5123 5125 5192
CONN 5125 5057 5124 5126 5193
CONN 5126 5058 5125 5127 5194
CONN 5127 5059 5126 5128 5195
CONN 5128 5060 5127 5129 5196
CONN 5129 5061 5128 5130 5197
CONN 5130 5062 5129 5131 5198
CONN 5131 5063 5130 5132 5199
CONN 5132 5064 5131 5133 5200
CONN 5133 5065 5132 5134 5201
CONN 5134 5066 5133 5135 5202
CONN 5135 5067 5134 5136 5203
CONN 5136 5068 5135 5137 5204
CONN 5137 5069 5136 5138 5205
CONN 5138 5070 5137 5139 5206
CONN 5139 5071 5138 5140 5207
CONN 5140 5072 5139 5141 5208
CONN 5141 5073 5140 5142 5209
CONN 5142 5074 5141 5143 5210
CONN 5143 5075 5142 5144 5211
CONN 5144 5076 5143 5145 5212
CONN 5145 5077 5144 5146 5213
CONN 5146 5078 5145 5147 5214
CONN 5147 5079 5146 5148 5215
CONN 5148 5080 5147 5149 5216
CONN 5149 5081 5148 5150 5217
CONN 5150 5082 5149 5151 5218
CONN 5151 5083 5150 5152 5219
CONN 5152 5084 5151 5153 5220
CONN 5153 5085 5152 5221
CONN 5154 5086 5155 5222
CONN 5155 5087 5154 5156 5223
CONN 5156 5088 5155 5157 5224
CONN 5157 5089 5156 5158 5225
CONN 5158 5090 5157 5159 5226
CONN 5159 5091 5158 5227
CONN 5160 5092 5161 5228
CONN 5161 5093 5160 5162 5229
CONN 5162 5094 5161 5163 5230
CONN 5163 5095 5162 5164 5231
CONN 5164 5096 5163 5165 5232
CONN 5165 5097 5164 5166 5233
CONN 5166 5098 5165 5167 5234
CONN 5167 5099 5166 5168 5235
CONN 5168 5100 5167 5169 5236
CONN 5169 5101 5168 5170 5237
CONN 5170 5102 5169 5171 5238
CONN 5171 5103 5170 5172 5239
CONN 5172 5104 5171 5173 5240
CONN 5173 5105 5172 5174 5241
CONN 5174 5106 5173 5175 5242
CONN 5175 5107 5174 5176 5243
CONN 5176 5108 5175 5177 5244
CONN 5177 5109 5176 5178 5245
CONN 5178 5110 5177 5179 5246
CONN 5179 5111 5178 5180 5247
CONN 5180 5112 5179 5181 5248
CONN 5181 5113 5180 5182 5249
CONN 5182 5114 5181 5183 5250
CONN 5183 5115 5182 5184 5251
CONN 5184 5116 5183 5185 5252
CONN 5185 5117 5184 5186 5253
CONN 5186 5118 5185 5187 5254
CONN 5187 5119 5186 5188 5255
CONN 5188 5120 5187 5189 5256
CONN 5189 5121 5188 5190 5257
CONN 5190 5122 5189 5191 5258
CONN 5191 5123 5190 5192 5259
CONN 5192 5124 5191 5193 5260
CONN 5193 5125 5192 5194 5261
CONN 5194 5126 5193 5195 5262
CONN 5195 5127 5194 5196 5263
CONN 5196 5128 5195 5197 5264
CONN 5197 5129 5196 5198 5265
CONN 5198 5130 5197 5199 5266
CONN 5199 5131 5198 5200 5267
CONN 5200 5132 5199 5201 5268
CONN 5201 5133 5200 5202 5269
CONN 5202 5134 5201 5203 5270
CONN 5203 5135 5202 5204 5271
CONN 5204 5136 5203 5205 5272
CONN 5205 5137 5204 5206 5273
CONN 5206 5138 5205 5207 5274
CONN 5207 5139 5206 5208 5275
CONN 5208 5140 5207 5209 5276
CONN 5209 5141 5208 5210 5277
CONN 5210 5142 5209 5211 5278
CONN 5211 5143 5210 5212 5279
CONN 5212 5144 5211 5213 5280
CONN 5213 5145 5212 5214 5281
CONN 5214 5146 5213 5215 5282
CONN 5215 5147 5214 5216 5283
CONN 5216 5148 5215 5217 5284
CONN 5217 5149 5216 5218 5285
CONN 5218 5150 5217 5219 5286
CONN 5219 5151 5218 5220 5287
CONN 5220 5152 5219 5221 5288
CONN 5221 5153 5220 5289
CONN 5222 5154 5223 5290
CONN 5223 5155 5222 5224 5291
CONN 5224 5156 5223 5225 5292
CONN 5225 5157 5224 5226 5293
CONN 5226 5158 5225 5227 5294
CONN 5227 5159 5226 5295
CONN 5228 5160 5229 5296
CONN 5229 5161 5228 5230 5297
CONN 5230 5162 5229 5231 5298
CONN 5231 5163 5230 5232 5299
CONN 5232 5164 5231 5233 5300
CONN 5233 5165 5232 5234 5301
CONN 5234 5166 5233 5235 5302
CONN 5235 5167 5234 5236 5303
CONN 5236 5168 5235 5237 5304
CONN 5237 5169 5236 5238 5305
CONN 5238 5170 5237 5239 5306
CONN 5239 5171 5238 5240 5307
CONN 5240 5172 5239 5241 5308
CONN 5241 5173 5240 5242 5309
CONN 5242 5174 5241 5243 5310
CONN 5243 5175 5242 5244 5311
CONN 5244 5176 5243 5245 5312
CONN 5245 5177 5244 5246 5313
CONN 5246 5178 5245 5247 5314
CONN 5247 5179 5246 5248 5315
CONN 5248 5180 5247 5249 5316
CONN 5249 5181 5248 5250 5317
CONN 5250 5182 5249 5251 5318
CONN 5251 5183 5250 5252 5319
CONN 5252 5184 5251 5253 5320
CONN 5253 5185 5252 5254 5321
CONN 5254 5186 5253 5255 5322
CONN 5255 5187 5254 5256 5323
CONN 5256 5188 5255 5257 5324
CONN 5257 5189 5256 5258 5325
CONN 5258 5190 5257 5259 5326
CONN 5259 5191 5258 5260 5327
CONN 5260 5192 5259 5261 5328
CONN 5261 5193 5260 5262 5329
CONN 5262 5194 5261 5263 5330
CONN 5263 5195 5262 5264 5331
CONN 5264 5196 5263 5265 5332
CONN 5265 5197 5264 5266 5333
CONN 5266 5198 5265 5267 5334
CONN 5267 5199 5266 5268 5335
CONN 5268 5200 5267 5269 5336
CONN 5269 5201 5268 5270 5337
CONN 5270 5202 5269 5271 5338
CONN 5271 5203 5270 5272 5339
CONN 5272 5204 5271 5273 5340
CONN 5273 5205 5272 5274 5341
CONN 5274 5206 5273 5275 5342
CONN 5275 5207 5274 5276 5343
CONN 5276 5208 5275 5277 5344
CONN 5277 5209 5276 5278 5345
CONN 5278 5210 5277 5279 5346
CONN 5279 5211 5278 5280 5347
CONN 5280 5212 5279 5281 5348
CONN 5281 5213 5280 5282 5349
CONN 5282 5214 5281 5283 5350
CONN 5283 5215 5282 5284 5351
CONN 5284 5216 5283 5285 5352
CONN 5285 5217 5284 5286 5353
CONN 5286 5218 5285 5287 5354
CONN 5287 5219 5286 5288 5355
CONN 5288 5220 5287 5289 5356
CONN 5289 5221 5288 5357
CONN 5290 5222 5291
CONN 5291 5223 5290 5292
CONN 5292 5224 5291 5293
CONN 5293 5225 5292 5294
CONN 5294 5226 5293 5295
CONN 5295 5227 5294
CONN 5296 5228 5297
CONN 5297 5229 5296 5298
CONN 5298 5230 5297 5299
CONN 5299 5231 5298 5300
CONN 5300 5232 5299 5301
CONN 5301 5233 5300 5302
CONN 5302 5234 5301 5303
CONN 5303 5235 5302 5304
CONN 5304 5236 5303 5305
CONN 5305 5237 5304 5306
CONN 5306 5238 5305 5307
CONN 5307 5239 5306 5308
CONN 5308 5240 5307 5309
CONN 5309 5241 5308 5310
CONN 5310 5242 5309 5311
CONN 5311 5243 5310 5312
CONN 5312 5244 5311 5313
CONN 5313 5245 5312 5314
CONN 5314 5246 5313 5315
CONN 5315 5247 5314 5316
CONN 5316 5248 5315 5317
CONN 5317 5249 5316 5318
CONN 5318 5250 5317 5319
CONN 5319 5251 5318 5320
CONN 5320 5252 5319 5321
CONN 5321 5253 5320 5322
CONN 5322 5254 5321 5323
CONN 5323 5255 5322 5324
CONN 5324 5256 5323 5325
CONN 5325 5257 5324 5326
CONN 5326 5258 5325 5327
CONN 5327 5259 5326 5328
CONN 5328 5260 5327 5329
CONN 5329 5261 5328 5330
CONN 5330 5262 5329 5331
CONN 5331 5263 5330 5332
CONN 5332 5264 5331 5333
CONN 5333 5265 5332 5334
CONN 5334 5266 5333 5335
CONN 5335 5267 5334 5336
CONN 5336 5268 5335 5337
CONN 5337 5269 5336 5338
CONN 5338 5270 5337 5339
CONN 5339 5271 5338 5340
CONN 5340 5272 5339 5341
CONN 5341 5273 5340 5342
CONN 5342 5274 5341 5343
CONN 5343 5275 5342 5344
CONN 5344 5276 5343 5345
CONN 5345 5277 5344 5346
CONN 5346 5278 5345 5347
CONN 5347 5279 5346 5348
CONN 5348 5280 5347 5349
CONN 5349 5281 5348 5350
CONN 5350 5282 5349 5351
CONN 5351 5283 5350 5352
CONN 5352 5284 5351 5353
CONN 5353 5285 5352 5354
CONN 5354 5286 5353 5355
CONN 5355 5287 5354 5356
CONN 5356 5288 5355 5357
CONN 5357 5289 5356
END
